Fecha_Hora,Conductividad_uS_cm,pH,Temp_Agua_C,Temp_Ambiente_C,Nivel_Agua_m
2026-06-01 00:00:00,367.5,7.57,15.6,16.1,1.21
2026-06-01 00:01:00,357.9,7.26,15.7,16.6,1.18
2026-06-01 00:02:00,369.7,7.42,15.8,16.5,1.22
2026-06-01 00:03:00,382.8,7.55,15.8,17.0,1.21
2026-06-01 00:04:00,356.5,7.45,15.8,16.9,1.19
2026-06-01 00:05:00,356.5,7.41,15.6,16.5,1.18
2026-06-01 00:06:00,383.7,7.29,15.8,16.2,1.19
2026-06-01 00:07:00,371.5,7.25,15.8,17.0,1.18
2026-06-01 00:08:00,353.0,7.47,15.6,16.6,1.2
2026-06-01 00:09:00,368.1,7.54,15.4,15.9,1.2
2026-06-01 00:10:00,353.0,7.35,15.5,16.0,1.21
2026-06-01 00:11:00,353.0,7.28,16.0,16.7,1.25
2026-06-01 00:12:00,363.6,7.14,15.3,16.0,1.2
2026-06-01 00:13:00,331.3,7.29,15.9,17.3,1.23
2026-06-01 00:14:00,334.1,7.38,15.3,16.2,1.21
2026-06-01 00:15:00,351.6,7.55,15.5,16.5,1.19
2026-06-01 00:16:00,344.8,7.46,15.6,16.6,1.2
2026-06-01 00:17:00,364.7,7.42,16.0,16.2,1.2
2026-06-01 00:18:00,346.4,7.35,15.7,15.6,1.21
2026-06-01 00:19:00,338.8,7.33,15.6,16.6,1.17
2026-06-01 00:20:00,382.0,7.53,15.5,16.2,1.16
2026-06-01 00:21:00,356.6,7.41,15.7,16.5,1.22
2026-06-01 00:22:00,361.0,7.18,15.5,16.4,1.23
2026-06-01 00:23:00,338.6,7.32,15.6,16.5,1.22
2026-06-01 00:24:00,351.8,7.3,15.5,17.1,1.2
2026-06-01 00:25:00,361.7,7.34,15.8,16.2,1.22
2026-06-01 00:26:00,342.7,7.45,15.8,16.2,1.22
2026-06-01 00:27:00,365.6,7.38,15.4,15.7,1.22
2026-06-01 00:28:00,351.0,7.38,15.5,16.3,1.17
2026-06-01 00:29:00,355.6,7.52,15.4,16.6,1.17
2026-06-01 00:30:00,351.0,7.32,15.6,16.2,1.19
2026-06-01 00:31:00,387.8,7.58,15.8,16.5,1.2
2026-06-01 00:32:00,359.8,7.32,15.6,16.3,1.19
2026-06-01 00:33:00,344.1,7.4,15.1,15.8,1.14
2026-06-01 00:34:00,372.3,7.36,15.7,16.5,1.25
2026-06-01 00:35:00,341.7,7.4,15.3,16.3,1.19
2026-06-01 00:36:00,363.1,7.43,15.4,16.4,1.21
2026-06-01 00:37:00,330.6,7.43,15.6,16.1,1.24
2026-06-01 00:38:00,340.1,7.31,15.5,16.1,1.13
2026-06-01 00:39:00,363.0,7.28,15.7,16.4,1.18
2026-06-01 00:40:00,371.1,7.64,15.4,16.2,1.19
2026-06-01 00:41:00,362.6,7.34,15.3,17.0,1.19
2026-06-01 00:42:00,358.3,7.46,15.5,16.6,1.19
2026-06-01 00:43:00,355.5,7.23,15.7,16.5,1.24
2026-06-01 00:44:00,337.8,7.36,15.6,16.2,1.22
2026-06-01 00:45:00,349.2,7.38,15.5,15.5,1.23
2026-06-01 00:46:00,353.1,7.44,15.8,15.9,1.2
2026-06-01 00:47:00,375.9,7.12,15.7,16.0,1.16
2026-06-01 00:48:00,365.2,7.41,15.7,16.1,1.14
2026-06-01 00:49:00,333.6,7.28,15.3,16.2,1.15
2026-06-01 00:50:00,364.9,7.42,15.6,16.5,1.21
2026-06-01 00:51:00,354.2,7.29,15.4,16.3,1.2
2026-06-01 00:52:00,349.8,7.3,15.4,16.7,1.19
2026-06-01 00:53:00,369.2,7.36,15.3,16.1,1.19
2026-06-01 00:54:00,375.5,7.28,15.4,16.3,1.26
2026-06-01 00:55:00,374.0,7.34,15.3,16.3,1.18
2026-06-01 00:56:00,347.4,7.27,15.5,16.3,1.23
2026-06-01 00:57:00,355.4,7.21,15.4,16.7,1.2
2026-06-01 00:58:00,365.0,7.49,15.5,16.5,1.2
2026-06-01 00:59:00,374.6,7.26,15.6,15.6,1.24
2026-06-01 01:00:00,352.8,7.37,15.4,16.1,1.24
2026-06-01 01:01:00,357.2,7.47,15.3,16.2,1.19
2026-06-01 01:02:00,343.4,7.33,15.0,17.0,1.22
2026-06-01 01:03:00,342.1,7.31,15.6,16.0,1.21
2026-06-01 01:04:00,372.2,7.41,15.4,15.8,1.2
2026-06-01 01:05:00,380.3,7.5,15.4,16.3,1.21
2026-06-01 01:06:00,358.9,7.27,15.6,16.3,1.18
2026-06-01 01:07:00,375.1,7.37,15.1,16.1,1.19
2026-06-01 01:08:00,365.4,7.22,15.4,16.0,1.18
2026-06-01 01:09:00,350.3,7.35,15.2,16.5,1.23
2026-06-01 01:10:00,365.4,7.39,15.5,15.8,1.2
2026-06-01 01:11:00,383.1,7.3,14.9,16.0,1.16
2026-06-01 01:12:00,359.5,7.34,15.5,15.9,1.18
2026-06-01 01:13:00,383.5,7.25,15.5,16.5,1.1
2026-06-01 01:14:00,320.7,7.4,15.2,16.2,1.19
2026-06-01 01:15:00,372.3,7.5,15.4,15.7,1.2
2026-06-01 01:16:00,361.3,7.28,15.2,15.7,1.2
2026-06-01 01:17:00,355.5,7.33,15.4,16.8,1.26
2026-06-01 01:18:00,361.4,7.44,15.5,16.5,1.22
2026-06-01 01:19:00,330.2,7.51,15.2,16.4,1.22
2026-06-01 01:20:00,356.7,7.24,15.1,16.1,1.15
2026-06-01 01:21:00,365.4,7.37,15.6,16.7,1.19
2026-06-01 01:22:00,382.2,7.42,15.7,15.6,1.19
2026-06-01 01:23:00,352.2,7.38,15.4,16.4,1.18
2026-06-01 01:24:00,347.9,7.14,15.4,15.9,1.18
2026-06-01 01:25:00,352.5,7.44,15.3,16.0,1.15
2026-06-01 01:26:00,373.7,7.54,15.4,16.3,1.16
2026-06-01 01:27:00,364.9,7.4,15.4,16.0,1.23
2026-06-01 01:28:00,352.1,7.29,15.3,15.9,1.2
2026-06-01 01:29:00,367.7,7.34,15.6,15.8,1.18
2026-06-01 01:30:00,361.5,7.57,15.3,15.2,1.2
2026-06-01 01:31:00,374.5,7.48,15.4,16.3,1.24
2026-06-01 01:32:00,349.5,7.45,15.3,15.6,1.2
2026-06-01 01:33:00,355.1,7.43,15.3,16.8,1.22
2026-06-01 01:34:00,354.1,7.32,15.5,15.9,1.17
2026-06-01 01:35:00,338.0,7.37,15.3,16.6,1.18
2026-06-01 01:36:00,364.4,7.38,15.3,15.3,1.21
2026-06-01 01:37:00,363.9,7.44,15.3,16.3,1.26
2026-06-01 01:38:00,360.1,7.54,15.2,16.4,1.24
2026-06-01 01:39:00,356.5,7.5,15.0,16.5,1.22
2026-06-01 01:40:00,338.8,7.25,15.6,15.4,1.2
2026-06-01 01:41:00,353.7,7.41,15.5,15.7,1.24
2026-06-01 01:42:00,354.9,7.46,15.5,16.2,1.22
2026-06-01 01:43:00,348.0,7.45,15.0,16.1,1.13
2026-06-01 01:44:00,357.6,7.33,15.5,16.1,1.17
2026-06-01 01:45:00,366.1,7.68,15.6,15.9,1.21
2026-06-01 01:46:00,388.3,7.26,15.5,16.6,1.15
2026-06-01 01:47:00,362.6,7.28,15.6,17.1,1.17
2026-06-01 01:48:00,363.9,7.41,15.4,16.0,1.18
2026-06-01 01:49:00,358.9,7.6,15.1,16.2,1.19
2026-06-01 01:50:00,331.2,7.31,15.3,16.0,1.19
2026-06-01 01:51:00,359.6,7.36,15.0,16.5,1.19
2026-06-01 01:52:00,360.9,7.5,15.1,16.3,1.22
2026-06-01 01:53:00,396.9,7.39,15.3,15.6,1.19
2026-06-01 01:54:00,357.1,7.36,15.3,15.8,1.19
2026-06-01 01:55:00,364.5,7.45,15.3,15.6,1.16
2026-06-01 01:56:00,359.5,7.42,14.9,17.1,1.23
2026-06-01 01:57:00,342.5,7.49,15.2,16.3,1.18
2026-06-01 01:58:00,377.1,7.52,15.3,15.8,1.17
2026-06-01 01:59:00,371.3,7.42,15.4,15.7,1.21
2026-06-01 02:00:00,371.9,7.42,15.4,16.3,1.18
2026-06-01 02:01:00,346.4,7.41,15.2,16.4,1.18
2026-06-01 02:02:00,381.0,7.44,15.1,16.3,1.21
2026-06-01 02:03:00,339.0,7.4,15.3,15.8,1.19
2026-06-01 02:04:00,368.8,7.39,15.1,16.1,1.27
2026-06-01 02:05:00,392.9,7.51,15.4,16.0,1.2
2026-06-01 02:06:00,345.1,7.54,15.3,15.6,1.22
2026-06-01 02:07:00,351.5,7.24,15.2,15.6,1.14
2026-06-01 02:08:00,361.5,7.39,15.0,16.2,1.17
2026-06-01 02:09:00,352.4,7.32,15.4,16.1,1.17
2026-06-01 02:10:00,336.7,7.36,15.3,16.2,1.17
2026-06-01 02:11:00,361.0,7.43,15.6,16.3,1.21
2026-06-01 02:12:00,344.1,7.46,15.3,16.6,1.23
2026-06-01 02:13:00,367.1,7.38,15.3,15.7,1.21
2026-06-01 02:14:00,346.2,7.2,14.9,16.3,1.19
2026-06-01 02:15:00,383.2,7.29,15.2,16.3,1.18
2026-06-01 02:16:00,348.3,7.48,15.1,15.9,1.23
2026-06-01 02:17:00,355.2,7.12,15.3,16.1,1.26
2026-06-01 02:18:00,372.2,7.51,15.2,15.9,1.2
2026-06-01 02:19:00,341.5,7.44,15.3,16.9,1.23
2026-06-01 02:20:00,363.4,7.52,15.6,16.1,1.21
2026-06-01 02:21:00,379.6,7.37,15.0,16.2,1.22
2026-06-01 02:22:00,335.9,7.18,15.3,15.9,1.17
2026-06-01 02:23:00,362.8,7.43,15.3,15.8,1.19
2026-06-01 02:24:00,363.9,7.52,15.5,15.5,1.21
2026-06-01 02:25:00,371.7,7.48,15.3,16.5,1.24
2026-06-01 02:26:00,341.4,7.32,15.2,16.3,1.18
2026-06-01 02:27:00,340.2,7.4,15.3,15.9,1.14
2026-06-01 02:28:00,367.8,7.34,15.3,15.7,1.19
2026-06-01 02:29:00,364.5,7.31,15.4,16.1,1.23
2026-06-01 02:30:00,363.8,7.49,15.0,15.8,1.15
2026-06-01 02:31:00,365.2,7.27,15.0,16.0,1.16
2026-06-01 02:32:00,349.8,7.3,15.5,15.5,1.2
2026-06-01 02:33:00,363.5,7.28,14.7,16.1,1.2
2026-06-01 02:34:00,364.4,7.24,15.1,16.1,1.22
2026-06-01 02:35:00,349.3,7.4,15.1,16.5,1.16
2026-06-01 02:36:00,388.0,7.51,15.1,16.0,1.19
2026-06-01 02:37:00,367.1,7.37,15.4,15.9,1.24
2026-06-01 02:38:00,342.1,7.24,15.2,15.4,1.16
2026-06-01 02:39:00,369.8,7.47,15.0,16.5,1.24
2026-06-01 02:40:00,345.4,7.56,15.0,16.4,1.17
2026-06-01 02:41:00,371.8,7.33,15.1,16.1,1.23
2026-06-01 02:42:00,377.4,7.34,15.3,15.6,1.19
2026-06-01 02:43:00,347.7,7.44,15.1,15.6,1.17
2026-06-01 02:44:00,374.5,7.55,15.1,15.9,1.19
2026-06-01 02:45:00,366.2,7.34,14.9,16.5,1.22
2026-06-01 02:46:00,372.3,7.26,15.2,16.2,1.2
2026-06-01 02:47:00,388.5,7.45,15.1,15.5,1.23
2026-06-01 02:48:00,356.3,7.47,14.9,16.3,1.24
2026-06-01 02:49:00,348.7,7.39,15.3,15.8,1.16
2026-06-01 02:50:00,346.7,7.33,15.4,15.9,1.16
2026-06-01 02:51:00,347.8,7.49,15.1,16.5,1.16
2026-06-01 02:52:00,358.8,7.44,15.1,16.4,1.17
2026-06-01 02:53:00,365.1,7.31,14.8,16.6,1.23
2026-06-01 02:54:00,364.2,7.39,15.2,16.1,1.22
2026-06-01 02:55:00,372.4,7.25,15.2,16.5,1.18
2026-06-01 02:56:00,360.2,7.46,15.0,15.9,1.2
2026-06-01 02:57:00,381.8,7.36,14.9,16.1,1.24
2026-06-01 02:58:00,356.0,7.35,15.4,16.0,1.26
2026-06-01 02:59:00,400.8,7.39,15.1,16.2,1.21
2026-06-01 03:00:00,369.4,7.39,14.9,15.7,1.12
2026-06-01 03:01:00,347.1,7.48,15.2,16.1,1.21
2026-06-01 03:02:00,343.9,7.45,15.1,16.8,1.23
2026-06-01 03:03:00,367.2,7.37,15.1,15.8,1.21
2026-06-01 03:04:00,356.6,7.47,15.2,15.7,1.22
2026-06-01 03:05:00,370.7,7.43,14.5,15.7,1.21
2026-06-01 03:06:00,367.1,7.35,14.7,17.3,1.16
2026-06-01 03:07:00,358.9,7.38,15.3,16.4,1.17
2026-06-01 03:08:00,347.3,7.38,15.0,16.1,1.19
2026-06-01 03:09:00,337.3,7.44,15.0,16.3,1.23
2026-06-01 03:10:00,353.3,7.35,14.8,16.3,1.18
2026-06-01 03:11:00,372.8,7.35,15.1,16.0,1.21
2026-06-01 03:12:00,363.2,7.59,15.1,16.0,1.21
2026-06-01 03:13:00,341.3,7.48,15.3,16.2,1.25
2026-06-01 03:14:00,362.6,7.31,15.1,16.0,1.2
2026-06-01 03:15:00,365.8,7.45,15.0,16.1,1.15
2026-06-01 03:16:00,346.7,7.4,15.1,16.4,1.22
2026-06-01 03:17:00,362.3,7.43,15.2,15.9,1.26
2026-06-01 03:18:00,360.9,7.4,15.2,17.3,1.22
2026-06-01 03:19:00,342.9,7.51,15.1,16.6,1.18
2026-06-01 03:20:00,365.4,7.42,15.1,15.8,1.17
2026-06-01 03:21:00,368.4,7.38,14.9,15.3,1.17
2026-06-01 03:22:00,376.2,7.49,14.8,16.0,1.26
2026-06-01 03:23:00,375.8,7.41,14.8,16.6,1.19
2026-06-01 03:24:00,339.3,7.4,15.1,16.5,1.18
2026-06-01 03:25:00,345.9,7.42,15.1,16.3,1.2
2026-06-01 03:26:00,367.7,7.38,15.2,16.1,1.19
2026-06-01 03:27:00,367.7,7.39,15.1,16.0,1.25
2026-06-01 03:28:00,367.7,7.33,15.2,16.2,1.17
2026-06-01 03:29:00,417.8,7.31,15.0,16.0,1.24
2026-06-01 03:30:00,368.6,7.29,15.2,16.2,1.2
2026-06-01 03:31:00,377.0,7.25,14.8,16.9,1.24
2026-06-01 03:32:00,374.3,7.3,15.0,16.1,1.25
2026-06-01 03:33:00,369.8,7.37,14.6,16.7,1.2
2026-06-01 03:34:00,355.3,7.4,15.0,16.7,1.19
2026-06-01 03:35:00,371.4,7.36,15.3,16.0,1.2
2026-06-01 03:36:00,348.4,7.15,15.0,16.1,1.2
2026-06-01 03:37:00,356.4,7.55,15.2,16.9,1.15
2026-06-01 03:38:00,352.7,7.5,15.1,16.1,1.25
2026-06-01 03:39:00,361.2,7.43,14.9,16.4,1.21
2026-06-01 03:40:00,394.7,7.58,15.0,17.3,1.17
2026-06-01 03:41:00,332.0,7.29,15.2,16.9,1.14
2026-06-01 03:42:00,370.3,7.58,15.1,16.5,1.13
2026-06-01 03:43:00,335.8,7.29,14.9,16.8,1.22
2026-06-01 03:44:00,352.9,7.41,14.7,16.5,1.18
2026-06-01 03:45:00,376.3,7.26,15.0,16.9,1.19
2026-06-01 03:46:00,361.0,7.39,14.9,15.7,1.21
2026-06-01 03:47:00,343.8,7.43,15.0,16.5,1.18
2026-06-01 03:48:00,349.3,7.37,14.7,15.7,1.22
2026-06-01 03:49:00,370.2,7.46,15.2,16.6,1.2
2026-06-01 03:50:00,349.0,7.4,15.0,16.5,1.2
2026-06-01 03:51:00,363.2,7.34,15.0,17.1,1.15
2026-06-01 03:52:00,360.7,7.33,14.8,16.9,1.18
2026-06-01 03:53:00,350.2,7.47,14.9,16.4,1.22
2026-06-01 03:54:00,392.2,7.32,15.0,16.4,1.18
2026-06-01 03:55:00,369.5,7.48,14.9,16.8,1.24
2026-06-01 03:56:00,329.6,7.51,15.0,16.4,1.27
2026-06-01 03:57:00,362.8,7.22,15.3,16.6,1.22
2026-06-01 03:58:00,350.1,7.5,14.7,17.2,1.24
2026-06-01 03:59:00,372.8,7.6,15.0,16.3,1.22
2026-06-01 04:00:00,348.1,7.42,14.8,16.5,1.18
2026-06-01 04:01:00,358.3,7.45,15.3,16.6,1.21
2026-06-01 04:02:00,367.6,7.49,15.0,18.0,1.26
2026-06-01 04:03:00,373.0,7.36,14.8,16.9,1.18
2026-06-01 04:04:00,342.0,7.41,15.0,17.2,1.17
2026-06-01 04:05:00,355.0,7.26,15.1,17.0,1.17
2026-06-01 04:06:00,352.9,7.4,15.6,17.1,1.19
2026-06-01 04:07:00,350.2,7.44,14.6,16.9,1.17
2026-06-01 04:08:00,386.5,7.44,14.8,16.9,1.25
2026-06-01 04:09:00,366.1,7.5,15.3,16.2,1.21
2026-06-01 04:10:00,341.1,7.31,14.7,16.9,1.23
2026-06-01 04:11:00,373.8,7.34,15.0,16.8,1.19
2026-06-01 04:12:00,391.8,7.58,14.9,17.0,1.17
2026-06-01 04:13:00,375.5,7.37,14.9,16.8,1.16
2026-06-01 04:14:00,337.2,7.41,15.0,17.1,1.17
2026-06-01 04:15:00,352.7,7.38,14.9,17.2,1.21
2026-06-01 04:16:00,379.0,7.31,15.2,15.7,1.22
2026-06-01 04:17:00,349.4,7.55,15.3,16.7,1.22
2026-06-01 04:18:00,366.7,7.34,15.1,16.1,1.16
2026-06-01 04:19:00,371.6,7.28,15.0,17.0,1.2
2026-06-01 04:20:00,346.1,7.34,15.1,16.8,1.17
2026-06-01 04:21:00,359.1,7.19,15.2,17.5,1.21
2026-06-01 04:22:00,311.4,7.32,15.2,17.0,1.21
2026-06-01 04:23:00,344.6,7.29,15.1,16.7,1.16
2026-06-01 04:24:00,356.2,7.45,15.3,17.3,1.23
2026-06-01 04:25:00,341.3,7.32,14.9,16.8,1.27
2026-06-01 04:26:00,384.5,7.48,15.2,16.8,1.23
2026-06-01 04:27:00,338.5,7.53,15.2,17.2,1.2
2026-06-01 04:28:00,353.4,7.47,14.9,17.7,1.19
2026-06-01 04:29:00,362.0,7.37,15.1,17.4,1.19
2026-06-01 04:30:00,381.6,7.4,15.1,17.3,1.18
2026-06-01 04:31:00,338.5,7.24,15.0,18.1,1.21
2026-06-01 04:32:00,377.4,7.38,15.0,16.8,1.17
2026-06-01 04:33:00,360.2,7.3,14.7,16.8,1.14
2026-06-01 04:34:00,345.3,7.46,14.9,17.1,1.21
2026-06-01 04:35:00,366.9,7.65,15.0,17.7,1.2
2026-06-01 04:36:00,363.0,7.44,14.9,16.7,1.18
2026-06-01 04:37:00,351.0,7.19,14.8,17.8,1.16
2026-06-01 04:38:00,361.0,7.35,15.2,16.6,1.21
2026-06-01 04:39:00,354.2,7.4,15.0,17.1,1.17
2026-06-01 04:40:00,361.7,7.4,15.5,17.2,1.2
2026-06-01 04:41:00,369.9,7.32,15.1,16.8,1.25
2026-06-01 04:42:00,383.8,7.41,15.2,16.9,1.22
2026-06-01 04:43:00,341.4,7.27,15.0,17.5,1.16
2026-06-01 04:44:00,392.0,7.3,14.9,17.8,1.16
2026-06-01 04:45:00,330.7,7.45,15.1,16.4,1.2
2026-06-01 04:46:00,357.7,7.29,15.3,17.3,1.16
2026-06-01 04:47:00,368.8,7.44,15.0,17.2,1.14
2026-06-01 04:48:00,364.2,7.25,15.1,17.3,1.22
2026-06-01 04:49:00,350.7,7.57,15.1,17.2,1.21
2026-06-01 04:50:00,356.9,7.31,15.0,16.8,1.21
2026-06-01 04:51:00,352.6,7.37,15.0,17.9,1.21
2026-06-01 04:52:00,351.2,7.42,14.8,17.8,1.2
2026-06-01 04:53:00,372.7,7.33,15.0,17.3,1.18
2026-06-01 04:54:00,365.4,7.4,15.2,17.2,1.22
2026-06-01 04:55:00,349.6,7.45,15.1,17.1,1.25
2026-06-01 04:56:00,373.5,7.49,15.1,16.4,1.18
2026-06-01 04:57:00,364.6,7.47,15.2,17.6,1.17
2026-06-01 04:58:00,372.2,7.37,15.1,17.7,1.17
2026-06-01 04:59:00,369.4,7.38,15.1,17.5,1.17
2026-06-01 05:00:00,347.6,7.62,15.2,17.4,1.21
2026-06-01 05:01:00,351.6,7.48,15.1,17.5,1.14
2026-06-01 05:02:00,371.2,7.3,15.0,17.2,1.21
2026-06-01 05:03:00,369.2,7.4,15.1,17.3,1.22
2026-06-01 05:04:00,359.7,7.36,15.1,17.5,1.15
2026-06-01 05:05:00,361.8,7.38,15.0,17.8,1.17
2026-06-01 05:06:00,379.2,7.27,15.1,18.1,1.2
2026-06-01 05:07:00,351.1,7.35,15.1,17.5,1.2
2026-06-01 05:08:00,368.2,7.57,14.8,17.2,1.22
2026-06-01 05:09:00,357.0,7.45,15.1,17.6,1.2
2026-06-01 05:10:00,356.7,7.14,15.4,18.4,1.24
2026-06-01 05:11:00,376.5,7.51,14.9,17.3,1.19
2026-06-01 05:12:00,372.4,7.5,15.0,18.0,1.17
2026-06-01 05:13:00,372.2,7.35,15.6,18.2,1.17
2026-06-01 05:14:00,379.6,7.46,14.9,17.5,1.22
2026-06-01 05:15:00,360.3,7.3,15.3,17.4,1.2
2026-06-01 05:16:00,370.2,7.34,15.0,17.9,1.22
2026-06-01 05:17:00,355.3,7.54,15.1,17.9,1.22
2026-06-01 05:18:00,364.9,7.36,15.1,18.0,1.14
2026-06-01 05:19:00,358.0,7.2,15.2,18.6,1.17
2026-06-01 05:20:00,361.5,7.38,14.8,17.9,1.17
2026-06-01 05:21:00,368.9,7.38,15.1,17.3,1.18
2026-06-01 05:22:00,347.7,7.51,15.0,17.8,1.19
2026-06-01 05:23:00,391.4,7.39,14.7,17.9,1.23
2026-06-01 05:24:00,344.9,7.35,15.3,18.4,1.24
2026-06-01 05:25:00,341.8,7.49,14.7,17.8,1.19
2026-06-01 05:26:00,377.4,7.4,15.5,17.7,1.19
2026-06-01 05:27:00,371.9,7.31,15.2,17.4,1.18
2026-06-01 05:28:00,369.4,7.51,14.8,18.1,1.2
2026-06-01 05:29:00,369.4,7.41,15.4,19.3,1.21
2026-06-01 05:30:00,359.8,7.39,15.0,17.9,1.22
2026-06-01 05:31:00,346.5,7.41,15.0,18.2,1.22
2026-06-01 05:32:00,361.1,7.28,14.8,17.8,1.13
2026-06-01 05:33:00,349.8,7.34,14.9,17.5,1.2
2026-06-01 05:34:00,374.6,7.39,15.0,18.2,1.24
2026-06-01 05:35:00,357.8,7.37,15.3,18.1,1.19
2026-06-01 05:36:00,347.6,7.52,15.4,17.1,1.23
2026-06-01 05:37:00,355.2,7.41,14.9,18.7,1.19
2026-06-01 05:38:00,366.2,7.48,15.2,18.3,1.21
2026-06-01 05:39:00,351.5,7.39,14.8,18.1,1.17
2026-06-01 05:40:00,347.7,7.5,15.2,18.0,1.17
2026-06-01 05:41:00,363.7,7.43,15.6,18.3,1.22
2026-06-01 05:42:00,363.7,7.39,14.8,18.3,1.23
2026-06-01 05:43:00,352.4,7.39,14.9,18.3,1.2
2026-06-01 05:44:00,352.9,7.29,15.3,18.6,1.16
2026-06-01 05:45:00,363.5,7.44,15.3,18.7,1.2
2026-06-01 05:46:00,338.3,7.39,15.0,19.0,1.24
2026-06-01 05:47:00,338.9,7.34,15.5,17.9,1.25
2026-06-01 05:48:00,349.2,7.5,15.0,18.0,1.19
2026-06-01 05:49:00,356.8,7.26,15.5,18.4,1.15
2026-06-01 05:50:00,364.7,7.35,15.3,18.0,1.23
2026-06-01 05:51:00,382.1,7.49,15.4,18.1,1.19
2026-06-01 05:52:00,372.9,7.42,15.2,18.5,1.23
2026-06-01 05:53:00,357.6,7.39,15.3,18.7,1.21
2026-06-01 05:54:00,359.7,7.42,15.3,18.9,1.17
2026-06-01 05:55:00,345.0,7.41,15.4,18.3,1.2
2026-06-01 05:56:00,359.7,7.24,15.2,18.6,1.24
2026-06-01 05:57:00,355.7,7.36,15.0,18.5,1.2
2026-06-01 05:58:00,364.8,7.55,15.2,18.5,1.17
2026-06-01 05:59:00,347.6,7.32,15.1,18.2,1.15
2026-06-01 06:00:00,367.8,7.36,15.1,18.1,1.18
2026-06-01 06:01:00,383.0,7.34,15.5,18.8,1.19
2026-06-01 06:02:00,358.4,7.38,15.3,18.2,1.22
2026-06-01 06:03:00,366.0,7.33,15.3,17.8,1.17
2026-06-01 06:04:00,370.4,7.44,15.4,18.6,1.25
2026-06-01 06:05:00,354.0,7.41,15.3,19.2,1.16
2026-06-01 06:06:00,363.4,7.47,15.6,17.5,1.27
2026-06-01 06:07:00,360.2,7.28,14.8,18.5,1.25
2026-06-01 06:08:00,361.5,7.36,15.0,18.9,1.2
2026-06-01 06:09:00,348.4,7.37,15.1,17.9,1.15
2026-06-01 06:10:00,360.4,7.44,15.0,18.6,1.2
2026-06-01 06:11:00,367.5,7.31,15.3,18.3,1.19
2026-06-01 06:12:00,381.8,7.48,15.3,18.3,1.16
2026-06-01 06:13:00,374.4,7.51,15.6,18.6,1.21
2026-06-01 06:14:00,392.3,7.29,15.4,18.3,1.18
2026-06-01 06:15:00,348.5,7.34,15.2,18.3,1.18
2026-06-01 06:16:00,373.1,7.34,15.4,18.8,1.19
2026-06-01 06:17:00,362.8,7.65,14.9,19.7,1.18
2026-06-01 06:18:00,392.8,7.35,15.3,19.2,1.26
2026-06-01 06:19:00,347.9,7.56,15.3,19.3,1.18
2026-06-01 06:20:00,347.4,7.26,15.1,19.2,1.21
2026-06-01 06:21:00,351.0,7.29,15.2,18.6,1.2
2026-06-01 06:22:00,328.1,7.32,15.1,19.1,1.21
2026-06-01 06:23:00,352.1,7.31,15.1,19.4,1.21
2026-06-01 06:24:00,348.6,7.36,15.4,19.3,1.23
2026-06-01 06:25:00,362.3,7.32,15.5,19.1,1.21
2026-06-01 06:26:00,365.1,7.31,15.4,19.2,1.21
2026-06-01 06:27:00,388.1,7.51,15.2,20.0,1.2
2026-06-01 06:28:00,374.3,7.51,15.2,19.4,1.2
2026-06-01 06:29:00,351.3,7.48,15.2,18.9,1.17
2026-06-01 06:30:00,346.5,7.44,15.3,19.1,1.2
2026-06-01 06:31:00,367.4,7.4,15.1,18.7,1.21
2026-06-01 06:32:00,340.2,7.34,15.5,20.1,1.21
2026-06-01 06:33:00,387.5,7.29,15.3,19.8,1.21
2026-06-01 06:34:00,377.7,7.43,15.5,19.2,1.19
2026-06-01 06:35:00,353.0,7.27,15.1,20.1,1.2
2026-06-01 06:36:00,334.3,7.29,15.2,19.5,1.18
2026-06-01 06:37:00,380.3,7.51,15.5,19.1,1.21
2026-06-01 06:38:00,358.3,7.58,15.5,19.6,1.19
2026-06-01 06:39:00,378.6,7.43,15.1,19.4,1.21
2026-06-01 06:40:00,336.1,7.5,15.4,19.6,1.23
2026-06-01 06:41:00,351.0,7.37,15.4,18.8,1.18
2026-06-01 06:42:00,360.1,7.26,15.2,19.0,1.22
2026-06-01 06:43:00,360.7,7.45,15.4,19.9,1.2
2026-06-01 06:44:00,353.2,7.45,15.1,20.0,1.26
2026-06-01 06:45:00,369.3,7.4,15.2,20.0,1.19
2026-06-01 06:46:00,344.0,7.37,15.5,20.3,1.22
2026-06-01 06:47:00,357.9,7.49,15.4,19.7,1.2
2026-06-01 06:48:00,361.8,7.29,15.4,19.7,1.16
2026-06-01 06:49:00,367.7,7.31,15.4,19.1,1.18
2026-06-01 06:50:00,370.7,7.29,15.5,19.3,1.23
2026-06-01 06:51:00,343.1,7.4,15.5,18.7,1.19
2026-06-01 06:52:00,337.0,7.28,15.6,19.4,1.13
2026-06-01 06:53:00,379.2,7.32,15.4,18.7,1.2
2026-06-01 06:54:00,365.0,7.32,15.3,20.0,1.17
2026-06-01 06:55:00,348.8,7.36,15.3,19.8,1.2
2026-06-01 06:56:00,383.3,7.24,15.2,18.8,1.25
2026-06-01 06:57:00,361.7,7.4,15.3,19.6,1.22
2026-06-01 06:58:00,377.7,7.51,15.3,20.5,1.25
2026-06-01 06:59:00,361.0,7.4,15.8,19.6,1.18
2026-06-01 07:00:00,390.9,7.54,15.2,19.3,1.2
2026-06-01 07:01:00,386.3,7.52,15.7,19.0,1.17
2026-06-01 07:02:00,356.3,7.47,15.4,19.0,1.18
2026-06-01 07:03:00,374.6,7.4,15.4,20.0,1.17
2026-06-01 07:04:00,369.7,7.39,15.5,19.6,1.16
2026-06-01 07:05:00,380.5,7.47,15.2,19.7,1.24
2026-06-01 07:06:00,345.5,7.35,15.3,19.7,1.14
2026-06-01 07:07:00,370.3,7.2,15.2,19.8,1.24
2026-06-01 07:08:00,375.9,7.44,15.4,19.4,1.24
2026-06-01 07:09:00,333.6,7.28,15.3,20.0,1.21
2026-06-01 07:10:00,342.3,7.29,15.8,19.3,1.17
2026-06-01 07:11:00,329.4,7.39,15.4,19.6,1.15
2026-06-01 07:12:00,356.0,7.38,15.0,20.4,1.18
2026-06-01 07:13:00,370.8,7.25,15.4,20.1,1.22
2026-06-01 07:14:00,382.5,7.41,15.7,20.3,1.2
2026-06-01 07:15:00,361.1,7.49,15.8,20.9,1.17
2026-06-01 07:16:00,384.4,7.28,15.5,20.0,1.23
2026-06-01 07:17:00,339.3,7.52,15.4,20.1,1.25
2026-06-01 07:18:00,334.4,7.23,15.5,20.0,1.19
2026-06-01 07:19:00,359.2,7.6,15.6,19.9,1.2
2026-06-01 07:20:00,365.8,7.35,15.3,19.7,1.15
2026-06-01 07:21:00,359.5,7.4,15.5,20.2,1.19
2026-06-01 07:22:00,329.0,7.2,15.5,20.3,1.22
2026-06-01 07:23:00,358.7,7.38,15.6,20.4,1.21
2026-06-01 07:24:00,340.4,7.41,15.5,20.2,1.18
2026-06-01 07:25:00,370.0,7.38,15.4,20.6,1.19
2026-06-01 07:26:00,365.5,7.33,15.6,20.3,1.19
2026-06-01 07:27:00,345.9,7.3,15.6,20.1,1.19
2026-06-01 07:28:00,352.3,7.5,15.6,19.9,1.21
2026-06-01 07:29:00,344.1,7.39,15.4,19.7,1.14
2026-06-01 07:30:00,359.1,7.54,15.7,20.9,1.2
2026-06-01 07:31:00,374.3,7.34,15.4,20.1,1.21
2026-06-01 07:32:00,345.2,7.35,15.9,20.0,1.18
2026-06-01 07:33:00,367.6,7.47,15.4,20.2,1.19
2026-06-01 07:34:00,352.0,7.23,15.8,20.3,1.19
2026-06-01 07:35:00,348.1,7.27,15.2,21.1,1.19
2026-06-01 07:36:00,358.4,7.5,15.2,20.3,1.2
2026-06-01 07:37:00,344.5,7.27,15.5,21.6,1.2
2026-06-01 07:38:00,351.7,7.21,15.2,20.5,1.14
2026-06-01 07:39:00,342.0,7.58,15.8,21.4,1.22
2026-06-01 07:40:00,389.5,7.25,15.6,20.9,1.19
2026-06-01 07:41:00,360.5,7.41,15.9,20.7,1.26
2026-06-01 07:42:00,349.5,7.4,15.6,21.2,1.16
2026-06-01 07:43:00,363.2,7.11,15.7,21.1,1.17
2026-06-01 07:44:00,358.3,7.36,15.6,20.9,1.19
2026-06-01 07:45:00,356.7,7.43,15.5,21.6,1.21
2026-06-01 07:46:00,369.2,7.43,15.6,20.5,1.14
2026-06-01 07:47:00,371.4,7.48,15.4,20.3,1.18
2026-06-01 07:48:00,352.0,7.35,15.8,20.5,1.22
2026-06-01 07:49:00,351.4,7.46,15.6,21.5,1.17
2026-06-01 07:50:00,355.9,7.32,15.7,21.4,1.24
2026-06-01 07:51:00,325.5,7.25,16.3,20.6,1.19
2026-06-01 07:52:00,337.3,7.26,15.6,19.9,1.17
2026-06-01 07:53:00,380.5,7.24,15.8,20.8,1.22
2026-06-01 07:54:00,384.7,7.49,15.7,20.5,1.25
2026-06-01 07:55:00,356.3,7.24,16.0,20.7,1.21
2026-06-01 07:56:00,368.6,7.42,15.8,20.5,1.24
2026-06-01 07:57:00,364.7,7.36,15.7,20.3,1.25
2026-06-01 07:58:00,406.2,7.38,16.2,21.7,1.17
2026-06-01 07:59:00,376.8,7.53,15.6,20.7,1.23
2026-06-01 08:00:00,358.1,7.35,15.7,21.6,1.15
2026-06-01 08:01:00,345.7,7.45,15.9,20.9,1.21
2026-06-01 08:02:00,335.9,7.39,15.6,20.6,1.2
2026-06-01 08:03:00,363.1,7.37,15.9,21.3,1.24
2026-06-01 08:04:00,348.7,7.62,15.7,20.9,1.24
2026-06-01 08:05:00,338.7,7.25,16.0,21.0,1.22
2026-06-01 08:06:00,350.3,7.52,16.0,21.2,1.21
2026-06-01 08:07:00,343.8,7.46,15.8,20.8,1.22
2026-06-01 08:08:00,385.3,7.34,15.6,20.5,1.2
2026-06-01 08:09:00,373.2,7.55,15.7,21.2,1.2
2026-06-01 08:10:00,359.9,7.21,15.8,21.6,1.24
2026-06-01 08:11:00,382.2,7.34,16.0,20.9,1.25
2026-06-01 08:12:00,361.2,7.27,15.9,21.3,1.2
2026-06-01 08:13:00,347.1,7.43,15.9,21.9,1.21
2026-06-01 08:14:00,382.8,7.28,15.9,21.3,1.2
2026-06-01 08:15:00,368.1,7.43,16.0,21.4,1.15
2026-06-01 08:16:00,344.4,7.37,15.8,21.4,1.19
2026-06-01 08:17:00,357.1,7.34,15.9,21.1,1.25
2026-06-01 08:18:00,346.9,7.43,15.9,21.0,1.18
2026-06-01 08:19:00,339.3,7.36,15.8,21.0,1.26
2026-06-01 08:20:00,373.9,7.28,16.1,21.6,1.24
2026-06-01 08:21:00,388.6,7.67,16.1,21.8,1.21
2026-06-01 08:22:00,339.0,7.34,16.1,21.8,1.22
2026-06-01 08:23:00,368.4,7.17,15.7,21.3,1.17
2026-06-01 08:24:00,350.2,7.31,16.0,22.0,1.19
2026-06-01 08:25:00,352.7,7.26,16.1,21.7,1.24
2026-06-01 08:26:00,351.1,7.47,16.2,21.6,1.18
2026-06-01 08:27:00,347.0,7.42,15.6,20.3,1.23
2026-06-01 08:28:00,360.7,7.43,15.9,21.3,1.16
2026-06-01 08:29:00,347.5,7.35,15.9,21.0,1.16
2026-06-01 08:30:00,364.1,7.36,16.2,21.9,1.26
2026-06-01 08:31:00,359.2,7.35,15.5,21.7,1.2
2026-06-01 08:32:00,356.4,7.38,15.7,21.3,1.18
2026-06-01 08:33:00,346.4,7.47,16.2,21.8,1.24
2026-06-01 08:34:00,351.3,7.42,15.9,21.2,1.24
2026-06-01 08:35:00,371.3,7.44,15.7,21.3,1.23
2026-06-01 08:36:00,367.5,7.44,16.3,21.5,1.18
2026-06-01 08:37:00,345.3,7.48,15.7,22.0,1.19
2026-06-01 08:38:00,361.5,7.42,16.2,22.4,1.21
2026-06-01 08:39:00,371.3,7.43,15.7,21.6,1.22
2026-06-01 08:40:00,335.0,7.51,15.7,22.4,1.18
2026-06-01 08:41:00,368.2,7.32,16.0,21.9,1.21
2026-06-01 08:42:00,350.1,7.3,15.8,22.0,1.21
2026-06-01 08:43:00,368.6,7.27,16.1,21.9,1.24
2026-06-01 08:44:00,348.6,7.41,16.4,21.9,1.22
2026-06-01 08:45:00,332.9,7.2,16.0,22.2,1.15
2026-06-01 08:46:00,335.6,7.44,16.3,22.3,1.19
2026-06-01 08:47:00,360.7,7.38,16.1,21.7,1.17
2026-06-01 08:48:00,363.9,7.5,16.2,22.0,1.22
2026-06-01 08:49:00,346.4,7.32,15.6,22.7,1.23
2026-06-01 08:50:00,369.6,7.37,16.2,22.2,1.2
2026-06-01 08:51:00,335.1,7.5,16.2,22.2,1.19
2026-06-01 08:52:00,359.0,7.53,16.0,22.6,1.2
2026-06-01 08:53:00,341.8,7.32,16.4,21.9,1.21
2026-06-01 08:54:00,350.2,7.41,16.0,22.2,1.18
2026-06-01 08:55:00,360.7,7.42,15.8,22.5,1.16
2026-06-01 08:56:00,347.1,7.43,16.2,22.7,1.14
2026-06-01 08:57:00,354.2,7.36,15.8,21.3,1.24
2026-06-01 08:58:00,375.1,7.52,16.1,22.0,1.21
2026-06-01 08:59:00,351.3,7.2,16.4,21.9,1.21
2026-06-01 09:00:00,372.5,7.35,16.2,22.2,1.24
2026-06-01 09:01:00,343.1,7.43,16.1,21.9,1.16
2026-06-01 09:02:00,367.9,7.44,16.1,22.6,1.15
2026-06-01 09:03:00,381.6,7.53,16.4,22.4,1.21
2026-06-01 09:04:00,322.9,7.51,15.9,22.7,1.21
2026-06-01 09:05:00,348.0,7.36,16.3,22.8,1.15
2026-06-01 09:06:00,368.7,7.52,16.6,22.7,1.21
2026-06-01 09:07:00,357.0,7.32,16.3,22.3,1.19
2026-06-01 09:08:00,365.6,7.48,16.1,22.5,1.18
2026-06-01 09:09:00,350.9,7.57,16.1,22.3,1.19
2026-06-01 09:10:00,361.3,7.51,16.1,22.0,1.13
2026-06-01 09:11:00,357.7,7.4,16.1,22.9,1.18
2026-06-01 09:12:00,377.5,7.36,16.2,22.5,1.18
2026-06-01 09:13:00,363.8,7.24,16.3,22.0,1.22
2026-06-01 09:14:00,365.1,7.42,16.5,22.8,1.2
2026-06-01 09:15:00,353.8,7.28,15.8,22.5,1.22
2026-06-01 09:16:00,352.7,7.31,15.7,21.8,1.12
2026-06-01 09:17:00,353.5,7.27,16.5,22.1,1.17
2026-06-01 09:18:00,365.9,7.34,16.2,22.4,1.22
2026-06-01 09:19:00,353.7,7.39,16.3,22.8,1.19
2026-06-01 09:20:00,364.3,7.42,16.3,23.0,1.23
2026-06-01 09:21:00,391.1,7.33,16.2,23.0,1.15
2026-06-01 09:22:00,373.1,7.5,16.6,23.0,1.22
2026-06-01 09:23:00,355.1,7.37,16.4,22.8,1.18
2026-06-01 09:24:00,378.0,7.31,16.2,23.5,1.18
2026-06-01 09:25:00,353.9,7.41,16.2,23.1,1.23
2026-06-01 09:26:00,329.4,7.59,16.2,22.9,1.23
2026-06-01 09:27:00,344.9,7.42,16.1,23.1,1.23
2026-06-01 09:28:00,331.9,7.35,16.6,22.7,1.26
2026-06-01 09:29:00,354.7,7.24,16.3,22.9,1.24
2026-06-01 09:30:00,360.3,7.37,16.1,22.1,1.18
2026-06-01 09:31:00,385.1,7.41,16.4,22.8,1.2
2026-06-01 09:32:00,364.9,7.35,16.6,23.7,1.19
2026-06-01 09:33:00,356.7,7.22,16.5,23.0,1.26
2026-06-01 09:34:00,372.4,7.3,16.2,23.0,1.23
2026-06-01 09:35:00,326.8,7.54,16.1,23.4,1.19
2026-06-01 09:36:00,363.5,7.53,16.6,23.2,1.23
2026-06-01 09:37:00,371.6,7.3,16.0,22.7,1.16
2026-06-01 09:38:00,337.8,7.46,16.4,23.1,1.21
2026-06-01 09:39:00,377.2,7.27,16.2,22.6,1.17
2026-06-01 09:40:00,365.1,7.53,16.6,23.2,1.15
2026-06-01 09:41:00,353.8,7.41,16.2,22.8,1.22
2026-06-01 09:42:00,369.5,7.48,16.2,23.5,1.23
2026-06-01 09:43:00,394.1,7.22,16.5,23.0,1.21
2026-06-01 09:44:00,362.7,7.46,16.6,22.9,1.19
2026-06-01 09:45:00,363.7,7.39,16.7,23.2,1.16
2026-06-01 09:46:00,353.1,7.48,16.5,23.4,1.17
2026-06-01 09:47:00,347.3,7.48,16.5,22.8,1.17
2026-06-01 09:48:00,372.5,7.4,16.6,23.1,1.19
2026-06-01 09:49:00,347.2,7.33,16.2,23.3,1.23
2026-06-01 09:50:00,361.1,7.47,16.3,23.8,1.23
2026-06-01 09:51:00,352.8,7.38,16.2,22.3,1.15
2026-06-01 09:52:00,367.2,7.3,15.9,23.6,1.18
2026-06-01 09:53:00,365.0,7.3,16.6,23.2,1.18
2026-06-01 09:54:00,375.6,7.24,16.7,23.2,1.12
2026-06-01 09:55:00,352.3,7.34,16.6,23.1,1.22
2026-06-01 09:56:00,356.0,7.5,16.5,23.3,1.19
2026-06-01 09:57:00,345.3,7.41,16.5,23.7,1.2
2026-06-01 09:58:00,353.3,7.34,16.5,23.2,1.24
2026-06-01 09:59:00,365.7,7.47,16.8,24.1,1.2
2026-06-01 10:00:00,371.4,7.31,16.8,23.7,1.19
2026-06-01 10:01:00,346.2,7.4,16.4,23.6,1.22
2026-06-01 10:02:00,373.0,7.37,16.7,23.5,1.23
2026-06-01 10:03:00,380.3,7.47,16.8,24.0,1.21
2026-06-01 10:04:00,366.2,7.23,16.7,24.1,1.22
2026-06-01 10:05:00,388.2,7.3,16.6,23.1,1.2
2026-06-01 10:06:00,348.4,7.23,16.6,23.3,1.2
2026-06-01 10:07:00,341.3,7.36,16.2,23.9,1.2
2026-06-01 10:08:00,333.3,7.51,16.2,24.0,1.18
2026-06-01 10:09:00,382.4,7.34,16.7,23.5,1.18
2026-06-01 10:10:00,369.8,7.34,16.3,23.4,1.24
2026-06-01 10:11:00,359.2,7.48,16.3,23.7,1.26
2026-06-01 10:12:00,364.2,7.5,16.2,24.3,1.25
2026-06-01 10:13:00,343.1,7.38,16.5,23.8,1.16
2026-06-01 10:14:00,396.7,7.46,16.7,23.3,1.16
2026-06-01 10:15:00,361.9,7.28,16.7,23.8,1.16
2026-06-01 10:16:00,361.6,7.53,16.8,24.1,1.2
2026-06-01 10:17:00,370.9,7.6,16.5,23.8,1.12
2026-06-01 10:18:00,367.2,7.44,16.6,24.3,1.18
2026-06-01 10:19:00,363.4,7.18,16.8,24.2,1.24
2026-06-01 10:20:00,348.1,7.33,16.7,23.8,1.23
2026-06-01 10:21:00,367.1,7.45,16.5,23.9,1.18
2026-06-01 10:22:00,388.2,7.35,16.7,23.2,1.19
2026-06-01 10:23:00,380.2,7.52,16.3,24.4,1.22
2026-06-01 10:24:00,383.9,7.45,16.7,23.8,1.23
2026-06-01 10:25:00,352.3,7.32,16.5,23.8,1.18
2026-06-01 10:26:00,345.2,7.39,17.0,23.8,1.19
2026-06-01 10:27:00,358.1,7.3,16.5,24.2,1.18
2026-06-01 10:28:00,360.8,7.37,16.7,23.6,1.16
2026-06-01 10:29:00,376.4,7.33,16.6,23.6,1.19
2026-06-01 10:30:00,334.6,7.51,16.6,24.0,1.19
2026-06-01 10:31:00,382.9,7.6,16.8,23.8,1.16
2026-06-01 10:32:00,357.6,7.25,16.6,24.2,1.22
2026-06-01 10:33:00,353.6,7.2,17.1,23.9,1.21
2026-06-01 10:34:00,344.8,7.37,16.3,24.8,1.22
2026-06-01 10:35:00,335.2,7.24,16.9,24.4,1.18
2026-06-01 10:36:00,372.3,7.39,16.7,24.4,1.14
2026-06-01 10:37:00,361.1,7.46,16.7,23.9,1.21
2026-06-01 10:38:00,340.7,7.54,16.8,25.1,1.18
2026-06-01 10:39:00,340.6,7.41,17.0,24.0,1.17
2026-06-01 10:40:00,355.0,7.37,16.8,23.9,1.16
2026-06-01 10:41:00,385.0,7.19,17.0,24.5,1.19
2026-06-01 10:42:00,356.1,7.39,16.8,24.3,1.25
2026-06-01 10:43:00,337.5,7.4,16.6,23.9,1.18
2026-06-01 10:44:00,356.3,7.45,16.8,25.2,1.17
2026-06-01 10:45:00,355.9,7.32,17.0,24.7,1.22
2026-06-01 10:46:00,319.5,7.35,16.7,24.3,1.21
2026-06-01 10:47:00,359.2,7.24,16.6,25.3,1.14
2026-06-01 10:48:00,356.5,7.16,16.9,24.7,1.22
2026-06-01 10:49:00,370.4,7.28,16.9,24.4,1.26
2026-06-01 10:50:00,387.7,7.23,16.7,25.3,1.12
2026-06-01 10:51:00,376.9,7.42,16.8,24.7,1.16
2026-06-01 10:52:00,356.0,7.34,16.8,24.7,1.11
2026-06-01 10:53:00,343.4,7.34,16.8,24.3,1.2
2026-06-01 10:54:00,398.6,7.29,17.0,24.5,1.23
2026-06-01 10:55:00,360.9,7.07,16.8,24.3,1.2
2026-06-01 10:56:00,360.2,7.54,17.0,25.0,1.24
2026-06-01 10:57:00,359.6,7.29,16.8,23.8,1.22
2026-06-01 10:58:00,363.0,7.35,17.2,25.1,1.25
2026-06-01 10:59:00,357.8,7.24,17.2,24.2,1.23
2026-06-01 11:00:00,351.4,7.49,16.7,24.5,1.19
2026-06-01 11:01:00,351.8,7.4,16.6,24.4,1.2
2026-06-01 11:02:00,359.5,7.31,17.1,24.4,1.17
2026-06-01 11:03:00,351.8,7.35,17.0,24.9,1.19
2026-06-01 11:04:00,349.3,7.56,17.0,24.6,1.2
2026-06-01 11:05:00,361.6,7.38,16.8,24.3,1.2
2026-06-01 11:06:00,356.2,7.37,16.9,24.7,1.24
2026-06-01 11:07:00,382.6,7.3,16.9,24.4,1.19
2026-06-01 11:08:00,320.2,7.2,17.0,24.4,1.17
2026-06-01 11:09:00,376.4,7.37,16.7,24.1,1.17
2026-06-01 11:10:00,378.7,7.42,16.9,24.5,1.22
2026-06-01 11:11:00,328.9,7.5,16.7,24.9,1.16
2026-06-01 11:12:00,354.9,7.17,16.9,24.7,1.19
2026-06-01 11:13:00,354.4,7.28,17.0,25.5,1.24
2026-06-01 11:14:00,338.9,7.33,17.1,25.8,1.21
2026-06-01 11:15:00,348.3,7.39,17.1,24.6,1.2
2026-06-01 11:16:00,343.3,7.38,17.1,24.4,1.2
2026-06-01 11:17:00,386.3,7.38,16.7,25.2,1.17
2026-06-01 11:18:00,374.0,7.43,17.3,24.9,1.17
2026-06-01 11:19:00,379.1,7.3,16.9,25.3,1.19
2026-06-01 11:20:00,370.8,7.48,16.9,25.0,1.21
2026-06-01 11:21:00,343.1,7.43,17.1,24.8,1.23
2026-06-01 11:22:00,352.1,7.36,17.0,24.8,1.2
2026-06-01 11:23:00,367.3,7.55,17.1,25.0,1.24
2026-06-01 11:24:00,341.7,7.55,17.1,24.8,1.25
2026-06-01 11:25:00,370.7,7.48,16.9,25.4,1.22
2026-06-01 11:26:00,356.4,7.09,17.0,24.4,1.24
2026-06-01 11:27:00,354.4,7.55,17.0,25.4,1.17
2026-06-01 11:28:00,370.7,7.47,17.3,24.2,1.17
2026-06-01 11:29:00,366.7,7.59,17.0,25.0,1.22
2026-06-01 11:30:00,354.6,7.51,17.0,24.8,1.16
2026-06-01 11:31:00,377.4,7.55,16.9,24.4,1.19
2026-06-01 11:32:00,343.8,7.48,16.9,24.2,1.22
2026-06-01 11:33:00,369.2,7.52,16.8,24.6,1.24
2026-06-01 11:34:00,368.9,7.59,17.0,25.0,1.19
2026-06-01 11:35:00,355.4,7.41,17.4,24.8,1.18
2026-06-01 11:36:00,364.9,7.23,17.2,24.6,1.21
2026-06-01 11:37:00,341.2,7.36,17.4,25.6,1.17
2026-06-01 11:38:00,373.9,7.43,16.9,24.6,1.19
2026-06-01 11:39:00,357.2,7.4,16.7,25.4,1.2
2026-06-01 11:40:00,352.2,7.27,17.2,24.7,1.2
2026-06-01 11:41:00,375.7,7.23,17.5,24.7,1.2
2026-06-01 11:42:00,349.4,7.32,17.0,24.9,1.17
2026-06-01 11:43:00,338.9,7.47,17.2,25.4,1.18
2026-06-01 11:44:00,336.7,7.55,16.8,24.6,1.18
2026-06-01 11:45:00,369.1,7.48,17.2,25.3,1.15
2026-06-01 11:46:00,340.8,7.5,17.1,24.8,1.21
2026-06-01 11:47:00,386.3,7.38,16.8,24.9,1.23
2026-06-01 11:48:00,328.8,7.22,17.0,25.4,1.22
2026-06-01 11:49:00,385.4,7.34,17.0,26.1,1.19
2026-06-01 11:50:00,363.2,7.36,16.9,24.9,1.18
2026-06-01 11:51:00,358.5,7.34,17.1,25.5,1.22
2026-06-01 11:52:00,351.8,7.4,17.3,25.1,1.22
2026-06-01 11:53:00,366.0,7.43,17.1,25.1,1.21
2026-06-01 11:54:00,359.4,7.48,17.4,25.7,1.25
2026-06-01 11:55:00,376.5,7.36,17.1,24.9,1.2
2026-06-01 11:56:00,361.7,7.2,17.3,24.8,1.19
2026-06-01 11:57:00,362.3,7.34,17.3,25.5,1.19
2026-06-01 11:58:00,354.5,7.39,17.5,25.9,1.15
2026-06-01 11:59:00,359.1,7.51,17.1,25.6,1.22
2026-06-01 12:00:00,364.6,7.33,17.3,24.8,1.2
2026-06-01 12:01:00,334.3,7.44,17.1,25.1,1.22
2026-06-01 12:02:00,339.8,7.42,17.6,25.7,1.26
2026-06-01 12:03:00,371.1,7.39,17.1,26.0,1.19
2026-06-01 12:04:00,362.6,7.48,17.3,25.5,1.13
2026-06-01 12:05:00,357.2,7.32,17.6,25.2,1.21
2026-06-01 12:06:00,360.3,7.33,17.0,26.1,1.21
2026-06-01 12:07:00,365.2,7.39,17.4,25.4,1.18
2026-06-01 12:08:00,351.9,7.33,17.1,25.2,1.21
2026-06-01 12:09:00,348.3,7.44,17.8,25.1,1.22
2026-06-01 12:10:00,362.9,7.32,16.9,25.0,1.17
2026-06-01 12:11:00,345.3,7.41,17.0,26.6,1.19
2026-06-01 12:12:00,366.1,7.38,17.1,26.0,1.24
2026-06-01 12:13:00,334.5,7.41,17.1,25.2,1.18
2026-06-01 12:14:00,375.4,7.34,17.4,26.2,1.2
2026-06-01 12:15:00,367.1,7.36,17.7,25.7,1.12
2026-06-01 12:16:00,363.8,7.4,17.6,25.7,1.16
2026-06-01 12:17:00,374.7,7.41,17.4,25.2,1.2
2026-06-01 12:18:00,385.0,7.39,17.4,25.3,1.24
2026-06-01 12:19:00,375.2,7.56,17.2,25.5,1.16
2026-06-01 12:20:00,332.4,7.29,17.4,24.7,1.2
2026-06-01 12:21:00,340.8,7.38,17.3,25.3,1.19
2026-06-01 12:22:00,350.6,7.23,17.4,25.6,1.23
2026-06-01 12:23:00,360.4,7.43,17.2,26.1,1.16
2026-06-01 12:24:00,367.8,7.28,17.1,25.3,1.21
2026-06-01 12:25:00,349.1,7.36,17.4,25.9,1.18
2026-06-01 12:26:00,362.8,7.35,17.4,24.8,1.21
2026-06-01 12:27:00,348.7,7.42,17.3,26.1,1.2
2026-06-01 12:28:00,350.8,7.33,17.2,25.2,1.19
2026-06-01 12:29:00,338.9,7.33,17.5,25.7,1.21
2026-06-01 12:30:00,346.2,7.53,17.5,25.8,1.2
2026-06-01 12:31:00,339.7,7.42,17.8,25.7,1.2
2026-06-01 12:32:00,345.4,7.33,17.7,25.6,1.19
2026-06-01 12:33:00,375.8,7.36,17.2,25.1,1.2
2026-06-01 12:34:00,345.8,7.55,17.4,25.3,1.21
2026-06-01 12:35:00,399.5,7.37,17.2,26.1,1.17
2026-06-01 12:36:00,367.4,7.32,17.1,25.4,1.19
2026-06-01 12:37:00,362.8,7.32,17.9,25.6,1.17
2026-06-01 12:38:00,347.1,7.34,17.8,25.1,1.2
2026-06-01 12:39:00,370.5,7.33,17.3,26.0,1.18
2026-06-01 12:40:00,351.4,7.26,17.7,25.2,1.22
2026-06-01 12:41:00,361.8,7.28,17.7,26.1,1.22
2026-06-01 12:42:00,398.4,7.31,17.1,25.3,1.17
2026-06-01 12:43:00,358.6,7.45,17.6,26.1,1.2
2026-06-01 12:44:00,377.2,7.35,17.4,25.7,1.22
2026-06-01 12:45:00,349.5,7.37,17.6,25.5,1.19
2026-06-01 12:46:00,359.5,7.52,18.1,26.4,1.18
2026-06-01 12:47:00,386.6,7.52,17.8,25.7,1.17
2026-06-01 12:48:00,350.6,7.36,17.5,25.6,1.23
2026-06-01 12:49:00,387.2,7.33,17.8,26.1,1.23
2026-06-01 12:50:00,370.6,7.3,17.1,25.2,1.19
2026-06-01 12:51:00,351.6,7.46,17.6,24.8,1.22
2026-06-01 12:52:00,369.5,7.37,17.6,26.2,1.11
2026-06-01 12:53:00,374.6,7.35,17.7,25.5,1.24
2026-06-01 12:54:00,369.3,7.31,17.4,26.1,1.2
2026-06-01 12:55:00,336.4,7.31,17.6,25.8,1.2
2026-06-01 12:56:00,349.1,7.42,17.7,25.3,1.19
2026-06-01 12:57:00,356.3,7.26,17.1,26.1,1.24
2026-06-01 12:58:00,358.9,7.49,17.5,25.7,1.17
2026-06-01 12:59:00,369.3,7.34,17.4,25.4,1.24
2026-06-01 13:00:00,362.7,7.38,17.7,25.4,1.21
2026-06-01 13:01:00,340.0,7.26,17.8,25.1,1.22
2026-06-01 13:02:00,365.7,7.39,17.4,26.0,1.19
2026-06-01 13:03:00,369.2,7.36,17.4,25.5,1.16
2026-06-01 13:04:00,368.4,7.38,17.6,25.8,1.23
2026-06-01 13:05:00,376.2,7.54,17.4,25.8,1.21
2026-06-01 13:06:00,372.5,7.41,17.5,25.5,1.24
2026-06-01 13:07:00,366.9,7.31,17.5,25.3,1.19
2026-06-01 13:08:00,358.9,7.32,17.7,26.9,1.19
2026-06-01 13:09:00,335.1,7.45,17.7,25.9,1.24
2026-06-01 13:10:00,366.4,7.52,17.6,26.6,1.26
2026-06-01 13:11:00,363.1,7.42,17.9,26.4,1.2
2026-06-01 13:12:00,364.1,7.46,17.7,25.8,1.18
2026-06-01 13:13:00,340.8,7.45,17.5,26.0,1.22
2026-06-01 13:14:00,343.8,7.53,17.6,26.0,1.19
2026-06-01 13:15:00,375.8,7.2,17.5,26.6,1.22
2026-06-01 13:16:00,359.4,7.46,17.4,26.2,1.19
2026-06-01 13:17:00,370.2,7.49,17.4,25.6,1.25
2026-06-01 13:18:00,360.4,7.26,17.9,26.1,1.18
2026-06-01 13:19:00,360.4,7.3,17.5,26.2,1.21
2026-06-01 13:20:00,374.1,7.3,17.7,25.5,1.19
2026-06-01 13:21:00,352.3,7.32,17.6,26.1,1.19
2026-06-01 13:22:00,361.4,7.34,17.7,26.5,1.19
2026-06-01 13:23:00,353.1,7.41,17.9,25.6,1.22
2026-06-01 13:24:00,353.5,7.48,17.7,25.7,1.23
2026-06-01 13:25:00,355.4,7.5,17.5,26.4,1.22
2026-06-01 13:26:00,363.3,7.31,17.6,25.8,1.2
2026-06-01 13:27:00,352.8,7.31,17.8,25.6,1.2
2026-06-01 13:28:00,378.8,7.52,17.8,26.3,1.23
2026-06-01 13:29:00,346.6,7.45,17.9,26.2,1.23
2026-06-01 13:30:00,357.2,7.4,17.6,26.0,1.12
2026-06-01 13:31:00,353.4,7.44,17.4,26.4,1.19
2026-06-01 13:32:00,381.7,7.39,17.8,26.4,1.19
2026-06-01 13:33:00,362.9,7.44,17.8,25.9,1.22
2026-06-01 13:34:00,375.5,7.36,17.8,26.8,1.2
2026-06-01 13:35:00,337.7,7.42,17.4,26.6,1.22
2026-06-01 13:36:00,364.0,7.24,17.6,25.2,1.17
2026-06-01 13:37:00,373.3,7.32,17.5,25.6,1.21
2026-06-01 13:38:00,361.2,7.32,17.8,25.1,1.23
2026-06-01 13:39:00,376.0,7.35,17.8,25.8,1.16
2026-06-01 13:40:00,352.2,7.3,17.7,25.5,1.28
2026-06-01 13:41:00,381.1,7.34,17.9,25.7,1.24
2026-06-01 13:42:00,394.5,7.24,18.0,26.4,1.2
2026-06-01 13:43:00,354.6,7.44,17.8,25.3,1.18
2026-06-01 13:44:00,353.3,7.38,17.9,26.0,1.19
2026-06-01 13:45:00,381.8,7.22,17.6,26.0,1.2
2026-06-01 13:46:00,383.7,7.31,17.6,26.0,1.21
2026-06-01 13:47:00,352.2,7.42,18.0,26.0,1.25
2026-06-01 13:48:00,353.7,7.34,17.6,25.1,1.19
2026-06-01 13:49:00,355.8,7.32,17.9,25.7,1.22
2026-06-01 13:50:00,339.8,7.38,18.1,26.6,1.16
2026-06-01 13:51:00,346.2,7.42,17.9,25.5,1.19
2026-06-01 13:52:00,344.9,7.25,17.8,26.7,1.21
2026-06-01 13:53:00,348.5,7.45,17.5,25.4,1.22
2026-06-01 13:54:00,359.5,7.31,17.8,25.4,1.18
2026-06-01 13:55:00,363.5,7.39,18.0,25.6,1.19
2026-06-01 13:56:00,383.3,7.39,17.7,26.5,1.24
2026-06-01 13:57:00,345.0,7.34,18.0,25.8,1.23
2026-06-01 13:58:00,374.8,7.29,17.9,26.1,1.21
2026-06-01 13:59:00,356.8,7.36,17.9,26.0,1.13
2026-06-01 14:00:00,359.3,7.55,17.7,26.0,1.28
2026-06-01 14:01:00,370.1,7.25,17.5,26.5,1.2
2026-06-01 14:02:00,343.2,7.56,17.7,26.3,1.19
2026-06-01 14:03:00,365.7,7.36,17.7,25.5,1.18
2026-06-01 14:04:00,362.5,7.39,17.9,25.9,1.21
2026-06-01 14:05:00,367.4,7.28,17.8,26.7,1.21
2026-06-01 14:06:00,364.3,7.31,18.0,26.1,1.23
2026-06-01 14:07:00,396.8,7.34,17.9,25.4,1.17
2026-06-01 14:08:00,350.4,7.29,17.7,25.4,1.19
2026-06-01 14:09:00,352.0,7.37,17.7,26.4,1.26
2026-06-01 14:10:00,350.7,7.35,17.7,26.3,1.21
2026-06-01 14:11:00,351.7,7.58,17.9,25.6,1.19
2026-06-01 14:12:00,350.4,7.27,17.8,26.3,1.17
2026-06-01 14:13:00,377.8,7.4,17.6,26.6,1.22
2026-06-01 14:14:00,381.3,7.41,18.0,26.6,1.23
2026-06-01 14:15:00,351.4,7.28,17.9,26.6,1.23
2026-06-01 14:16:00,347.5,7.46,17.9,26.2,1.19
2026-06-01 14:17:00,367.1,7.35,17.7,25.9,1.21
2026-06-01 14:18:00,351.7,7.14,17.6,25.8,1.25
2026-06-01 14:19:00,369.5,7.46,17.8,26.0,1.23
2026-06-01 14:20:00,363.0,7.28,17.5,25.6,1.18
2026-06-01 14:21:00,337.3,7.29,18.0,25.8,1.12
2026-06-01 14:22:00,383.2,7.46,17.7,26.5,1.21
2026-06-01 14:23:00,386.9,7.36,17.8,25.3,1.22
2026-06-01 14:24:00,350.8,7.48,18.0,25.4,1.17
2026-06-01 14:25:00,354.2,7.51,17.8,26.3,1.2
2026-06-01 14:26:00,364.3,7.33,17.6,25.8,1.19
2026-06-01 14:27:00,365.0,7.47,18.2,25.2,1.2
2026-06-01 14:28:00,369.9,7.31,17.6,25.9,1.18
2026-06-01 14:29:00,390.2,7.61,17.4,25.9,1.24
2026-06-01 14:30:00,357.3,7.32,18.1,25.8,1.2
2026-06-01 14:31:00,348.0,7.49,17.6,26.2,1.17
2026-06-01 14:32:00,339.3,7.47,18.1,25.4,1.23
2026-06-01 14:33:00,349.0,7.42,18.0,26.0,1.16
2026-06-01 14:34:00,359.5,7.32,18.0,25.9,1.24
2026-06-01 14:35:00,386.9,7.37,17.8,26.0,1.23
2026-06-01 14:36:00,352.2,7.17,17.7,25.2,1.24
2026-06-01 14:37:00,363.4,7.41,17.8,25.7,1.2
2026-06-01 14:38:00,359.8,7.42,17.7,25.9,1.19
2026-06-01 14:39:00,377.8,7.4,18.1,26.1,1.2
2026-06-01 14:40:00,397.9,7.09,17.8,26.7,1.2
2026-06-01 14:41:00,352.0,7.26,18.0,26.2,1.18
2026-06-01 14:42:00,352.7,7.32,18.1,26.1,1.18
2026-06-01 14:43:00,375.7,7.42,17.7,26.4,1.19
2026-06-01 14:44:00,370.2,7.42,18.0,25.8,1.16
2026-06-01 14:45:00,387.7,7.37,17.7,26.5,1.22
2026-06-01 14:46:00,368.8,7.45,17.9,26.3,1.2
2026-06-01 14:47:00,354.6,7.29,17.8,25.7,1.19
2026-06-01 14:48:00,368.9,7.45,17.8,26.7,1.17
2026-06-01 14:49:00,376.6,7.44,18.0,26.1,1.17
2026-06-01 14:50:00,372.3,7.43,17.7,26.8,1.26
2026-06-01 14:51:00,367.6,7.37,18.1,26.0,1.18
2026-06-01 14:52:00,376.0,7.57,17.7,25.6,1.22
2026-06-01 14:53:00,377.5,7.44,17.7,25.6,1.2
2026-06-01 14:54:00,380.7,7.29,17.9,25.7,1.12
2026-06-01 14:55:00,369.7,7.41,17.9,25.6,1.25
2026-06-01 14:56:00,357.5,7.47,18.0,26.4,1.22
2026-06-01 14:57:00,362.2,7.33,18.0,25.8,1.18
2026-06-01 14:58:00,378.1,7.5,17.6,25.2,1.2
2026-06-01 14:59:00,347.7,7.43,18.1,25.9,1.17
2026-06-01 15:00:00,365.5,7.16,17.9,25.9,1.25
2026-06-01 15:01:00,354.1,7.42,18.0,25.6,1.17
2026-06-01 15:02:00,360.4,7.35,18.4,25.9,1.18
2026-06-01 15:03:00,379.2,7.44,18.2,25.8,1.18
2026-06-01 15:04:00,362.9,7.48,18.0,26.1,1.2
2026-06-01 15:05:00,360.7,7.41,17.7,26.0,1.24
2026-06-01 15:06:00,339.6,7.56,17.7,25.9,1.25
2026-06-01 15:07:00,371.2,7.37,18.2,25.3,1.19
2026-06-01 15:08:00,369.7,7.45,17.9,26.6,1.21
2026-06-01 15:09:00,392.4,7.47,17.9,25.2,1.2
2026-06-01 15:10:00,355.4,7.38,17.7,25.7,1.17
2026-06-01 15:11:00,363.3,7.47,18.1,25.3,1.27
2026-06-01 15:12:00,363.7,7.33,18.2,25.9,1.24
2026-06-01 15:13:00,383.7,7.35,18.3,25.8,1.21
2026-06-01 15:14:00,358.6,7.26,17.9,25.7,1.25
2026-06-01 15:15:00,364.2,7.41,18.1,26.3,1.24
2026-06-01 15:16:00,369.1,7.42,18.0,26.2,1.2
2026-06-01 15:17:00,362.8,7.51,18.1,25.6,1.21
2026-06-01 15:18:00,353.3,7.47,18.0,26.0,1.25
2026-06-01 15:19:00,362.9,7.36,17.8,26.3,1.17
2026-06-01 15:20:00,376.1,7.27,18.2,26.1,1.25
2026-06-01 15:21:00,344.6,7.43,18.0,25.6,1.19
2026-06-01 15:22:00,362.0,7.5,17.9,25.0,1.25
2026-06-01 15:23:00,349.5,7.47,18.0,25.8,1.2
2026-06-01 15:24:00,377.9,7.5,17.8,25.9,1.21
2026-06-01 15:25:00,337.2,7.37,18.1,25.4,1.2
2026-06-01 15:26:00,351.6,7.34,17.9,25.7,1.18
2026-06-01 15:27:00,365.7,7.32,17.8,25.6,1.19
2026-06-01 15:28:00,383.5,7.38,18.5,26.2,1.24
2026-06-01 15:29:00,359.0,7.38,17.8,26.4,1.13
2026-06-01 15:30:00,351.7,7.41,18.1,26.1,1.16
2026-06-01 15:31:00,388.2,7.38,18.0,25.6,1.18
2026-06-01 15:32:00,338.3,7.38,17.8,26.1,1.17
2026-06-01 15:33:00,327.0,7.31,17.9,25.9,1.25
2026-06-01 15:34:00,366.6,7.48,17.7,25.6,1.24
2026-06-01 15:35:00,352.5,7.4,18.4,26.4,1.22
2026-06-01 15:36:00,344.7,7.37,17.9,25.3,1.18
2026-06-01 15:37:00,370.6,7.32,18.0,25.8,1.24
2026-06-01 15:38:00,363.7,7.26,18.4,25.9,1.15
2026-06-01 15:39:00,351.5,7.52,17.8,25.4,1.26
2026-06-01 15:40:00,340.8,7.45,18.3,25.8,1.18
2026-06-01 15:41:00,373.1,7.23,18.1,25.9,1.19
2026-06-01 15:42:00,369.8,7.47,17.6,25.6,1.19
2026-06-01 15:43:00,358.5,7.48,17.9,25.7,1.17
2026-06-01 15:44:00,387.7,7.4,18.1,25.5,1.26
2026-06-01 15:45:00,343.9,7.55,18.0,25.8,1.22
2026-06-01 15:46:00,337.1,7.41,18.0,25.4,1.24
2026-06-01 15:47:00,349.6,7.25,17.9,25.3,1.16
2026-06-01 15:48:00,359.3,7.43,17.9,25.5,1.21
2026-06-01 15:49:00,363.7,7.41,17.9,25.9,1.22
2026-06-01 15:50:00,356.4,7.33,18.4,24.7,1.21
2026-06-01 15:51:00,365.3,7.45,17.8,25.1,1.17
2026-06-01 15:52:00,341.2,7.22,17.9,26.3,1.23
2026-06-01 15:53:00,381.7,7.49,18.0,25.5,1.2
2026-06-01 15:54:00,358.8,7.3,17.7,25.2,1.17
2026-06-01 15:55:00,376.8,7.29,18.1,25.7,1.14
2026-06-01 15:56:00,365.1,7.38,17.7,25.1,1.22
2026-06-01 15:57:00,366.9,7.43,17.8,24.5,1.27
2026-06-01 15:58:00,368.5,7.41,17.8,25.5,1.17
2026-06-01 15:59:00,366.7,7.32,17.7,25.0,1.21
2026-06-01 16:00:00,369.6,7.34,18.3,25.4,1.23
2026-06-01 16:01:00,379.9,7.28,18.1,25.5,1.16
2026-06-01 16:02:00,362.9,7.37,18.2,25.4,1.19
2026-06-01 16:03:00,370.6,7.5,18.2,24.6,1.17
2026-06-01 16:04:00,358.7,7.39,18.0,25.3,1.23
2026-06-01 16:05:00,381.6,7.48,18.0,25.5,1.24
2026-06-01 16:06:00,349.9,7.54,18.2,24.7,1.2
2026-06-01 16:07:00,387.0,7.33,18.3,24.6,1.17
2026-06-01 16:08:00,359.4,7.37,17.7,24.8,1.19
2026-06-01 16:09:00,338.5,7.61,18.5,25.5,1.18
2026-06-01 16:10:00,361.9,7.53,17.7,24.4,1.17
2026-06-01 16:11:00,349.8,7.22,17.9,25.5,1.2
2026-06-01 16:12:00,372.6,7.43,18.0,25.4,1.22
2026-06-01 16:13:00,350.2,7.39,18.0,25.1,1.21
2026-06-01 16:14:00,353.3,7.47,18.4,24.6,1.2
2026-06-01 16:15:00,331.7,7.32,18.2,24.8,1.2
2026-06-01 16:16:00,353.2,7.31,18.1,25.5,1.2
2026-06-01 16:17:00,323.6,7.32,18.2,25.6,1.16
2026-06-01 16:18:00,336.2,7.33,18.1,24.7,1.2
2026-06-01 16:19:00,371.4,7.47,17.9,25.6,1.18
2026-06-01 16:20:00,371.8,7.27,18.1,25.4,1.16
2026-06-01 16:21:00,366.4,7.33,18.0,25.1,1.21
2026-06-01 16:22:00,345.5,7.21,17.8,24.8,1.18
2026-06-01 16:23:00,359.3,7.49,18.2,24.8,1.21
2026-06-01 16:24:00,359.9,7.52,18.0,25.8,1.23
2026-06-01 16:25:00,342.6,7.36,17.8,25.1,1.17
2026-06-01 16:26:00,382.6,7.36,17.8,25.6,1.2
2026-06-01 16:27:00,373.2,7.44,18.1,25.1,1.15
2026-06-01 16:28:00,356.7,7.54,18.2,24.8,1.25
2026-06-01 16:29:00,360.4,7.43,18.1,25.2,1.16
2026-06-01 16:30:00,363.1,7.32,18.1,25.8,1.18
2026-06-01 16:31:00,329.4,7.23,17.8,24.7,1.24
2026-06-01 16:32:00,356.3,7.28,18.0,25.3,1.19
2026-06-01 16:33:00,349.8,7.4,17.9,25.0,1.16
2026-06-01 16:34:00,345.0,7.32,17.9,24.3,1.22
2026-06-01 16:35:00,355.8,7.41,18.0,24.3,1.22
2026-06-01 16:36:00,387.0,7.33,17.8,24.7,1.18
2026-06-01 16:37:00,369.6,7.28,18.1,25.0,1.18
2026-06-01 16:38:00,351.4,7.27,17.8,25.2,1.19
2026-06-01 16:39:00,368.6,7.55,17.7,24.2,1.19
2026-06-01 16:40:00,381.0,7.48,17.8,25.1,1.14
2026-06-01 16:41:00,373.9,7.56,18.2,24.8,1.19
2026-06-01 16:42:00,360.9,7.44,18.0,24.8,1.25
2026-06-01 16:43:00,350.3,7.35,17.6,25.0,1.17
2026-06-01 16:44:00,370.5,7.52,18.1,25.5,1.18
2026-06-01 16:45:00,365.9,7.39,18.0,24.9,1.16
2026-06-01 16:46:00,373.4,7.41,17.9,24.2,1.22
2026-06-01 16:47:00,369.5,7.39,17.9,24.7,1.24
2026-06-01 16:48:00,375.7,7.1,17.7,25.1,1.24
2026-06-01 16:49:00,352.0,7.55,18.0,25.1,1.16
2026-06-01 16:50:00,379.8,7.44,17.7,25.0,1.21
2026-06-01 16:51:00,363.0,7.42,17.9,24.5,1.24
2026-06-01 16:52:00,391.1,7.38,17.9,24.1,1.22
2026-06-01 16:53:00,349.7,7.41,18.1,24.9,1.21
2026-06-01 16:54:00,386.0,7.33,18.0,24.1,1.19
2026-06-01 16:55:00,363.0,7.45,18.1,24.9,1.21
2026-06-01 16:56:00,350.2,7.26,17.7,24.9,1.24
2026-06-01 16:57:00,352.7,7.41,17.9,24.4,1.21
2026-06-01 16:58:00,355.2,7.45,18.1,24.5,1.16
2026-06-01 16:59:00,366.4,7.37,18.2,24.6,1.19
2026-06-01 17:00:00,367.8,7.43,17.7,24.3,1.24
2026-06-01 17:01:00,351.4,7.29,17.8,24.0,1.21
2026-06-01 17:02:00,359.6,7.29,18.0,24.5,1.2
2026-06-01 17:03:00,392.1,7.41,18.3,24.5,1.18
2026-06-01 17:04:00,385.9,7.46,18.0,25.0,1.24
2026-06-01 17:05:00,366.5,7.2,17.7,24.1,1.25
2026-06-01 17:06:00,360.6,7.44,17.7,24.9,1.24
2026-06-01 17:07:00,361.8,7.34,18.0,24.0,1.24
2026-06-01 17:08:00,369.2,7.37,18.0,23.9,1.19
2026-06-01 17:09:00,344.7,7.26,17.9,24.3,1.18
2026-06-01 17:10:00,356.1,7.3,17.7,24.0,1.2
2026-06-01 17:11:00,335.0,7.49,18.1,23.8,1.2
2026-06-01 17:12:00,366.0,7.39,17.9,25.1,1.24
2026-06-01 17:13:00,369.7,7.35,18.0,24.1,1.23
2026-06-01 17:14:00,352.8,7.38,17.6,25.2,1.22
2026-06-01 17:15:00,383.6,7.44,18.2,23.9,1.16
2026-06-01 17:16:00,341.6,7.43,17.8,23.6,1.15
2026-06-01 17:17:00,338.0,7.38,18.2,24.8,1.21
2026-06-01 17:18:00,363.4,7.5,18.0,24.0,1.23
2026-06-01 17:19:00,375.7,7.49,17.6,24.3,1.2
2026-06-01 17:20:00,385.3,7.43,18.0,23.7,1.26
2026-06-01 17:21:00,353.1,7.4,18.2,24.2,1.17
2026-06-01 17:22:00,376.2,7.46,17.8,23.6,1.16
2026-06-01 17:23:00,359.4,7.42,18.2,24.1,1.18
2026-06-01 17:24:00,357.4,7.5,18.0,24.0,1.18
2026-06-01 17:25:00,373.3,7.48,18.2,24.2,1.22
2026-06-01 17:26:00,369.8,7.29,17.9,24.4,1.19
2026-06-01 17:27:00,336.4,7.28,17.9,24.2,1.15
2026-06-01 17:28:00,382.1,7.32,18.3,24.3,1.23
2026-06-01 17:29:00,380.7,7.49,18.0,24.0,1.15
2026-06-01 17:30:00,350.6,7.23,17.8,23.9,1.17
2026-06-01 17:31:00,365.9,7.43,18.0,24.2,1.15
2026-06-01 17:32:00,367.4,7.43,17.8,24.0,1.21
2026-06-01 17:33:00,363.9,7.51,17.9,24.0,1.21
2026-06-01 17:34:00,351.7,7.41,18.1,24.1,1.26
2026-06-01 17:35:00,349.9,7.26,17.8,23.5,1.23
2026-06-01 17:36:00,359.6,7.29,17.7,24.5,1.24
2026-06-01 17:37:00,377.6,7.27,17.7,23.8,1.21
2026-06-01 17:38:00,368.2,7.34,17.9,24.0,1.17
2026-06-01 17:39:00,354.4,7.37,17.7,23.9,1.2
2026-06-01 17:40:00,371.6,7.27,17.6,24.1,1.22
2026-06-01 17:41:00,317.3,7.54,17.6,24.0,1.22
2026-06-01 17:42:00,377.2,7.26,18.1,23.8,1.19
2026-06-01 17:43:00,333.9,7.52,17.8,24.4,1.21
2026-06-01 17:44:00,354.6,7.51,17.9,22.5,1.17
2026-06-01 17:45:00,343.2,7.48,17.7,24.3,1.17
2026-06-01 17:46:00,340.6,7.32,17.7,24.1,1.17
2026-06-01 17:47:00,377.4,7.42,17.7,23.0,1.2
2026-06-01 17:48:00,353.0,7.26,17.8,24.1,1.16
2026-06-01 17:49:00,365.2,7.48,17.5,24.1,1.19
2026-06-01 17:50:00,359.3,7.38,18.0,23.9,1.23
2026-06-01 17:51:00,367.2,7.35,17.8,23.0,1.17
2026-06-01 17:52:00,361.2,7.27,17.9,23.9,1.18
2026-06-01 17:53:00,340.8,7.14,18.0,24.0,1.2
2026-06-01 17:54:00,374.9,7.29,18.0,23.4,1.21
2026-06-01 17:55:00,352.6,7.5,17.7,23.8,1.19
2026-06-01 17:56:00,336.7,7.35,17.9,23.4,1.22
2026-06-01 17:57:00,353.6,7.37,17.9,23.9,1.22
2026-06-01 17:58:00,382.5,7.46,17.9,23.4,1.23
2026-06-01 17:59:00,372.8,7.57,18.0,23.3,1.2
2026-06-01 18:00:00,354.8,7.52,18.0,23.5,1.18
2026-06-01 18:01:00,354.8,7.29,17.9,22.9,1.18
2026-06-01 18:02:00,355.2,7.2,18.1,23.4,1.21
2026-06-01 18:03:00,391.2,7.63,17.8,23.6,1.19
2026-06-01 18:04:00,365.7,7.62,17.8,23.8,1.18
2026-06-01 18:05:00,366.5,7.41,17.9,23.5,1.19
2026-06-01 18:06:00,375.5,7.26,17.7,22.8,1.18
2026-06-01 18:07:00,363.6,7.49,17.9,23.9,1.21
2026-06-01 18:08:00,356.1,7.38,17.7,23.9,1.16
2026-06-01 18:09:00,357.1,7.38,17.3,23.4,1.21
2026-06-01 18:10:00,358.9,7.48,17.9,23.0,1.22
2026-06-01 18:11:00,359.4,7.42,17.5,23.1,1.18
2026-06-01 18:12:00,370.9,7.27,17.6,23.2,1.26
2026-06-01 18:13:00,360.8,7.36,17.9,23.4,1.2
2026-06-01 18:14:00,371.0,7.46,17.9,23.1,1.15
2026-06-01 18:15:00,358.8,7.44,18.0,22.9,1.19
2026-06-01 18:16:00,361.2,7.42,17.3,23.6,1.2
2026-06-01 18:17:00,330.0,7.48,17.8,23.3,1.21
2026-06-01 18:18:00,373.7,7.35,17.7,22.7,1.19
2026-06-01 18:19:00,365.2,7.41,17.9,23.2,1.17
2026-06-01 18:20:00,375.0,7.05,18.0,23.2,1.17
2026-06-01 18:21:00,316.6,7.35,17.5,22.8,1.18
2026-06-01 18:22:00,391.3,7.47,17.7,23.6,1.18
2026-06-01 18:23:00,357.9,7.35,17.9,23.1,1.17
2026-06-01 18:24:00,376.6,7.34,17.6,22.9,1.18
2026-06-01 18:25:00,344.4,7.29,18.1,23.0,1.22
2026-06-01 18:26:00,369.2,7.49,17.6,23.2,1.25
2026-06-01 18:27:00,344.2,7.44,17.6,22.9,1.22
2026-06-01 18:28:00,350.6,7.47,17.5,22.9,1.24
2026-06-01 18:29:00,388.7,7.22,17.7,23.4,1.23
2026-06-01 18:30:00,357.1,7.37,17.1,22.3,1.22
2026-06-01 18:31:00,363.3,7.36,17.6,22.4,1.19
2026-06-01 18:32:00,373.1,7.36,17.9,23.2,1.2
2026-06-01 18:33:00,367.4,7.33,17.4,23.8,1.19
2026-06-01 18:34:00,362.3,7.36,17.4,23.2,1.19
2026-06-01 18:35:00,365.5,7.47,17.9,23.6,1.2
2026-06-01 18:36:00,396.1,7.2,17.9,22.6,1.22
2026-06-01 18:37:00,359.1,7.57,17.4,22.5,1.21
2026-06-01 18:38:00,363.0,7.44,18.0,22.9,1.2
2026-06-01 18:39:00,375.8,7.39,17.7,23.1,1.2
2026-06-01 18:40:00,376.6,7.48,17.9,22.2,1.21
2026-06-01 18:41:00,377.8,7.24,17.5,22.6,1.22
2026-06-01 18:42:00,369.6,7.32,17.9,22.7,1.15
2026-06-01 18:43:00,342.9,7.38,17.6,22.4,1.17
2026-06-01 18:44:00,384.5,7.53,17.6,22.4,1.23
2026-06-01 18:45:00,342.8,7.39,17.7,22.9,1.2
2026-06-01 18:46:00,364.5,7.44,17.5,22.8,1.19
2026-06-01 18:47:00,348.7,7.33,17.3,22.9,1.19
2026-06-01 18:48:00,359.0,7.44,17.6,22.7,1.19
2026-06-01 18:49:00,364.9,7.56,17.5,22.2,1.22
2026-06-01 18:50:00,364.8,7.49,17.5,22.7,1.17
2026-06-01 18:51:00,366.3,7.38,17.8,22.1,1.2
2026-06-01 18:52:00,384.2,7.46,18.1,22.3,1.21
2026-06-01 18:53:00,366.8,7.45,17.4,22.0,1.21
2026-06-01 18:54:00,356.3,7.44,17.6,22.2,1.21
2026-06-01 18:55:00,374.5,7.5,17.5,22.4,1.22
2026-06-01 18:56:00,377.8,7.5,18.0,22.2,1.18
2026-06-01 18:57:00,341.6,7.38,17.7,22.0,1.17
2026-06-01 18:58:00,369.0,7.45,17.8,22.8,1.27
2026-06-01 18:59:00,370.5,7.35,17.8,22.3,1.19
2026-06-01 19:00:00,355.5,7.3,17.6,22.1,1.19
2026-06-01 19:01:00,380.6,7.36,17.5,21.8,1.22
2026-06-01 19:02:00,357.7,7.38,17.9,21.5,1.25
2026-06-01 19:03:00,361.9,7.22,17.7,22.1,1.18
2026-06-01 19:04:00,357.4,7.48,17.4,21.7,1.17
2026-06-01 19:05:00,360.2,7.11,17.4,22.5,1.16
2026-06-01 19:06:00,343.6,7.66,17.5,22.2,1.25
2026-06-01 19:07:00,338.4,7.54,17.8,22.8,1.17
2026-06-01 19:08:00,383.9,7.36,17.8,22.2,1.2
2026-06-01 19:09:00,347.3,7.39,17.9,21.8,1.17
2026-06-01 19:10:00,345.1,7.42,17.4,21.3,1.16
2026-06-01 19:11:00,327.7,7.33,17.5,22.4,1.19
2026-06-01 19:12:00,350.4,7.41,17.4,21.5,1.17
2026-06-01 19:13:00,340.2,7.38,17.5,21.9,1.18
2026-06-01 19:14:00,384.6,7.38,17.7,22.7,1.26
2026-06-01 19:15:00,375.1,7.41,17.5,22.2,1.21
2026-06-01 19:16:00,349.7,7.26,17.7,22.1,1.23
2026-06-01 19:17:00,393.8,7.39,17.4,22.3,1.22
2026-06-01 19:18:00,374.7,7.41,17.6,22.3,1.2
2026-06-01 19:19:00,355.1,7.4,17.4,22.5,1.19
2026-06-01 19:20:00,322.5,7.37,17.1,21.6,1.21
2026-06-01 19:21:00,394.4,7.5,17.3,21.7,1.21
2026-06-01 19:22:00,339.2,7.35,17.5,21.5,1.18
2026-06-01 19:23:00,335.3,7.41,17.8,21.8,1.2
2026-06-01 19:24:00,375.3,7.52,17.4,21.7,1.18
2026-06-01 19:25:00,396.6,7.38,17.4,21.1,1.19
2026-06-01 19:26:00,380.8,7.41,17.5,21.5,1.19
2026-06-01 19:27:00,368.5,7.38,17.3,22.3,1.16
2026-06-01 19:28:00,368.9,7.51,17.3,21.8,1.13
2026-06-01 19:29:00,372.8,7.36,17.4,22.0,1.17
2026-06-01 19:30:00,371.4,7.52,17.3,21.6,1.25
2026-06-01 19:31:00,364.2,7.38,17.1,20.9,1.19
2026-06-01 19:32:00,361.6,7.3,17.3,21.6,1.22
2026-06-01 19:33:00,359.1,7.46,17.5,22.0,1.14
2026-06-01 19:34:00,348.7,7.36,17.5,21.1,1.17
2026-06-01 19:35:00,355.8,7.45,17.7,21.8,1.16
2026-06-01 19:36:00,334.6,7.12,17.6,20.8,1.19
2026-06-01 19:37:00,358.5,7.39,17.2,21.5,1.27
2026-06-01 19:38:00,345.2,7.34,17.2,21.7,1.21
2026-06-01 19:39:00,343.4,7.28,17.2,21.3,1.25
2026-06-01 19:40:00,362.7,7.33,17.3,22.4,1.19
2026-06-01 19:41:00,380.9,7.33,17.2,21.2,1.24
2026-06-01 19:42:00,373.8,7.39,17.3,21.2,1.26
2026-06-01 19:43:00,336.4,7.25,17.2,21.5,1.2
2026-06-01 19:44:00,345.2,7.42,17.5,21.0,1.18
2026-06-01 19:45:00,374.1,7.53,17.1,20.8,1.16
2026-06-01 19:46:00,345.3,7.42,17.1,20.9,1.19
2026-06-01 19:47:00,356.6,7.47,17.4,21.6,1.2
2026-06-01 19:48:00,368.3,7.5,17.5,21.1,1.26
2026-06-01 19:49:00,345.5,7.51,17.3,21.9,1.16
2026-06-01 19:50:00,361.6,7.58,17.5,21.0,1.2
2026-06-01 19:51:00,340.0,7.34,17.5,21.5,1.15
2026-06-01 19:52:00,351.0,7.32,17.7,21.4,1.19
2026-06-01 19:53:00,364.8,7.47,17.4,21.0,1.21
2026-06-01 19:54:00,336.1,7.46,17.6,20.8,1.22
2026-06-01 19:55:00,366.6,7.47,17.3,20.4,1.22
2026-06-01 19:56:00,359.7,7.58,17.6,21.3,1.21
2026-06-01 19:57:00,368.3,7.39,17.6,21.5,1.22
2026-06-01 19:58:00,363.4,7.43,17.2,20.4,1.2
2026-06-01 19:59:00,380.5,7.29,17.1,20.9,1.17
2026-06-01 20:00:00,361.9,7.6,17.1,20.7,1.14
2026-06-01 20:01:00,353.6,7.36,17.3,21.2,1.18
2026-06-01 20:02:00,361.8,7.36,17.0,20.8,1.2
2026-06-01 20:03:00,368.1,7.36,17.1,21.5,1.24
2026-06-01 20:04:00,360.7,7.33,17.5,20.8,1.2
2026-06-01 20:05:00,360.6,7.32,17.4,20.4,1.19
2026-06-01 20:06:00,349.5,7.34,16.7,20.7,1.21
2026-06-01 20:07:00,350.1,7.25,16.9,20.7,1.19
2026-06-01 20:08:00,339.0,7.31,17.6,21.0,1.22
2026-06-01 20:09:00,386.2,7.58,17.4,20.7,1.26
2026-06-01 20:10:00,341.3,7.46,17.1,21.0,1.27
2026-06-01 20:11:00,349.6,7.48,16.9,20.4,1.2
2026-06-01 20:12:00,349.2,7.51,16.9,20.6,1.21
2026-06-01 20:13:00,373.4,7.57,17.3,20.4,1.25
2026-06-01 20:14:00,355.6,7.21,17.6,20.4,1.2
2026-06-01 20:15:00,378.7,7.27,17.5,21.2,1.22
2026-06-01 20:16:00,349.9,7.31,16.8,20.4,1.17
2026-06-01 20:17:00,364.2,7.34,17.1,20.5,1.19
2026-06-01 20:18:00,347.5,7.36,17.0,21.0,1.23
2026-06-01 20:19:00,392.2,7.35,17.2,20.9,1.18
2026-06-01 20:20:00,342.2,7.41,16.9,21.2,1.2
2026-06-01 20:21:00,364.6,7.39,17.0,20.7,1.15
2026-06-01 20:22:00,369.5,7.32,16.9,20.3,1.26
2026-06-01 20:23:00,366.2,7.17,17.2,21.3,1.24
2026-06-01 20:24:00,357.2,7.29,17.0,20.7,1.21
2026-06-01 20:25:00,358.1,7.34,17.0,20.4,1.22
2026-06-01 20:26:00,360.7,7.37,17.2,20.5,1.21
2026-06-01 20:27:00,357.8,7.28,17.4,20.5,1.24
2026-06-01 20:28:00,374.5,7.34,17.5,20.3,1.18
2026-06-01 20:29:00,393.2,7.28,17.2,19.8,1.22
2026-06-01 20:30:00,351.6,7.38,17.1,21.0,1.23
2026-06-01 20:31:00,339.5,7.28,17.3,20.3,1.24
2026-06-01 20:32:00,358.7,7.31,17.3,20.4,1.13
2026-06-01 20:33:00,398.7,7.26,17.2,21.1,1.18
2026-06-01 20:34:00,347.9,7.37,16.7,20.0,1.17
2026-06-01 20:35:00,384.6,7.3,17.3,20.5,1.2
2026-06-01 20:36:00,385.2,7.48,17.1,19.9,1.14
2026-06-01 20:37:00,351.7,7.43,16.9,20.3,1.14
2026-06-01 20:38:00,368.5,7.38,16.9,20.3,1.27
2026-06-01 20:39:00,384.4,7.31,17.1,20.5,1.22
2026-06-01 20:40:00,354.3,7.43,16.5,20.6,1.2
2026-06-01 20:41:00,356.9,7.46,17.0,19.9,1.21
2026-06-01 20:42:00,351.3,7.4,16.9,20.7,1.2
2026-06-01 20:43:00,344.8,7.55,16.8,20.7,1.23
2026-06-01 20:44:00,350.3,7.44,16.9,19.9,1.18
2026-06-01 20:45:00,341.6,7.48,16.7,20.0,1.21
2026-06-01 20:46:00,360.5,7.4,17.2,19.8,1.21
2026-06-01 20:47:00,348.5,7.46,16.5,19.9,1.17
2026-06-01 20:48:00,363.5,7.31,17.0,19.5,1.24
2026-06-01 20:49:00,336.7,7.34,16.8,20.3,1.19
2026-06-01 20:50:00,365.0,7.42,17.3,19.1,1.23
2026-06-01 20:51:00,372.5,7.42,16.9,19.6,1.2
2026-06-01 20:52:00,330.1,7.44,16.5,19.9,1.25
2026-06-01 20:53:00,365.6,7.5,17.0,20.4,1.17
2026-06-01 20:54:00,378.4,7.25,16.7,19.6,1.17
2026-06-01 20:55:00,341.9,7.29,17.1,20.0,1.17
2026-06-01 20:56:00,385.1,7.41,17.0,19.8,1.2
2026-06-01 20:57:00,366.3,7.32,17.2,20.1,1.25
2026-06-01 20:58:00,349.4,7.73,16.9,19.9,1.25
2026-06-01 20:59:00,359.2,7.44,17.1,20.1,1.13
2026-06-01 21:00:00,368.4,7.38,16.9,19.5,1.21
2026-06-01 21:01:00,361.1,7.34,16.8,19.3,1.1
2026-06-01 21:02:00,368.1,7.34,17.1,19.8,1.22
2026-06-01 21:03:00,346.2,7.39,16.6,19.4,1.23
2026-06-01 21:04:00,362.5,7.4,16.9,19.6,1.2
2026-06-01 21:05:00,338.8,7.34,16.7,19.7,1.2
2026-06-01 21:06:00,358.3,7.36,17.0,20.1,1.2
2026-06-01 21:07:00,346.4,7.52,16.7,19.9,1.18
2026-06-01 21:08:00,349.0,7.53,16.8,19.3,1.21
2026-06-01 21:09:00,378.5,7.42,16.8,19.1,1.19
2026-06-01 21:10:00,376.4,7.26,17.1,20.2,1.23
2026-06-01 21:11:00,369.1,7.44,16.7,18.8,1.2
2026-06-01 21:12:00,343.6,7.55,16.7,19.3,1.17
2026-06-01 21:13:00,355.3,7.53,16.5,19.7,1.15
2026-06-01 21:14:00,378.2,7.46,16.6,20.1,1.14
2026-06-01 21:15:00,362.1,7.53,16.9,19.3,1.24
2026-06-01 21:16:00,394.8,7.4,16.8,19.4,1.19
2026-06-01 21:17:00,365.9,7.45,16.8,19.0,1.21
2026-06-01 21:18:00,362.9,7.32,17.1,19.4,1.25
2026-06-01 21:19:00,355.4,7.42,16.4,18.9,1.18
2026-06-01 21:20:00,362.0,7.52,17.2,19.0,1.18
2026-06-01 21:21:00,357.7,7.33,17.0,19.6,1.2
2026-06-01 21:22:00,370.6,7.3,16.7,19.1,1.2
2026-06-01 21:23:00,374.4,7.4,16.8,19.6,1.26
2026-06-01 21:24:00,348.2,7.37,16.6,19.1,1.25
2026-06-01 21:25:00,340.0,7.45,16.8,18.6,1.22
2026-06-01 21:26:00,332.5,7.34,17.2,19.6,1.24
2026-06-01 21:27:00,367.6,7.56,16.6,18.6,1.19
2026-06-01 21:28:00,343.4,7.26,16.7,18.9,1.21
2026-06-01 21:29:00,327.7,7.52,16.6,19.0,1.19
2026-06-01 21:30:00,365.8,7.31,16.6,19.5,1.16
2026-06-01 21:31:00,397.4,7.21,16.6,18.9,1.24
2026-06-01 21:32:00,359.9,7.41,16.5,18.7,1.22
2026-06-01 21:33:00,372.6,7.36,16.6,19.1,1.2
2026-06-01 21:34:00,361.2,7.28,16.7,18.9,1.2
2026-06-01 21:35:00,358.5,7.22,16.6,18.8,1.15
2026-06-01 21:36:00,373.8,7.39,16.2,19.1,1.17
2026-06-01 21:37:00,355.6,7.49,16.6,18.5,1.21
2026-06-01 21:38:00,364.0,7.45,16.6,18.2,1.18
2026-06-01 21:39:00,364.8,7.4,17.0,19.8,1.19
2026-06-01 21:40:00,350.0,7.44,16.6,18.9,1.2
2026-06-01 21:41:00,374.9,7.39,16.8,18.9,1.18
2026-06-01 21:42:00,357.4,7.25,16.5,18.5,1.17
2026-06-01 21:43:00,348.7,7.25,16.9,19.2,1.15
2026-06-01 21:44:00,368.0,7.37,16.4,18.6,1.2
2026-06-01 21:45:00,346.5,7.37,16.7,17.7,1.22
2026-06-01 21:46:00,360.4,7.48,16.8,18.5,1.15
2026-06-01 21:47:00,359.9,7.47,16.7,18.6,1.2
2026-06-01 21:48:00,376.3,7.45,17.0,18.7,1.21
2026-06-01 21:49:00,367.1,7.36,16.5,18.6,1.17
2026-06-01 21:50:00,359.6,7.25,16.8,18.4,1.24
2026-06-01 21:51:00,372.3,7.43,16.8,18.4,1.19
2026-06-01 21:52:00,380.9,7.44,16.6,18.5,1.2
2026-06-01 21:53:00,368.4,7.15,16.9,18.0,1.2
2026-06-01 21:54:00,360.2,7.31,16.5,17.8,1.15
2026-06-01 21:55:00,340.3,7.32,16.5,18.6,1.23
2026-06-01 21:56:00,344.0,7.4,16.5,18.6,1.17
2026-06-01 21:57:00,355.4,7.31,16.3,18.9,1.19
2026-06-01 21:58:00,350.9,7.39,16.7,18.4,1.22
2026-06-01 21:59:00,357.2,7.37,16.6,18.0,1.24
2026-06-01 22:00:00,360.8,7.37,16.5,17.7,1.17
2026-06-01 22:01:00,367.9,7.32,16.8,18.1,1.19
2026-06-01 22:02:00,358.9,7.33,16.4,18.6,1.24
2026-06-01 22:03:00,367.3,7.28,16.1,19.0,1.21
2026-06-01 22:04:00,361.0,7.43,16.9,18.4,1.22
2026-06-01 22:05:00,330.4,7.45,16.7,17.9,1.17
2026-06-01 22:06:00,345.9,7.31,16.6,18.0,1.19
2026-06-01 22:07:00,357.8,7.54,16.4,18.0,1.19
2026-06-01 22:08:00,341.9,7.36,16.5,18.2,1.17
2026-06-01 22:09:00,369.0,7.54,16.2,18.8,1.15
2026-06-01 22:10:00,383.0,7.33,16.4,18.8,1.18
2026-06-01 22:11:00,378.3,7.19,16.2,18.2,1.24
2026-06-01 22:12:00,356.8,7.43,16.5,18.4,1.2
2026-06-01 22:13:00,382.4,7.41,16.6,17.9,1.24
2026-06-01 22:14:00,362.2,7.39,16.2,17.6,1.21
2026-06-01 22:15:00,354.9,7.33,16.5,18.9,1.18
2026-06-01 22:16:00,350.8,7.39,16.4,17.3,1.24
2026-06-01 22:17:00,355.5,7.34,16.5,17.5,1.21
2026-06-01 22:18:00,354.2,7.36,16.3,18.9,1.23
2026-06-01 22:19:00,362.6,7.47,16.5,18.2,1.17
2026-06-01 22:20:00,362.4,7.41,16.2,17.7,1.23
2026-06-01 22:21:00,360.0,7.45,16.0,18.4,1.23
2026-06-01 22:22:00,366.6,7.37,16.1,18.4,1.21
2026-06-01 22:23:00,377.9,7.36,16.2,17.5,1.18
2026-06-01 22:24:00,374.2,7.27,16.0,17.8,1.2
2026-06-01 22:25:00,337.7,7.35,16.6,18.4,1.22
2026-06-01 22:26:00,321.7,7.06,16.3,17.7,1.21
2026-06-01 22:27:00,374.0,7.33,16.5,18.1,1.22
2026-06-01 22:28:00,339.5,7.38,16.5,18.6,1.23
2026-06-01 22:29:00,356.6,7.45,16.3,17.0,1.18
2026-06-01 22:30:00,342.4,7.36,17.0,17.8,1.17
2026-06-01 22:31:00,333.0,7.42,16.9,18.0,1.2
2026-06-01 22:32:00,368.1,7.17,16.6,17.2,1.19
2026-06-01 22:33:00,371.4,7.38,16.1,17.7,1.22
2026-06-01 22:34:00,351.4,7.22,16.6,18.3,1.17
2026-06-01 22:35:00,321.1,7.27,15.9,17.6,1.23
2026-06-01 22:36:00,351.8,7.37,16.5,17.3,1.24
2026-06-01 22:37:00,365.9,7.52,15.7,18.3,1.2
2026-06-01 22:38:00,337.8,7.43,16.2,18.0,1.2
2026-06-01 22:39:00,362.8,7.39,16.5,17.8,1.18
2026-06-01 22:40:00,359.8,7.39,16.3,17.7,1.18
2026-06-01 22:41:00,368.7,7.32,15.9,18.2,1.19
2026-06-01 22:42:00,361.8,7.34,16.3,17.9,1.24
2026-06-01 22:43:00,345.4,7.43,16.3,18.0,1.2
2026-06-01 22:44:00,377.9,7.25,16.3,17.4,1.16
2026-06-01 22:45:00,357.6,7.45,16.1,16.9,1.21
2026-06-01 22:46:00,359.6,7.35,16.4,17.9,1.22
2026-06-01 22:47:00,346.0,7.47,16.4,18.1,1.2
2026-06-01 22:48:00,353.4,7.49,16.2,17.6,1.24
2026-06-01 22:49:00,346.7,7.22,16.5,18.0,1.22
2026-06-01 22:50:00,357.4,7.33,16.1,17.5,1.17
2026-06-01 22:51:00,385.7,7.3,16.1,17.6,1.18
2026-06-01 22:52:00,339.4,7.21,16.4,18.3,1.21
2026-06-01 22:53:00,335.8,7.29,16.4,17.5,1.15
2026-06-01 22:54:00,382.1,7.63,16.0,17.4,1.21
2026-06-01 22:55:00,356.9,7.45,16.0,16.8,1.15
2026-06-01 22:56:00,350.0,7.58,16.5,17.8,1.23
2026-06-01 22:57:00,375.6,7.47,16.1,17.2,1.23
2026-06-01 22:58:00,350.9,7.32,16.1,17.6,1.22
2026-06-01 22:59:00,387.4,7.35,16.1,17.4,1.18
2026-06-01 23:00:00,370.2,7.45,16.4,17.3,1.21
2026-06-01 23:01:00,352.7,7.43,16.5,17.4,1.18
2026-06-01 23:02:00,392.4,7.33,16.1,17.4,1.17
2026-06-01 23:03:00,350.9,7.24,16.6,17.9,1.19
2026-06-01 23:04:00,371.1,7.72,16.0,18.0,1.22
2026-06-01 23:05:00,364.5,7.38,16.0,17.6,1.2
2026-06-01 23:06:00,379.5,7.36,16.2,17.9,1.24
2026-06-01 23:07:00,383.4,7.4,15.9,17.7,1.22
2026-06-01 23:08:00,360.5,7.37,16.2,17.5,1.22
2026-06-01 23:09:00,348.7,7.4,16.0,17.9,1.15
2026-06-01 23:10:00,366.9,7.52,15.7,16.8,1.19
2026-06-01 23:11:00,349.8,7.38,15.7,17.0,1.17
2026-06-01 23:12:00,390.2,7.27,16.0,17.0,1.19
2026-06-01 23:13:00,362.0,7.37,16.1,17.1,1.18
2026-06-01 23:14:00,354.5,7.34,15.8,17.5,1.19
2026-06-01 23:15:00,362.8,7.53,16.1,16.8,1.23
2026-06-01 23:16:00,339.8,7.51,16.0,17.4,1.21
2026-06-01 23:17:00,345.4,7.4,16.0,17.0,1.23
2026-06-01 23:18:00,378.0,7.26,15.8,17.1,1.15
2026-06-01 23:19:00,350.1,7.27,16.0,17.3,1.2
2026-06-01 23:20:00,344.3,7.39,16.0,17.8,1.23
2026-06-01 23:21:00,368.0,7.42,16.2,16.9,1.25
2026-06-01 23:22:00,377.8,7.35,15.7,17.1,1.15
2026-06-01 23:23:00,370.8,7.34,16.0,16.7,1.19
2026-06-01 23:24:00,374.9,7.33,15.7,16.8,1.23
2026-06-01 23:25:00,348.6,7.39,15.9,16.7,1.19
2026-06-01 23:26:00,338.7,7.15,15.7,17.2,1.17
2026-06-01 23:27:00,382.5,7.28,15.8,17.2,1.15
2026-06-01 23:28:00,355.2,7.33,15.9,17.3,1.17
2026-06-01 23:29:00,356.2,7.51,15.8,16.7,1.15
2026-06-01 23:30:00,379.9,7.31,16.2,17.2,1.2
2026-06-01 23:31:00,368.3,7.41,16.2,17.1,1.23
2026-06-01 23:32:00,366.8,7.41,16.1,17.0,1.16
2026-06-01 23:33:00,392.5,7.52,16.1,16.5,1.21
2026-06-01 23:34:00,350.3,7.52,15.9,17.0,1.23
2026-06-01 23:35:00,373.9,7.38,16.2,17.0,1.2
2026-06-01 23:36:00,360.9,7.34,15.8,17.0,1.15
2026-06-01 23:37:00,364.0,7.32,16.3,17.1,1.21
2026-06-01 23:38:00,382.9,7.37,15.7,17.2,1.2
2026-06-01 23:39:00,367.6,7.35,15.6,16.5,1.2
2026-06-01 23:40:00,368.1,7.45,15.6,16.8,1.18
2026-06-01 23:41:00,376.1,7.43,15.6,17.1,1.2
2026-06-01 23:42:00,354.5,7.45,15.5,16.8,1.22
2026-06-01 23:43:00,347.4,7.52,15.9,17.3,1.27
2026-06-01 23:44:00,344.3,7.58,16.0,16.9,1.2
2026-06-01 23:45:00,330.5,7.4,15.8,16.1,1.25
2026-06-01 23:46:00,390.8,7.5,15.6,17.2,1.21
2026-06-01 23:47:00,343.5,7.35,15.7,16.8,1.2
2026-06-01 23:48:00,356.7,7.51,16.0,16.1,1.2
2026-06-01 23:49:00,355.8,7.5,15.7,16.7,1.16
2026-06-01 23:50:00,364.6,7.49,15.6,16.3,1.21
2026-06-01 23:51:00,372.2,7.4,15.5,17.1,1.14
2026-06-01 23:52:00,372.9,7.32,15.7,16.7,1.17
2026-06-01 23:53:00,351.3,7.25,15.6,16.4,1.2
2026-06-01 23:54:00,357.5,7.39,15.8,17.1,1.24
2026-06-01 23:55:00,364.2,7.54,15.9,16.9,1.24
2026-06-01 23:56:00,356.3,7.36,15.7,16.6,1.19
2026-06-01 23:57:00,384.1,7.47,15.8,16.2,1.2
2026-06-01 23:58:00,367.4,7.47,15.9,16.4,1.23
2026-06-01 23:59:00,371.0,7.36,15.5,16.3,1.16
2026-06-02 00:00:00,369.9,7.52,16.1,17.0,1.21
2026-06-02 00:01:00,377.6,7.1,15.6,16.0,1.18
2026-06-02 00:02:00,362.7,7.27,15.8,16.6,1.19
2026-06-02 00:03:00,340.5,7.3,15.5,16.5,1.19
2026-06-02 00:04:00,366.0,7.31,15.7,17.0,1.21
2026-06-02 00:05:00,350.2,7.42,15.8,16.7,1.22
2026-06-02 00:06:00,352.1,7.42,16.0,16.8,1.23
2026-06-02 00:07:00,368.8,7.43,15.7,16.4,1.21
2026-06-02 00:08:00,378.6,7.45,16.0,16.1,1.21
2026-06-02 00:09:00,360.3,7.29,15.8,16.4,1.26
2026-06-02 00:10:00,364.6,7.27,16.1,16.9,1.15
2026-06-02 00:11:00,385.5,7.43,15.3,16.9,1.25
2026-06-02 00:12:00,363.6,7.33,15.8,16.4,1.19
2026-06-02 00:13:00,399.0,7.23,15.1,16.2,1.22
2026-06-02 00:14:00,368.5,7.49,15.7,16.1,1.19
2026-06-02 00:15:00,333.6,7.53,15.9,16.5,1.18
2026-06-02 00:16:00,371.3,7.55,16.0,16.6,1.21
2026-06-02 00:17:00,365.7,7.41,15.8,17.1,1.23
2026-06-02 00:18:00,379.3,7.45,15.6,16.5,1.21
2026-06-02 00:19:00,370.1,7.53,15.8,16.7,1.18
2026-06-02 00:20:00,357.9,7.33,16.1,16.2,1.31
2026-06-02 00:21:00,341.6,7.5,15.6,16.5,1.24
2026-06-02 00:22:00,356.9,7.42,15.8,16.5,1.23
2026-06-02 00:23:00,347.2,7.48,15.5,16.4,1.19
2026-06-02 00:24:00,351.3,7.41,15.8,16.4,1.18
2026-06-02 00:25:00,368.8,7.52,15.8,16.5,1.19
2026-06-02 00:26:00,385.0,7.41,15.5,16.6,1.23
2026-06-02 00:27:00,365.9,7.24,15.8,16.9,1.17
2026-06-02 00:28:00,342.1,7.54,15.8,15.5,1.17
2026-06-02 00:29:00,366.7,7.3,15.7,16.8,1.22
2026-06-02 00:30:00,377.9,7.52,15.6,15.7,1.21
2026-06-02 00:31:00,350.9,7.38,15.8,16.5,1.18
2026-06-02 00:32:00,358.0,7.51,15.4,17.3,1.17
2026-06-02 00:33:00,360.2,7.5,15.6,16.3,1.24
2026-06-02 00:34:00,348.2,7.43,15.6,16.4,1.21
2026-06-02 00:35:00,369.7,7.44,15.8,16.2,1.16
2026-06-02 00:36:00,358.2,7.43,15.4,16.6,1.16
2026-06-02 00:37:00,366.3,7.19,15.6,16.5,1.19
2026-06-02 00:38:00,346.7,7.4,15.4,16.0,1.22
2026-06-02 00:39:00,353.4,7.28,15.6,16.3,1.22
2026-06-02 00:40:00,370.8,7.41,15.6,15.9,1.23
2026-06-02 00:41:00,354.4,7.28,15.3,16.2,1.16
2026-06-02 00:42:00,385.9,7.27,15.8,16.1,1.21
2026-06-02 00:43:00,354.0,7.55,15.6,16.3,1.24
2026-06-02 00:44:00,363.4,7.5,15.3,16.0,1.24
2026-06-02 00:45:00,374.0,7.39,15.4,16.2,1.21
2026-06-02 00:46:00,338.7,7.41,15.8,16.3,1.27
2026-06-02 00:47:00,333.6,7.37,15.6,16.3,1.22
2026-06-02 00:48:00,337.1,7.45,15.3,16.4,1.23
2026-06-02 00:49:00,378.9,7.32,15.3,16.2,1.2
2026-06-02 00:50:00,351.7,7.49,15.6,15.9,1.18
2026-06-02 00:51:00,398.4,7.36,15.6,16.3,1.17
2026-06-02 00:52:00,351.5,7.35,15.5,16.1,1.21
2026-06-02 00:53:00,362.8,7.39,15.4,16.6,1.19
2026-06-02 00:54:00,383.1,7.33,15.6,16.7,1.15
2026-06-02 00:55:00,390.1,7.42,15.4,15.7,1.17
2026-06-02 00:56:00,390.9,7.34,15.3,16.4,1.19
2026-06-02 00:57:00,378.1,7.44,15.8,16.5,1.22
2026-06-02 00:58:00,375.4,7.51,15.5,15.6,1.2
2026-06-02 00:59:00,368.9,7.32,15.3,16.4,1.2
2026-06-02 01:00:00,371.7,7.38,15.5,16.5,1.17
2026-06-02 01:01:00,351.7,7.44,15.4,15.8,1.2
2026-06-02 01:02:00,347.7,7.35,15.4,16.1,1.24
2026-06-02 01:03:00,359.9,7.44,15.5,16.2,1.2
2026-06-02 01:04:00,357.4,7.45,15.2,16.4,1.15
2026-06-02 01:05:00,353.2,7.5,15.6,15.7,1.16
2026-06-02 01:06:00,370.4,7.33,15.4,16.6,1.22
2026-06-02 01:07:00,374.3,7.3,15.1,15.3,1.19
2026-06-02 01:08:00,361.3,7.36,15.4,16.7,1.2
2026-06-02 01:09:00,382.2,7.29,15.3,16.3,1.18
2026-06-02 01:10:00,342.9,7.45,14.8,15.9,1.22
2026-06-02 01:11:00,357.1,7.27,15.4,16.5,1.19
2026-06-02 01:12:00,349.2,7.62,15.6,15.7,1.19
2026-06-02 01:13:00,332.0,7.52,15.4,16.2,1.17
2026-06-02 01:14:00,358.8,7.39,15.5,16.2,1.23
2026-06-02 01:15:00,358.2,7.48,15.4,16.2,1.19
2026-06-02 01:16:00,382.7,7.23,15.3,15.8,1.22
2026-06-02 01:17:00,369.5,7.64,15.2,15.9,1.16
2026-06-02 01:18:00,344.6,7.33,15.1,16.1,1.25
2026-06-02 01:19:00,387.8,7.38,15.5,15.8,1.24
2026-06-02 01:20:00,378.3,7.2,15.5,16.2,1.14
2026-06-02 01:21:00,368.7,7.44,15.3,15.8,1.18
2026-06-02 01:22:00,356.6,7.28,14.9,16.5,1.21
2026-06-02 01:23:00,345.6,7.4,15.4,16.7,1.16
2026-06-02 01:24:00,354.4,7.34,15.2,15.9,1.2
2026-06-02 01:25:00,376.3,7.28,15.4,16.4,1.21
2026-06-02 01:26:00,388.3,7.31,15.0,16.0,1.19
2026-06-02 01:27:00,383.1,7.41,15.3,15.7,1.22
2026-06-02 01:28:00,352.7,7.26,15.3,15.9,1.18
2026-06-02 01:29:00,343.2,7.32,14.8,16.1,1.13
2026-06-02 01:30:00,362.1,7.46,15.6,15.3,1.23
2026-06-02 01:31:00,333.5,7.65,15.2,16.3,1.23
2026-06-02 01:32:00,364.8,7.44,15.3,16.1,1.28
2026-06-02 01:33:00,357.8,7.3,15.4,16.4,1.13
2026-06-02 01:34:00,353.0,7.35,15.3,16.3,1.22
2026-06-02 01:35:00,336.1,7.39,15.4,16.1,1.14
2026-06-02 01:36:00,367.7,7.36,15.1,15.9,1.25
2026-06-02 01:37:00,352.0,7.48,15.3,16.6,1.21
2026-06-02 01:38:00,342.5,7.41,14.9,16.9,1.17
2026-06-02 01:39:00,316.9,7.48,15.2,15.9,1.22
2026-06-02 01:40:00,359.6,7.36,15.6,16.4,1.18
2026-06-02 01:41:00,386.6,7.52,15.0,15.7,1.21
2026-06-02 01:42:00,384.9,7.37,15.2,15.8,1.21
2026-06-02 01:43:00,353.1,7.29,14.8,15.9,1.25
2026-06-02 01:44:00,351.0,7.61,15.3,16.3,1.25
2026-06-02 01:45:00,367.0,7.21,15.3,15.6,1.18
2026-06-02 01:46:00,345.0,7.32,15.3,16.6,1.23
2026-06-02 01:47:00,364.5,7.33,15.1,16.4,1.21
2026-06-02 01:48:00,371.5,7.64,14.8,16.3,1.16
2026-06-02 01:49:00,378.4,7.57,15.0,15.9,1.18
2026-06-02 01:50:00,358.5,7.54,15.5,16.3,1.27
2026-06-02 01:51:00,356.9,7.36,15.4,14.8,1.21
2026-06-02 01:52:00,346.8,7.63,15.2,16.2,1.23
2026-06-02 01:53:00,347.6,7.43,15.3,16.1,1.19
2026-06-02 01:54:00,356.6,7.49,15.0,15.2,1.18
2026-06-02 01:55:00,365.5,7.41,15.5,16.2,1.2
2026-06-02 01:56:00,373.7,7.39,15.1,16.2,1.19
2026-06-02 01:57:00,348.0,7.36,15.3,15.3,1.16
2026-06-02 01:58:00,382.4,7.37,14.9,15.5,1.17
2026-06-02 01:59:00,355.9,7.45,15.2,16.8,1.22
2026-06-02 02:00:00,359.7,7.43,15.5,15.9,1.19
2026-06-02 02:01:00,348.8,7.39,15.0,16.4,1.2
2026-06-02 02:02:00,323.6,7.54,15.3,16.5,1.21
2026-06-02 02:03:00,373.3,7.09,15.0,16.2,1.21
2026-06-02 02:04:00,371.1,7.44,15.0,16.4,1.23
2026-06-02 02:05:00,355.8,7.46,15.2,15.2,1.17
2026-06-02 02:06:00,361.0,7.5,15.4,15.9,1.22
2026-06-02 02:07:00,367.7,7.38,15.1,14.8,1.22
2026-06-02 02:08:00,336.6,7.41,15.3,15.3,1.23
2026-06-02 02:09:00,352.1,7.49,15.4,15.8,1.16
2026-06-02 02:10:00,371.9,7.54,15.0,15.7,1.21
2026-06-02 02:11:00,341.2,7.36,14.9,16.0,1.25
2026-06-02 02:12:00,364.4,7.42,15.1,16.0,1.2
2026-06-02 02:13:00,339.7,7.56,15.4,16.1,1.21
2026-06-02 02:14:00,367.0,7.18,15.0,16.1,1.22
2026-06-02 02:15:00,359.5,7.32,15.4,16.1,1.17
2026-06-02 02:16:00,335.8,7.54,15.1,15.6,1.26
2026-06-02 02:17:00,377.5,7.5,15.5,15.7,1.21
2026-06-02 02:18:00,349.0,7.44,15.6,16.0,1.22
2026-06-02 02:19:00,347.8,7.35,15.3,16.0,1.15
2026-06-02 02:20:00,363.0,7.3,14.8,15.6,1.22
2026-06-02 02:21:00,377.2,7.33,14.7,16.5,1.22
2026-06-02 02:22:00,344.8,7.54,15.1,16.3,1.25
2026-06-02 02:23:00,360.9,7.33,15.3,15.7,1.19
2026-06-02 02:24:00,366.4,7.4,15.2,15.9,1.17
2026-06-02 02:25:00,370.4,7.31,15.0,16.8,1.18
2026-06-02 02:26:00,362.6,7.47,14.8,16.1,1.18
2026-06-02 02:27:00,354.5,7.34,15.3,16.2,1.17
2026-06-02 02:28:00,347.6,7.38,15.5,15.8,1.24
2026-06-02 02:29:00,361.3,7.22,15.0,15.9,1.24
2026-06-02 02:30:00,343.9,7.23,15.3,16.6,1.19
2026-06-02 02:31:00,316.2,7.39,15.6,16.1,1.19
2026-06-02 02:32:00,366.5,7.26,15.1,16.0,1.15
2026-06-02 02:33:00,373.6,7.6,15.1,16.1,1.22
2026-06-02 02:34:00,324.6,7.18,15.2,17.1,1.25
2026-06-02 02:35:00,344.9,7.31,15.0,16.1,1.18
2026-06-02 02:36:00,369.3,7.39,15.4,15.7,1.2
2026-06-02 02:37:00,390.9,7.35,15.0,15.8,1.21
2026-06-02 02:38:00,360.3,7.28,15.1,16.4,1.25
2026-06-02 02:39:00,349.1,7.29,14.8,15.5,1.21
2026-06-02 02:40:00,357.3,7.29,15.0,16.3,1.21
2026-06-02 02:41:00,380.6,7.36,14.9,15.8,1.21
2026-06-02 02:42:00,350.3,7.59,15.2,15.3,1.16
2026-06-02 02:43:00,348.0,7.4,14.8,15.7,1.16
2026-06-02 02:44:00,352.8,7.51,15.3,16.1,1.18
2026-06-02 02:45:00,345.7,7.44,14.9,16.7,1.23
2026-06-02 02:46:00,361.8,7.5,15.4,16.5,1.19
2026-06-02 02:47:00,384.4,7.11,15.3,16.0,1.18
2026-06-02 02:48:00,364.8,7.36,15.2,16.5,1.18
2026-06-02 02:49:00,356.2,7.52,14.8,16.0,1.2
2026-06-02 02:50:00,355.6,7.33,14.9,15.5,1.25
2026-06-02 02:51:00,336.6,7.57,14.9,16.1,1.2
2026-06-02 02:52:00,373.2,7.54,14.9,15.5,1.18
2026-06-02 02:53:00,358.8,7.34,15.4,16.4,1.2
2026-06-02 02:54:00,357.3,7.34,15.0,16.5,1.25
2026-06-02 02:55:00,407.9,7.29,14.9,15.8,1.18
2026-06-02 02:56:00,364.5,7.33,14.9,16.2,1.16
2026-06-02 02:57:00,348.7,7.27,14.9,16.2,1.18
2026-06-02 02:58:00,353.6,7.43,15.2,16.5,1.2
2026-06-02 02:59:00,377.2,7.24,14.7,15.7,1.22
2026-06-02 03:00:00,361.7,7.45,15.1,16.4,1.23
2026-06-02 03:01:00,338.4,7.45,15.1,15.6,1.17
2026-06-02 03:02:00,373.8,7.22,14.7,16.5,1.17
2026-06-02 03:03:00,350.0,7.54,14.8,16.6,1.19
2026-06-02 03:04:00,388.1,7.44,15.0,15.9,1.22
2026-06-02 03:05:00,376.2,7.46,15.3,16.7,1.16
2026-06-02 03:06:00,353.3,7.31,15.3,15.6,1.18
2026-06-02 03:07:00,379.2,7.45,14.9,16.7,1.18
2026-06-02 03:08:00,361.0,7.5,15.3,16.8,1.23
2026-06-02 03:09:00,372.8,7.38,15.0,16.4,1.22
2026-06-02 03:10:00,367.3,7.59,15.0,16.2,1.23
2026-06-02 03:11:00,347.3,7.39,15.1,16.4,1.24
2026-06-02 03:12:00,350.3,7.5,15.2,16.0,1.19
2026-06-02 03:13:00,375.4,7.42,14.9,17.3,1.16
2026-06-02 03:14:00,355.0,7.45,15.0,16.0,1.16
2026-06-02 03:15:00,353.9,7.22,14.8,16.8,1.14
2026-06-02 03:16:00,345.7,7.43,15.1,16.0,1.19
2026-06-02 03:17:00,366.4,7.32,15.2,16.9,1.19
2026-06-02 03:18:00,390.9,7.31,15.2,17.1,1.22
2026-06-02 03:19:00,344.0,7.56,14.8,16.4,1.2
2026-06-02 03:20:00,360.4,7.37,14.9,16.4,1.19
2026-06-02 03:21:00,381.2,7.29,15.3,15.9,1.2
2026-06-02 03:22:00,358.8,7.35,15.1,15.9,1.17
2026-06-02 03:23:00,366.8,7.26,15.0,16.4,1.23
2026-06-02 03:24:00,344.1,7.53,15.0,16.9,1.18
2026-06-02 03:25:00,366.4,7.32,15.1,16.1,1.17
2026-06-02 03:26:00,357.2,7.44,15.1,17.2,1.22
2026-06-02 03:27:00,374.8,7.53,14.9,16.1,1.22
2026-06-02 03:28:00,377.8,7.34,15.2,16.5,1.15
2026-06-02 03:29:00,398.8,7.44,14.8,16.5,1.23
2026-06-02 03:30:00,368.7,7.29,15.3,16.3,1.18
2026-06-02 03:31:00,364.9,7.63,14.8,15.6,1.19
2026-06-02 03:32:00,362.9,7.48,15.1,16.1,1.21
2026-06-02 03:33:00,354.7,7.37,15.0,16.5,1.22
2026-06-02 03:34:00,365.1,7.31,14.9,16.4,1.21
2026-06-02 03:35:00,355.6,7.38,15.3,16.7,1.2
2026-06-02 03:36:00,362.5,7.36,15.2,16.7,1.19
2026-06-02 03:37:00,379.8,7.59,15.0,16.3,1.21
2026-06-02 03:38:00,344.9,7.27,15.4,16.1,1.2
2026-06-02 03:39:00,377.1,7.4,15.2,17.1,1.25
2026-06-02 03:40:00,379.8,7.39,14.8,15.9,1.22
2026-06-02 03:41:00,358.2,7.38,14.6,16.2,1.17
2026-06-02 03:42:00,328.2,7.38,15.0,16.1,1.19
2026-06-02 03:43:00,350.9,7.38,15.3,16.8,1.2
2026-06-02 03:44:00,379.5,7.48,15.1,17.0,1.24
2026-06-02 03:45:00,359.7,7.45,15.3,16.4,1.24
2026-06-02 03:46:00,345.0,7.43,14.9,16.6,1.19
2026-06-02 03:47:00,352.4,7.09,15.0,16.7,1.17
2026-06-02 03:48:00,372.6,7.42,15.0,17.3,1.17
2026-06-02 03:49:00,368.2,7.22,15.0,15.8,1.21
2026-06-02 03:50:00,356.4,7.45,15.2,16.9,1.27
2026-06-02 03:51:00,354.5,7.54,15.3,16.7,1.22
2026-06-02 03:52:00,354.1,7.3,15.4,16.4,1.15
2026-06-02 03:53:00,346.2,7.36,15.3,16.7,1.18
2026-06-02 03:54:00,384.2,7.33,15.1,16.9,1.18
2026-06-02 03:55:00,355.2,7.51,14.9,16.8,1.18
2026-06-02 03:56:00,378.3,7.4,15.0,17.5,1.19
2026-06-02 03:57:00,382.8,7.56,15.1,16.7,1.21
2026-06-02 03:58:00,375.0,7.43,15.0,16.7,1.22
2026-06-02 03:59:00,353.5,7.41,14.8,16.6,1.23
2026-06-02 04:00:00,366.1,7.4,14.9,16.9,1.22
2026-06-02 04:01:00,359.6,7.47,15.2,16.7,1.14
2026-06-02 04:02:00,346.4,7.22,15.0,16.7,1.17
2026-06-02 04:03:00,364.9,7.4,15.0,16.7,1.2
2026-06-02 04:04:00,342.3,7.38,15.0,16.7,1.2
2026-06-02 04:05:00,377.8,7.46,14.8,16.5,1.23
2026-06-02 04:06:00,353.0,7.37,15.0,16.9,1.2
2026-06-02 04:07:00,363.0,7.29,14.9,16.6,1.2
2026-06-02 04:08:00,364.2,7.39,14.9,17.0,1.21
2026-06-02 04:09:00,356.1,7.28,14.8,16.8,1.19
2026-06-02 04:10:00,368.8,7.2,15.0,16.6,1.2
2026-06-02 04:11:00,352.9,7.46,15.1,17.4,1.23
2026-06-02 04:12:00,373.1,7.45,15.2,16.8,1.2
2026-06-02 04:13:00,339.8,7.44,14.7,17.1,1.2
2026-06-02 04:14:00,361.9,7.52,15.3,16.6,1.2
2026-06-02 04:15:00,389.1,7.32,15.1,16.0,1.24
2026-06-02 04:16:00,345.0,7.25,14.8,16.6,1.17
2026-06-02 04:17:00,349.8,7.38,14.9,16.0,1.25
2026-06-02 04:18:00,367.7,7.36,14.6,16.8,1.16
2026-06-02 04:19:00,362.7,7.31,14.7,17.5,1.18
2026-06-02 04:20:00,365.3,7.38,15.3,16.5,1.22
2026-06-02 04:21:00,367.3,7.33,14.9,16.1,1.23
2026-06-02 04:22:00,369.5,7.21,15.1,17.5,1.16
2026-06-02 04:23:00,376.6,7.35,15.0,16.8,1.17
2026-06-02 04:24:00,366.1,7.28,15.0,16.9,1.21
2026-06-02 04:25:00,356.4,7.41,15.1,17.3,1.27
2026-06-02 04:26:00,370.1,7.32,14.6,17.2,1.24
2026-06-02 04:27:00,388.5,7.5,15.3,17.3,1.19
2026-06-02 04:28:00,358.0,7.55,15.0,17.4,1.13
2026-06-02 04:29:00,345.4,7.46,14.9,16.3,1.2
2026-06-02 04:30:00,376.6,7.23,15.1,16.5,1.21
2026-06-02 04:31:00,358.2,7.54,14.9,17.5,1.19
2026-06-02 04:32:00,327.4,7.55,15.1,16.7,1.17
2026-06-02 04:33:00,372.7,7.39,15.0,16.8,1.2
2026-06-02 04:34:00,352.0,7.52,15.2,16.6,1.17
2026-06-02 04:35:00,358.6,7.33,15.0,16.9,1.26
2026-06-02 04:36:00,365.0,7.2,14.8,17.0,1.25
2026-06-02 04:37:00,362.9,7.31,15.1,16.8,1.22
2026-06-02 04:38:00,370.6,7.56,15.0,16.7,1.2
2026-06-02 04:39:00,353.5,7.24,14.7,17.3,1.18
2026-06-02 04:40:00,367.7,7.39,15.1,16.8,1.2
2026-06-02 04:41:00,356.1,7.39,14.9,16.9,1.25
2026-06-02 04:42:00,371.1,7.34,15.1,16.3,1.23
2026-06-02 04:43:00,369.2,7.35,14.9,18.0,1.21
2026-06-02 04:44:00,346.0,7.4,14.8,17.6,1.23
2026-06-02 04:45:00,376.3,7.33,15.3,17.0,1.22
2026-06-02 04:46:00,352.0,7.25,15.2,16.9,1.21
2026-06-02 04:47:00,372.1,7.41,15.0,17.3,1.23
2026-06-02 04:48:00,365.5,7.5,15.1,17.3,1.22
2026-06-02 04:49:00,387.6,7.48,15.2,16.8,1.23
2026-06-02 04:50:00,356.6,7.31,15.0,16.3,1.2
2026-06-02 04:51:00,354.8,7.26,14.8,17.1,1.19
2026-06-02 04:52:00,359.7,7.36,15.1,16.7,1.18
2026-06-02 04:53:00,355.5,7.55,15.2,17.4,1.18
2026-06-02 04:54:00,372.0,7.45,15.2,17.4,1.15
2026-06-02 04:55:00,335.8,7.46,15.1,17.0,1.17
2026-06-02 04:56:00,344.2,7.48,15.2,17.2,1.17
2026-06-02 04:57:00,344.0,7.43,15.0,18.1,1.18
2026-06-02 04:58:00,374.3,7.4,15.3,17.7,1.25
2026-06-02 04:59:00,385.7,7.46,15.3,17.3,1.2
2026-06-02 05:00:00,358.4,7.34,14.8,18.4,1.21
2026-06-02 05:01:00,357.5,7.25,15.3,17.0,1.21
2026-06-02 05:02:00,361.1,7.46,15.5,17.2,1.25
2026-06-02 05:03:00,377.4,7.51,15.2,17.5,1.18
2026-06-02 05:04:00,346.1,7.28,15.3,16.9,1.19
2026-06-02 05:05:00,363.6,7.47,14.9,18.3,1.2
2026-06-02 05:06:00,374.6,7.56,15.0,17.6,1.23
2026-06-02 05:07:00,367.5,7.39,15.0,17.3,1.24
2026-06-02 05:08:00,362.8,7.31,15.0,17.8,1.21
2026-06-02 05:09:00,375.0,7.4,14.8,17.7,1.24
2026-06-02 05:10:00,319.5,7.33,15.0,17.5,1.21
2026-06-02 05:11:00,370.2,7.33,15.2,17.2,1.19
2026-06-02 05:12:00,350.2,7.43,14.8,17.1,1.24
2026-06-02 05:13:00,332.5,7.23,15.1,18.5,1.21
2026-06-02 05:14:00,367.7,7.25,15.1,17.1,1.18
2026-06-02 05:15:00,380.6,7.39,15.0,18.4,1.23
2026-06-02 05:16:00,357.9,7.39,15.2,17.4,1.19
2026-06-02 05:17:00,374.3,7.42,15.2,18.1,1.19
2026-06-02 05:18:00,384.2,7.58,15.0,17.9,1.23
2026-06-02 05:19:00,379.7,7.4,15.3,18.0,1.2
2026-06-02 05:20:00,384.6,7.45,15.2,18.1,1.21
2026-06-02 05:21:00,371.1,7.29,15.4,17.2,1.22
2026-06-02 05:22:00,361.1,7.47,15.1,17.5,1.18
2026-06-02 05:23:00,336.0,7.34,15.0,17.3,1.21
2026-06-02 05:24:00,356.3,7.4,15.1,17.9,1.24
2026-06-02 05:25:00,347.4,7.38,15.3,17.3,1.17
2026-06-02 05:26:00,392.6,7.49,15.1,17.1,1.21
2026-06-02 05:27:00,357.4,7.26,15.1,17.8,1.18
2026-06-02 05:28:00,361.8,7.16,15.5,17.0,1.23
2026-06-02 05:29:00,368.3,7.37,14.8,18.0,1.23
2026-06-02 05:30:00,360.7,7.44,15.2,17.5,1.19
2026-06-02 05:31:00,385.4,7.41,15.1,17.6,1.27
2026-06-02 05:32:00,350.7,7.51,15.1,17.1,1.23
2026-06-02 05:33:00,362.9,7.43,14.9,18.7,1.22
2026-06-02 05:34:00,348.9,7.33,15.0,17.4,1.22
2026-06-02 05:35:00,340.2,7.16,15.0,17.9,1.23
2026-06-02 05:36:00,350.8,7.37,15.2,17.3,1.17
2026-06-02 05:37:00,359.4,7.49,15.3,17.7,1.21
2026-06-02 05:38:00,353.6,7.35,14.8,18.8,1.21
2026-06-02 05:39:00,349.6,7.39,14.9,18.2,1.19
2026-06-02 05:40:00,338.9,7.43,15.3,17.8,1.21
2026-06-02 05:41:00,358.8,7.29,15.3,18.1,1.24
2026-06-02 05:42:00,337.4,7.45,14.9,17.9,1.19
2026-06-02 05:43:00,371.4,7.55,15.3,18.1,1.2
2026-06-02 05:44:00,361.2,7.37,15.1,18.5,1.18
2026-06-02 05:45:00,338.1,7.28,15.3,18.1,1.15
2026-06-02 05:46:00,355.4,7.38,15.0,18.3,1.22
2026-06-02 05:47:00,348.7,7.17,14.9,18.4,1.2
2026-06-02 05:48:00,364.8,7.42,15.1,18.1,1.2
2026-06-02 05:49:00,380.1,7.44,15.1,18.0,1.17
2026-06-02 05:50:00,331.9,7.56,15.1,18.1,1.19
2026-06-02 05:51:00,361.7,7.37,15.1,18.6,1.23
2026-06-02 05:52:00,357.6,7.43,15.5,18.7,1.2
2026-06-02 05:53:00,370.1,7.3,14.8,17.9,1.2
2026-06-02 05:54:00,363.2,7.35,15.0,18.3,1.21
2026-06-02 05:55:00,348.7,7.24,15.1,18.1,1.16
2026-06-02 05:56:00,355.2,7.37,15.2,18.7,1.22
2026-06-02 05:57:00,348.1,7.36,15.3,18.3,1.16
2026-06-02 05:58:00,376.1,7.42,15.4,19.3,1.17
2026-06-02 05:59:00,360.3,7.33,15.4,18.6,1.17
2026-06-02 06:00:00,388.5,7.4,15.3,19.0,1.19
2026-06-02 06:01:00,359.1,7.36,14.9,18.1,1.19
2026-06-02 06:02:00,349.4,7.36,14.9,18.5,1.2
2026-06-02 06:03:00,337.3,7.4,15.4,18.8,1.17
2026-06-02 06:04:00,333.0,7.39,15.4,18.2,1.23
2026-06-02 06:05:00,336.2,7.47,15.3,18.6,1.23
2026-06-02 06:06:00,364.0,7.38,15.1,19.0,1.19
2026-06-02 06:07:00,367.6,7.36,15.2,18.5,1.19
2026-06-02 06:08:00,336.3,7.37,15.1,18.3,1.18
2026-06-02 06:09:00,373.4,7.32,15.0,19.4,1.19
2026-06-02 06:10:00,352.8,7.35,15.3,18.2,1.16
2026-06-02 06:11:00,362.2,7.59,15.7,18.8,1.17
2026-06-02 06:12:00,384.2,7.3,15.1,18.4,1.23
2026-06-02 06:13:00,373.5,7.36,15.5,18.4,1.21
2026-06-02 06:14:00,356.0,7.35,15.1,19.1,1.25
2026-06-02 06:15:00,346.6,7.37,14.9,18.7,1.19
2026-06-02 06:16:00,327.7,7.36,15.5,19.0,1.19
2026-06-02 06:17:00,349.2,7.42,15.2,17.9,1.19
2026-06-02 06:18:00,356.8,7.22,15.5,19.0,1.19
2026-06-02 06:19:00,345.2,7.49,15.6,18.6,1.18
2026-06-02 06:20:00,358.0,7.45,15.2,18.1,1.21
2026-06-02 06:21:00,361.2,7.27,15.5,19.7,1.2
2026-06-02 06:22:00,356.6,7.16,15.1,19.2,1.18
2026-06-02 06:23:00,350.2,7.29,15.1,19.0,1.24
2026-06-02 06:24:00,362.5,7.37,15.5,19.5,1.26
2026-06-02 06:25:00,366.6,7.65,15.0,19.1,1.23
2026-06-02 06:26:00,343.6,7.44,15.3,18.7,1.22
2026-06-02 06:27:00,381.2,7.21,15.5,19.0,1.22
2026-06-02 06:28:00,358.5,7.32,15.6,18.8,1.26
2026-06-02 06:29:00,360.3,7.38,15.2,18.9,1.22
2026-06-02 06:30:00,370.6,7.42,15.5,18.6,1.18
2026-06-02 06:31:00,363.5,7.26,15.1,18.7,1.21
2026-06-02 06:32:00,374.3,7.38,15.2,19.5,1.22
2026-06-02 06:33:00,364.3,7.32,15.4,19.3,1.17
2026-06-02 06:34:00,350.8,7.28,15.4,19.0,1.19
2026-06-02 06:35:00,365.4,7.42,15.1,18.8,1.23
2026-06-02 06:36:00,342.8,7.47,15.7,19.0,1.15
2026-06-02 06:37:00,361.6,7.47,15.0,18.6,1.16
2026-06-02 06:38:00,359.5,7.45,15.4,19.3,1.19
2026-06-02 06:39:00,356.9,7.34,15.4,19.6,1.21
2026-06-02 06:40:00,358.1,7.46,15.0,20.2,1.16
2026-06-02 06:41:00,331.8,7.42,15.6,18.9,1.2
2026-06-02 06:42:00,351.8,7.4,15.2,19.7,1.23
2026-06-02 06:43:00,361.4,7.33,15.4,19.1,1.2
2026-06-02 06:44:00,362.4,7.34,15.4,18.9,1.23
2026-06-02 06:45:00,344.6,7.4,15.1,18.9,1.18
2026-06-02 06:46:00,379.0,7.63,15.2,19.5,1.18
2026-06-02 06:47:00,347.0,7.42,15.7,19.1,1.23
2026-06-02 06:48:00,374.5,7.33,15.4,19.2,1.21
2026-06-02 06:49:00,366.4,7.31,14.9,19.3,1.16
2026-06-02 06:50:00,350.3,7.34,15.3,19.2,1.18
2026-06-02 06:51:00,386.6,7.61,15.4,19.2,1.25
2026-06-02 06:52:00,342.1,7.35,15.4,18.6,1.17
2026-06-02 06:53:00,373.8,7.48,15.0,19.6,1.23
2026-06-02 06:54:00,375.0,7.35,15.4,19.6,1.19
2026-06-02 06:55:00,349.9,7.42,15.2,19.3,1.2
2026-06-02 06:56:00,380.9,7.47,15.5,19.8,1.21
2026-06-02 06:57:00,356.2,7.33,15.5,20.2,1.14
2026-06-02 06:58:00,364.3,7.33,15.5,19.7,1.16
2026-06-02 06:59:00,363.9,7.56,15.7,20.2,1.2
2026-06-02 07:00:00,358.0,7.49,15.9,20.6,1.18
2026-06-02 07:01:00,372.2,7.47,15.2,20.7,1.23
2026-06-02 07:02:00,371.9,7.47,15.4,19.3,1.15
2026-06-02 07:03:00,333.8,7.44,15.6,19.3,1.22
2026-06-02 07:04:00,379.6,7.59,15.4,19.6,1.16
2026-06-02 07:05:00,335.1,7.39,14.9,19.9,1.19
2026-06-02 07:06:00,375.5,7.45,15.4,20.5,1.17
2026-06-02 07:07:00,376.9,7.24,15.7,20.1,1.26
2026-06-02 07:08:00,343.6,7.31,15.2,19.4,1.16
2026-06-02 07:09:00,353.8,7.27,15.5,19.7,1.2
2026-06-02 07:10:00,343.4,7.52,15.1,19.9,1.15
2026-06-02 07:11:00,356.8,7.13,15.7,19.3,1.25
2026-06-02 07:12:00,355.4,7.35,15.5,20.0,1.21
2026-06-02 07:13:00,371.7,7.09,15.4,19.5,1.2
2026-06-02 07:14:00,379.7,7.31,15.4,19.3,1.24
2026-06-02 07:15:00,380.9,7.34,15.2,19.6,1.2
2026-06-02 07:16:00,351.6,7.53,15.7,20.2,1.21
2026-06-02 07:17:00,356.9,7.43,15.4,20.2,1.2
2026-06-02 07:18:00,334.7,7.31,15.6,20.1,1.22
2026-06-02 07:19:00,347.9,7.5,15.3,20.5,1.19
2026-06-02 07:20:00,374.5,7.39,16.0,20.5,1.19
2026-06-02 07:21:00,384.2,7.39,15.9,20.2,1.22
2026-06-02 07:22:00,341.5,7.27,16.0,20.2,1.21
2026-06-02 07:23:00,351.1,7.29,16.0,20.2,1.2
2026-06-02 07:24:00,359.6,7.31,15.4,20.2,1.16
2026-06-02 07:25:00,364.2,7.39,15.4,19.4,1.24
2026-06-02 07:26:00,347.9,7.4,16.0,20.7,1.18
2026-06-02 07:27:00,366.4,7.54,15.5,20.4,1.23
2026-06-02 07:28:00,352.9,7.43,15.7,19.8,1.21
2026-06-02 07:29:00,359.8,7.12,15.5,20.9,1.16
2026-06-02 07:30:00,368.2,7.42,15.5,20.1,1.24
2026-06-02 07:31:00,360.1,7.24,15.8,20.3,1.21
2026-06-02 07:32:00,353.5,7.29,15.2,20.8,1.24
2026-06-02 07:33:00,358.4,7.31,15.8,20.5,1.19
2026-06-02 07:34:00,358.7,7.32,15.7,21.0,1.22
2026-06-02 07:35:00,354.4,7.25,15.5,20.3,1.15
2026-06-02 07:36:00,356.1,7.41,15.6,21.2,1.18
2026-06-02 07:37:00,384.0,7.25,15.7,20.2,1.16
2026-06-02 07:38:00,368.4,7.43,15.7,21.0,1.19
2026-06-02 07:39:00,355.6,7.61,15.8,19.6,1.21
2026-06-02 07:40:00,370.5,7.26,15.5,20.1,1.18
2026-06-02 07:41:00,355.0,7.36,16.2,20.7,1.23
2026-06-02 07:42:00,377.6,7.14,15.6,20.4,1.17
2026-06-02 07:43:00,365.5,7.36,15.6,20.6,1.23
2026-06-02 07:44:00,358.4,7.45,16.1,20.7,1.24
2026-06-02 07:45:00,366.7,7.46,15.3,20.2,1.23
2026-06-02 07:46:00,336.4,7.4,16.1,20.2,1.19
2026-06-02 07:47:00,343.1,7.48,15.7,20.8,1.14
2026-06-02 07:48:00,342.1,7.64,15.6,20.5,1.22
2026-06-02 07:49:00,362.1,7.56,15.5,21.3,1.2
2026-06-02 07:50:00,386.0,7.34,15.4,20.7,1.17
2026-06-02 07:51:00,393.5,7.24,15.6,21.1,1.18
2026-06-02 07:52:00,369.6,7.35,15.8,21.0,1.24
2026-06-02 07:53:00,367.5,7.3,15.8,20.6,1.17
2026-06-02 07:54:00,333.0,7.44,15.8,20.1,1.21
2026-06-02 07:55:00,351.9,7.27,15.6,21.4,1.21
2026-06-02 07:56:00,348.2,7.38,16.0,20.5,1.19
2026-06-02 07:57:00,350.7,7.47,16.3,20.8,1.22
2026-06-02 07:58:00,357.5,7.38,16.0,20.9,1.25
2026-06-02 07:59:00,352.9,7.3,15.7,21.0,1.19
2026-06-02 08:00:00,330.3,7.51,15.9,21.4,1.19
2026-06-02 08:01:00,371.2,7.2,15.9,21.0,1.22
2026-06-02 08:02:00,343.9,7.36,16.1,21.0,1.23
2026-06-02 08:03:00,363.6,7.39,15.7,21.5,1.2
2026-06-02 08:04:00,391.1,7.39,15.6,21.3,1.19
2026-06-02 08:05:00,346.2,7.41,16.0,20.8,1.13
2026-06-02 08:06:00,322.0,7.45,15.9,20.7,1.18
2026-06-02 08:07:00,355.7,7.39,15.6,20.8,1.17
2026-06-02 08:08:00,376.5,7.35,15.9,21.2,1.22
2026-06-02 08:09:00,389.4,7.35,16.2,20.7,1.19
2026-06-02 08:10:00,341.6,7.33,15.7,21.3,1.19
2026-06-02 08:11:00,367.5,7.47,15.6,21.2,1.2
2026-06-02 08:12:00,353.0,7.33,15.8,20.2,1.17
2026-06-02 08:13:00,358.4,7.47,16.0,20.7,1.25
2026-06-02 08:14:00,399.7,7.39,15.8,20.2,1.24
2026-06-02 08:15:00,337.5,7.34,16.1,21.2,1.25
2026-06-02 08:16:00,363.8,7.45,15.9,21.8,1.22
2026-06-02 08:17:00,367.0,7.32,16.1,20.6,1.2
2026-06-02 08:18:00,376.3,7.45,15.7,20.9,1.25
2026-06-02 08:19:00,361.5,7.41,15.6,21.3,1.18
2026-06-02 08:20:00,364.6,7.33,15.8,21.0,1.17
2026-06-02 08:21:00,354.1,7.44,15.6,21.0,1.18
2026-06-02 08:22:00,364.0,7.44,16.0,21.7,1.22
2026-06-02 08:23:00,354.9,7.51,15.5,21.3,1.18
2026-06-02 08:24:00,369.3,7.49,15.8,20.9,1.2
2026-06-02 08:25:00,354.5,7.44,15.8,20.7,1.15
2026-06-02 08:26:00,365.7,7.28,15.7,22.4,1.21
2026-06-02 08:27:00,359.6,7.63,15.8,22.0,1.15
2026-06-02 08:28:00,376.9,7.25,15.9,21.4,1.17
2026-06-02 08:29:00,359.2,7.48,16.2,21.7,1.24
2026-06-02 08:30:00,333.4,7.43,15.7,21.5,1.24
2026-06-02 08:31:00,378.9,7.27,16.0,21.9,1.21
2026-06-02 08:32:00,346.4,7.38,16.0,21.4,1.21
2026-06-02 08:33:00,350.2,7.38,15.9,21.5,1.18
2026-06-02 08:34:00,351.1,7.52,15.9,21.9,1.18
2026-06-02 08:35:00,380.6,7.32,15.7,22.3,1.19
2026-06-02 08:36:00,328.0,7.36,16.3,22.1,1.15
2026-06-02 08:37:00,407.1,7.16,16.0,22.3,1.21
2026-06-02 08:38:00,375.8,7.56,15.9,21.7,1.2
2026-06-02 08:39:00,363.3,7.28,16.4,21.6,1.17
2026-06-02 08:40:00,359.2,7.42,16.0,21.1,1.25
2026-06-02 08:41:00,364.3,7.38,16.5,21.9,1.22
2026-06-02 08:42:00,367.8,7.38,15.7,22.1,1.22
2026-06-02 08:43:00,369.7,7.47,16.0,21.8,1.19
2026-06-02 08:44:00,368.3,7.56,15.7,21.6,1.2
2026-06-02 08:45:00,361.3,7.42,16.0,22.5,1.22
2026-06-02 08:46:00,357.0,7.46,16.0,22.2,1.2
2026-06-02 08:47:00,357.7,7.42,15.9,22.5,1.25
2026-06-02 08:48:00,357.1,7.49,16.0,21.7,1.19
2026-06-02 08:49:00,377.0,7.34,16.0,21.8,1.18
2026-06-02 08:50:00,368.9,7.5,16.0,22.6,1.22
2026-06-02 08:51:00,315.9,7.5,15.9,22.1,1.16
2026-06-02 08:52:00,369.8,7.5,16.4,21.9,1.23
2026-06-02 08:53:00,362.9,7.32,15.8,21.9,1.16
2026-06-02 08:54:00,359.7,7.37,16.1,22.2,1.22
2026-06-02 08:55:00,354.2,7.41,15.8,22.6,1.18
2026-06-02 08:56:00,376.9,7.25,15.9,22.1,1.21
2026-06-02 08:57:00,374.2,7.55,15.9,22.5,1.23
2026-06-02 08:58:00,348.4,7.39,16.1,22.4,1.2
2026-06-02 08:59:00,366.1,7.42,16.1,21.9,1.16
2026-06-02 09:00:00,345.4,7.33,15.9,21.9,1.17
2026-06-02 09:01:00,339.3,7.26,16.0,22.1,1.18
2026-06-02 09:02:00,350.6,7.33,15.9,21.8,1.14
2026-06-02 09:03:00,372.9,7.41,15.9,22.2,1.23
2026-06-02 09:04:00,374.3,7.46,16.4,23.0,1.2
2026-06-02 09:05:00,367.7,7.41,15.9,22.4,1.17
2026-06-02 09:06:00,370.9,7.42,16.2,22.1,1.24
2026-06-02 09:07:00,367.7,7.36,16.5,23.2,1.18
2026-06-02 09:08:00,350.4,7.44,16.4,22.1,1.21
2026-06-02 09:09:00,366.5,7.54,16.3,22.1,1.18
2026-06-02 09:10:00,372.0,7.46,16.2,23.0,1.14
2026-06-02 09:11:00,371.3,7.47,16.3,22.8,1.16
2026-06-02 09:12:00,377.8,7.42,16.3,22.5,1.19
2026-06-02 09:13:00,370.6,7.24,16.5,22.9,1.23
2026-06-02 09:14:00,365.3,7.29,16.2,22.7,1.21
2026-06-02 09:15:00,376.1,7.44,16.4,22.1,1.2
2026-06-02 09:16:00,359.6,7.39,16.1,21.7,1.14
2026-06-02 09:17:00,346.8,7.43,16.6,22.4,1.24
2026-06-02 09:18:00,357.6,7.56,16.2,23.1,1.21
2026-06-02 09:19:00,348.8,7.46,15.9,22.5,1.2
2026-06-02 09:20:00,349.9,7.52,16.3,22.9,1.23
2026-06-02 09:21:00,357.8,7.4,16.4,22.8,1.24
2026-06-02 09:22:00,348.1,7.31,16.6,22.1,1.23
2026-06-02 09:23:00,355.4,7.38,16.1,22.6,1.19
2026-06-02 09:24:00,331.6,7.31,15.9,22.9,1.17
2026-06-02 09:25:00,363.2,7.55,16.4,22.5,1.23
2026-06-02 09:26:00,360.0,7.47,16.4,22.7,1.16
2026-06-02 09:27:00,347.7,7.44,16.0,23.0,1.26
2026-06-02 09:28:00,369.9,7.51,16.2,22.9,1.2
2026-06-02 09:29:00,374.1,7.19,16.2,23.3,1.17
2026-06-02 09:30:00,335.9,7.45,16.5,23.1,1.16
2026-06-02 09:31:00,348.6,7.26,16.2,22.6,1.16
2026-06-02 09:32:00,348.5,7.39,16.2,22.8,1.2
2026-06-02 09:33:00,345.9,7.36,16.3,23.0,1.2
2026-06-02 09:34:00,372.4,7.46,16.1,23.5,1.16
2026-06-02 09:35:00,357.1,7.41,16.7,22.8,1.19
2026-06-02 09:36:00,356.0,7.52,16.5,22.3,1.16
2026-06-02 09:37:00,329.9,7.33,16.2,23.2,1.22
2026-06-02 09:38:00,369.5,7.46,16.1,22.8,1.2
2026-06-02 09:39:00,341.4,7.41,16.2,22.6,1.19
2026-06-02 09:40:00,360.9,7.23,16.5,23.1,1.16
2026-06-02 09:41:00,364.2,7.3,16.2,23.5,1.19
2026-06-02 09:42:00,380.4,7.38,16.3,22.9,1.19
2026-06-02 09:43:00,340.4,7.5,16.1,23.4,1.21
2026-06-02 09:44:00,314.7,7.44,16.5,23.5,1.21
2026-06-02 09:45:00,362.8,7.27,16.5,23.5,1.22
2026-06-02 09:46:00,387.0,7.38,16.4,22.9,1.19
2026-06-02 09:47:00,378.6,7.59,16.5,22.8,1.14
2026-06-02 09:48:00,363.1,7.4,16.6,22.9,1.23
2026-06-02 09:49:00,352.6,7.36,16.5,23.6,1.17
2026-06-02 09:50:00,372.1,7.44,16.6,23.6,1.17
2026-06-02 09:51:00,345.4,7.47,16.2,22.9,1.2
2026-06-02 09:52:00,367.1,7.34,16.5,24.2,1.21
2026-06-02 09:53:00,367.6,7.44,16.5,22.9,1.18
2026-06-02 09:54:00,375.9,7.36,16.7,23.8,1.18
2026-06-02 09:55:00,401.4,7.46,16.5,24.0,1.19
2026-06-02 09:56:00,365.9,7.41,16.5,23.5,1.24
2026-06-02 09:57:00,352.4,7.44,16.4,23.1,1.2
2026-06-02 09:58:00,359.6,7.31,16.8,23.2,1.17
2026-06-02 09:59:00,333.5,7.31,16.0,23.4,1.17
2026-06-02 10:00:00,349.6,7.48,16.6,23.9,1.19
2026-06-02 10:01:00,353.9,7.38,16.5,23.0,1.21
2026-06-02 10:02:00,352.1,7.42,16.5,22.8,1.21
2026-06-02 10:03:00,362.3,7.36,16.5,23.7,1.2
2026-06-02 10:04:00,347.7,7.48,16.5,23.8,1.17
2026-06-02 10:05:00,376.8,7.33,16.6,24.4,1.19
2026-06-02 10:06:00,360.0,7.38,16.4,23.1,1.22
2026-06-02 10:07:00,359.9,7.47,16.6,23.6,1.17
2026-06-02 10:08:00,355.1,7.51,16.6,24.1,1.19
2026-06-02 10:09:00,362.3,7.34,16.4,23.7,1.22
2026-06-02 10:10:00,372.4,7.59,16.7,23.6,1.23
2026-06-02 10:11:00,347.0,7.42,16.6,24.0,1.19
2026-06-02 10:12:00,350.1,7.29,16.4,23.5,1.19
2026-06-02 10:13:00,355.4,7.43,16.3,24.1,1.16
2026-06-02 10:14:00,339.8,7.35,16.4,23.3,1.22
2026-06-02 10:15:00,347.7,7.43,16.6,23.2,1.24
2026-06-02 10:16:00,352.9,7.39,16.6,23.7,1.28
2026-06-02 10:17:00,373.1,7.4,16.9,22.8,1.21
2026-06-02 10:18:00,363.9,7.3,16.5,23.9,1.2
2026-06-02 10:19:00,362.9,7.49,16.4,23.2,1.17
2026-06-02 10:20:00,372.8,7.27,16.8,24.0,1.14
2026-06-02 10:21:00,357.9,7.28,16.4,24.0,1.21
2026-06-02 10:22:00,365.9,7.43,16.5,23.9,1.27
2026-06-02 10:23:00,358.5,7.55,16.5,24.1,1.24
2026-06-02 10:24:00,364.0,7.35,16.1,24.0,1.23
2026-06-02 10:25:00,351.3,7.46,16.8,23.8,1.21
2026-06-02 10:26:00,323.4,7.5,16.9,24.7,1.21
2026-06-02 10:27:00,358.0,7.47,16.9,24.1,1.13
2026-06-02 10:28:00,381.3,7.36,17.1,24.3,1.22
2026-06-02 10:29:00,373.9,7.28,17.0,24.5,1.18
2026-06-02 10:30:00,374.5,7.17,16.6,24.3,1.18
2026-06-02 10:31:00,378.5,7.36,16.9,24.9,1.19
2026-06-02 10:32:00,361.3,7.51,16.7,24.1,1.19
2026-06-02 10:33:00,363.0,7.28,16.6,24.1,1.18
2026-06-02 10:34:00,350.7,7.46,16.6,23.9,1.2
2026-06-02 10:35:00,355.3,7.29,16.7,24.0,1.18
2026-06-02 10:36:00,369.2,7.4,16.8,23.9,1.2
2026-06-02 10:37:00,378.1,7.46,17.1,24.4,1.16
2026-06-02 10:38:00,357.9,7.32,16.9,23.8,1.19
2026-06-02 10:39:00,353.2,7.41,16.6,24.2,1.17
2026-06-02 10:40:00,360.0,7.35,16.6,24.4,1.18
2026-06-02 10:41:00,369.0,7.46,16.9,24.3,1.2
2026-06-02 10:42:00,338.3,7.41,17.0,23.9,1.15
2026-06-02 10:43:00,325.6,7.4,17.0,24.5,1.18
2026-06-02 10:44:00,351.7,7.55,16.7,24.2,1.22
2026-06-02 10:45:00,341.7,7.46,16.9,23.1,1.16
2026-06-02 10:46:00,352.4,7.32,17.0,23.9,1.25
2026-06-02 10:47:00,357.8,7.38,16.5,24.9,1.24
2026-06-02 10:48:00,353.2,7.38,16.9,24.9,1.19
2026-06-02 10:49:00,381.8,7.4,17.0,24.6,1.18
2026-06-02 10:50:00,364.9,7.64,16.9,24.7,1.21
2026-06-02 10:51:00,364.5,7.43,16.8,24.1,1.16
2026-06-02 10:52:00,369.3,7.19,17.4,24.3,1.14
2026-06-02 10:53:00,342.9,7.34,17.2,24.9,1.19
2026-06-02 10:54:00,375.6,7.2,16.9,24.6,1.2
2026-06-02 10:55:00,358.9,7.36,16.8,24.5,1.2
2026-06-02 10:56:00,370.1,7.19,17.0,24.4,1.18
2026-06-02 10:57:00,343.9,7.3,16.9,25.0,1.24
2026-06-02 10:58:00,336.7,7.24,17.1,25.0,1.16
2026-06-02 10:59:00,372.3,7.43,16.6,24.8,1.17
2026-06-02 11:00:00,365.6,7.39,16.8,24.6,1.21
2026-06-02 11:01:00,346.5,7.42,17.0,24.4,1.17
2026-06-02 11:02:00,347.0,7.38,17.1,24.8,1.16
2026-06-02 11:03:00,376.9,7.25,16.6,24.1,1.2
2026-06-02 11:04:00,342.2,7.44,16.7,24.2,1.17
2026-06-02 11:05:00,384.6,7.58,16.6,24.0,1.2
2026-06-02 11:06:00,346.5,7.43,16.8,25.1,1.18
2026-06-02 11:07:00,369.6,7.35,16.7,24.4,1.17
2026-06-02 11:08:00,355.1,7.25,17.0,24.8,1.14
2026-06-02 11:09:00,369.0,7.3,17.0,24.6,1.2
2026-06-02 11:10:00,351.8,7.44,16.9,25.8,1.16
2026-06-02 11:11:00,357.6,7.5,17.0,24.9,1.19
2026-06-02 11:12:00,360.6,7.42,17.2,24.0,1.18
2026-06-02 11:13:00,345.0,7.47,16.8,25.2,1.19
2026-06-02 11:14:00,371.1,7.46,16.6,24.6,1.2
2026-06-02 11:15:00,352.3,7.44,17.1,24.7,1.21
2026-06-02 11:16:00,356.6,7.32,16.9,24.5,1.18
2026-06-02 11:17:00,345.1,7.41,16.8,24.9,1.24
2026-06-02 11:18:00,321.6,7.31,17.1,24.9,1.14
2026-06-02 11:19:00,357.1,7.39,16.6,24.6,1.19
2026-06-02 11:20:00,396.2,7.42,16.8,24.6,1.23
2026-06-02 11:21:00,371.8,7.56,16.5,24.9,1.21
2026-06-02 11:22:00,359.7,7.26,17.1,23.9,1.17
2026-06-02 11:23:00,356.1,7.44,17.3,24.3,1.18
2026-06-02 11:24:00,360.3,7.54,16.9,25.6,1.17
2026-06-02 11:25:00,368.2,7.47,16.9,25.0,1.22
2026-06-02 11:26:00,342.3,7.47,17.4,24.7,1.18
2026-06-02 11:27:00,376.7,7.45,17.2,24.2,1.21
2026-06-02 11:28:00,370.7,7.52,17.5,24.9,1.21
2026-06-02 11:29:00,370.8,7.28,17.1,25.3,1.27
2026-06-02 11:30:00,366.6,7.25,17.1,26.0,1.21
2026-06-02 11:31:00,360.3,7.39,17.4,25.7,1.18
2026-06-02 11:32:00,370.1,7.17,17.1,24.6,1.16
2026-06-02 11:33:00,368.9,7.51,17.1,24.8,1.19
2026-06-02 11:34:00,354.7,7.51,16.6,24.4,1.2
2026-06-02 11:35:00,351.4,7.35,17.5,24.7,1.13
2026-06-02 11:36:00,361.5,7.35,17.2,25.0,1.18
2026-06-02 11:37:00,383.2,7.38,17.1,24.9,1.21
2026-06-02 11:38:00,341.4,7.4,17.3,25.9,1.18
2026-06-02 11:39:00,338.0,7.4,16.9,24.6,1.23
2026-06-02 11:40:00,362.5,7.45,17.0,25.1,1.15
2026-06-02 11:41:00,360.8,7.37,17.3,24.3,1.22
2026-06-02 11:42:00,362.6,7.48,17.2,25.3,1.23
2026-06-02 11:43:00,363.7,7.43,17.2,24.6,1.23
2026-06-02 11:44:00,356.7,7.33,17.2,25.6,1.15
2026-06-02 11:45:00,382.3,7.52,17.3,25.0,1.21
2026-06-02 11:46:00,336.0,7.25,16.9,24.6,1.18
2026-06-02 11:47:00,347.6,7.38,17.4,24.3,1.16
2026-06-02 11:48:00,358.5,7.49,17.1,24.8,1.19
2026-06-02 11:49:00,335.4,7.32,17.2,25.3,1.17
2026-06-02 11:50:00,357.4,7.42,17.1,25.4,1.23
2026-06-02 11:51:00,384.9,7.44,17.1,25.0,1.22
2026-06-02 11:52:00,360.3,7.3,17.3,25.6,1.17
2026-06-02 11:53:00,363.5,7.38,17.4,24.8,1.18
2026-06-02 11:54:00,341.1,7.37,17.4,24.1,1.19
2026-06-02 11:55:00,350.8,7.33,17.3,25.4,1.2
2026-06-02 11:56:00,354.4,7.62,17.1,25.8,1.23
2026-06-02 11:57:00,355.2,7.31,17.3,25.8,1.22
2026-06-02 11:58:00,379.2,7.49,17.3,24.8,1.2
2026-06-02 11:59:00,368.4,7.35,17.3,25.1,1.19
2026-06-02 12:00:00,343.3,7.28,17.4,25.6,1.15
2026-06-02 12:01:00,363.7,7.4,17.0,25.1,1.24
2026-06-02 12:02:00,367.5,7.45,16.9,25.4,1.19
2026-06-02 12:03:00,377.1,7.48,17.5,25.1,1.25
2026-06-02 12:04:00,383.7,7.55,17.2,24.9,1.21
2026-06-02 12:05:00,344.8,7.68,17.4,25.0,1.26
2026-06-02 12:06:00,347.8,7.42,17.1,25.8,1.22
2026-06-02 12:07:00,341.1,7.32,17.5,25.4,1.16
2026-06-02 12:08:00,356.5,7.44,17.4,25.9,1.18
2026-06-02 12:09:00,367.0,7.36,17.3,25.6,1.19
2026-06-02 12:10:00,374.8,7.48,17.4,26.1,1.17
2026-06-02 12:11:00,358.9,7.26,17.0,25.8,1.19
2026-06-02 12:12:00,355.2,7.63,17.4,25.8,1.16
2026-06-02 12:13:00,362.3,7.48,17.6,25.4,1.2
2026-06-02 12:14:00,347.5,7.22,17.4,26.7,1.21
2026-06-02 12:15:00,391.3,7.32,17.4,25.5,1.17
2026-06-02 12:16:00,335.9,7.47,17.3,24.7,1.26
2026-06-02 12:17:00,362.8,7.51,17.6,25.6,1.2
2026-06-02 12:18:00,390.4,7.26,17.6,25.1,1.18
2026-06-02 12:19:00,360.1,7.46,17.3,25.9,1.15
2026-06-02 12:20:00,357.1,7.2,17.4,25.8,1.2
2026-06-02 12:21:00,354.6,7.38,17.4,25.5,1.19
2026-06-02 12:22:00,357.3,7.5,17.5,25.2,1.22
2026-06-02 12:23:00,380.6,7.33,17.2,25.6,1.2
2026-06-02 12:24:00,326.8,7.24,17.6,25.3,1.16
2026-06-02 12:25:00,383.0,7.4,17.5,25.9,1.25
2026-06-02 12:26:00,338.6,7.33,17.6,25.8,1.21
2026-06-02 12:27:00,356.0,7.45,17.2,26.8,1.19
2026-06-02 12:28:00,353.6,7.3,17.2,25.4,1.2
2026-06-02 12:29:00,368.8,7.31,17.8,25.5,1.21
2026-06-02 12:30:00,336.0,7.19,17.6,25.6,1.16
2026-06-02 12:31:00,366.9,7.41,17.3,25.6,1.2
2026-06-02 12:32:00,390.4,7.37,17.6,26.0,1.19
2026-06-02 12:33:00,339.6,7.27,17.3,25.5,1.22
2026-06-02 12:34:00,362.8,7.41,17.1,26.4,1.18
2026-06-02 12:35:00,350.1,7.49,17.0,25.9,1.18
2026-06-02 12:36:00,366.4,7.37,17.4,25.5,1.25
2026-06-02 12:37:00,360.3,7.42,17.8,25.4,1.24
2026-06-02 12:38:00,350.4,7.42,17.8,26.1,1.1
2026-06-02 12:39:00,367.3,7.27,17.7,25.7,1.23
2026-06-02 12:40:00,387.1,7.6,17.6,25.7,1.2
2026-06-02 12:41:00,357.1,7.34,17.5,25.5,1.18
2026-06-02 12:42:00,370.8,7.46,17.7,25.7,1.17
2026-06-02 12:43:00,340.6,7.47,17.1,25.5,1.17
2026-06-02 12:44:00,345.7,7.38,17.7,26.3,1.18
2026-06-02 12:45:00,367.1,7.45,17.3,26.0,1.17
2026-06-02 12:46:00,382.3,7.41,17.3,25.7,1.16
2026-06-02 12:47:00,365.3,7.25,17.6,25.7,1.17
2026-06-02 12:48:00,355.3,7.36,17.7,25.8,1.21
2026-06-02 12:49:00,360.0,7.33,17.4,25.8,1.2
2026-06-02 12:50:00,341.2,7.34,17.6,25.4,1.22
2026-06-02 12:51:00,369.1,7.26,17.6,25.0,1.2
2026-06-02 12:52:00,373.2,7.5,17.5,25.5,1.16
2026-06-02 12:53:00,353.2,7.55,17.6,25.7,1.21
2026-06-02 12:54:00,352.9,7.49,17.9,25.5,1.17
2026-06-02 12:55:00,364.0,7.52,17.5,26.1,1.22
2026-06-02 12:56:00,353.4,7.36,17.5,25.7,1.17
2026-06-02 12:57:00,359.0,7.33,17.6,26.6,1.18
2026-06-02 12:58:00,391.5,7.31,17.5,25.6,1.19
2026-06-02 12:59:00,356.3,7.45,17.7,25.9,1.22
2026-06-02 13:00:00,354.6,7.41,17.9,25.7,1.21
2026-06-02 13:01:00,350.3,7.38,17.5,26.0,1.2
2026-06-02 13:02:00,371.2,7.52,17.4,26.3,1.26
2026-06-02 13:03:00,357.3,7.43,18.0,26.1,1.14
2026-06-02 13:04:00,350.3,7.31,17.6,25.0,1.17
2026-06-02 13:05:00,379.8,7.32,17.2,26.1,1.17
2026-06-02 13:06:00,381.3,7.46,18.0,25.5,1.15
2026-06-02 13:07:00,351.0,7.49,17.8,25.7,1.18
2026-06-02 13:08:00,332.0,7.45,17.9,26.1,1.22
2026-06-02 13:09:00,375.1,7.58,17.9,25.4,1.18
2026-06-02 13:10:00,349.7,7.55,18.1,26.3,1.19
2026-06-02 13:11:00,371.9,7.43,17.4,25.7,1.15
2026-06-02 13:12:00,330.4,7.31,17.5,26.8,1.18
2026-06-02 13:13:00,373.4,7.26,17.5,25.9,1.19
2026-06-02 13:14:00,341.8,7.35,17.5,26.6,1.22
2026-06-02 13:15:00,371.0,7.47,17.7,26.4,1.15
2026-06-02 13:16:00,360.2,7.57,17.5,25.7,1.19
2026-06-02 13:17:00,345.7,7.43,17.4,25.4,1.23
2026-06-02 13:18:00,353.9,7.51,17.5,26.0,1.19
2026-06-02 13:19:00,370.3,7.37,17.6,25.7,1.14
2026-06-02 13:20:00,361.6,7.45,17.9,26.6,1.24
2026-06-02 13:21:00,368.8,7.47,17.5,25.8,1.22
2026-06-02 13:22:00,389.6,7.19,17.8,25.8,1.23
2026-06-02 13:23:00,336.5,7.35,17.4,25.4,1.15
2026-06-02 13:24:00,384.3,7.48,17.0,26.1,1.25
2026-06-02 13:25:00,361.6,7.42,17.6,25.5,1.18
2026-06-02 13:26:00,346.5,7.27,17.6,26.1,1.18
2026-06-02 13:27:00,340.0,7.15,17.5,26.2,1.18
2026-06-02 13:28:00,357.2,7.35,17.5,25.7,1.23
2026-06-02 13:29:00,373.8,7.38,17.5,26.3,1.19
2026-06-02 13:30:00,358.1,7.3,17.5,25.8,1.21
2026-06-02 13:31:00,382.7,7.4,17.5,25.4,1.2
2026-06-02 13:32:00,338.2,7.44,17.4,26.6,1.2
2026-06-02 13:33:00,359.8,7.46,17.3,25.6,1.17
2026-06-02 13:34:00,341.2,7.15,17.3,26.2,1.25
2026-06-02 13:35:00,365.5,7.26,18.2,26.1,1.16
2026-06-02 13:36:00,373.3,7.36,17.7,26.1,1.21
2026-06-02 13:37:00,353.7,7.45,18.0,26.1,1.21
2026-06-02 13:38:00,320.9,7.44,17.7,25.6,1.23
2026-06-02 13:39:00,363.0,7.44,17.7,26.7,1.24
2026-06-02 13:40:00,366.6,7.35,17.8,26.4,1.2
2026-06-02 13:41:00,366.1,7.36,17.9,26.2,1.22
2026-06-02 13:42:00,378.5,7.32,17.5,25.5,1.25
2026-06-02 13:43:00,343.9,7.47,17.7,25.6,1.2
2026-06-02 13:44:00,370.2,7.3,17.8,26.3,1.17
2026-06-02 13:45:00,377.9,7.48,17.4,25.2,1.19
2026-06-02 13:46:00,333.3,7.41,18.0,26.1,1.16
2026-06-02 13:47:00,364.8,7.39,18.0,25.5,1.21
2026-06-02 13:48:00,352.4,7.32,17.3,25.6,1.23
2026-06-02 13:49:00,358.8,7.25,17.6,25.4,1.2
2026-06-02 13:50:00,365.2,7.33,17.8,26.1,1.15
2026-06-02 13:51:00,352.7,7.36,17.9,26.4,1.23
2026-06-02 13:52:00,349.9,7.15,18.1,26.1,1.15
2026-06-02 13:53:00,360.5,7.37,17.6,26.2,1.15
2026-06-02 13:54:00,343.7,7.48,18.2,26.1,1.19
2026-06-02 13:55:00,343.7,7.45,17.8,26.3,1.21
2026-06-02 13:56:00,370.2,7.34,17.7,26.2,1.21
2026-06-02 13:57:00,342.8,7.39,17.9,24.9,1.2
2026-06-02 13:58:00,370.0,7.33,17.9,26.4,1.25
2026-06-02 13:59:00,366.9,7.4,17.8,26.3,1.2
2026-06-02 14:00:00,334.1,7.54,18.2,25.9,1.23
2026-06-02 14:01:00,349.8,7.49,17.9,25.2,1.22
2026-06-02 14:02:00,377.9,7.44,17.6,26.1,1.16
2026-06-02 14:03:00,345.3,7.34,17.6,26.1,1.19
2026-06-02 14:04:00,353.0,7.46,18.1,25.8,1.26
2026-06-02 14:05:00,366.9,7.22,18.0,26.1,1.18
2026-06-02 14:06:00,371.8,7.36,17.5,26.4,1.18
2026-06-02 14:07:00,356.2,7.45,17.5,27.0,1.21
2026-06-02 14:08:00,351.0,7.46,17.8,26.1,1.19
2026-06-02 14:09:00,381.3,7.46,18.0,26.1,1.18
2026-06-02 14:10:00,386.1,7.42,17.7,25.7,1.19
2026-06-02 14:11:00,374.7,7.37,17.5,25.8,1.24
2026-06-02 14:12:00,361.3,7.44,17.6,25.9,1.2
2026-06-02 14:13:00,347.9,7.29,18.2,26.5,1.16
2026-06-02 14:14:00,347.5,7.31,17.9,26.3,1.15
2026-06-02 14:15:00,367.8,7.4,18.0,26.8,1.27
2026-06-02 14:16:00,366.3,7.41,18.1,25.4,1.19
2026-06-02 14:17:00,381.0,7.21,17.7,25.5,1.21
2026-06-02 14:18:00,369.8,7.44,17.8,26.4,1.18
2026-06-02 14:19:00,337.5,7.47,17.8,26.6,1.21
2026-06-02 14:20:00,375.8,7.38,17.9,26.0,1.24
2026-06-02 14:21:00,345.0,7.63,18.1,24.2,1.18
2026-06-02 14:22:00,354.2,7.32,18.2,25.7,1.21
2026-06-02 14:23:00,363.8,7.35,18.0,26.1,1.16
2026-06-02 14:24:00,389.9,7.35,18.0,25.6,1.26
2026-06-02 14:25:00,406.6,7.38,18.3,26.0,1.21
2026-06-02 14:26:00,369.1,7.36,17.8,26.7,1.19
2026-06-02 14:27:00,357.3,7.25,18.1,26.5,1.19
2026-06-02 14:28:00,368.0,7.34,18.0,26.3,1.18
2026-06-02 14:29:00,373.3,7.38,18.0,25.9,1.19
2026-06-02 14:30:00,355.2,7.51,17.8,25.8,1.13
2026-06-02 14:31:00,386.9,7.61,17.6,26.3,1.2
2026-06-02 14:32:00,363.5,7.52,18.0,26.0,1.2
2026-06-02 14:33:00,367.5,7.31,18.0,26.0,1.21
2026-06-02 14:34:00,370.0,7.32,17.8,25.3,1.18
2026-06-02 14:35:00,366.3,7.37,17.9,25.7,1.18
2026-06-02 14:36:00,372.6,7.57,17.7,26.2,1.2
2026-06-02 14:37:00,350.7,7.37,17.7,25.5,1.15
2026-06-02 14:38:00,351.6,7.26,17.8,26.0,1.2
2026-06-02 14:39:00,343.5,7.34,17.6,26.1,1.14
2026-06-02 14:40:00,366.6,7.47,17.8,26.1,1.23
2026-06-02 14:41:00,371.7,7.46,18.1,26.1,1.22
2026-06-02 14:42:00,366.9,7.37,18.2,26.2,1.17
2026-06-02 14:43:00,385.1,7.46,18.3,25.7,1.22
2026-06-02 14:44:00,359.9,7.16,17.8,25.3,1.2
2026-06-02 14:45:00,370.0,7.4,18.2,25.6,1.17
2026-06-02 14:46:00,343.6,7.48,18.0,26.2,1.14
2026-06-02 14:47:00,354.2,7.31,17.9,25.4,1.21
2026-06-02 14:48:00,370.4,7.31,18.0,25.5,1.18
2026-06-02 14:49:00,372.7,7.2,18.1,25.5,1.23
2026-06-02 14:50:00,355.6,7.55,17.8,25.1,1.2
2026-06-02 14:51:00,358.9,7.32,17.8,25.4,1.18
2026-06-02 14:52:00,337.2,7.41,17.9,26.3,1.25
2026-06-02 14:53:00,354.6,7.45,17.8,25.6,1.22
2026-06-02 14:54:00,373.4,7.54,18.2,25.2,1.09
2026-06-02 14:55:00,368.6,7.37,17.8,25.7,1.19
2026-06-02 14:56:00,367.5,7.34,17.8,26.1,1.16
2026-06-02 14:57:00,360.7,7.41,18.0,25.1,1.18
2026-06-02 14:58:00,360.1,7.52,18.0,26.2,1.2
2026-06-02 14:59:00,350.1,7.37,17.9,25.3,1.21
2026-06-02 15:00:00,370.5,7.29,18.3,25.7,1.21
2026-06-02 15:01:00,366.3,7.24,17.8,25.7,1.23
2026-06-02 15:02:00,367.4,7.27,17.9,25.6,1.22
2026-06-02 15:03:00,352.1,7.48,17.6,25.8,1.22
2026-06-02 15:04:00,327.7,7.36,17.9,26.1,1.21
2026-06-02 15:05:00,376.5,7.33,17.7,25.8,1.24
2026-06-02 15:06:00,352.8,7.32,17.8,25.6,1.19
2026-06-02 15:07:00,347.1,7.4,17.6,26.0,1.19
2026-06-02 15:08:00,370.4,7.37,17.8,25.9,1.14
2026-06-02 15:09:00,354.1,7.36,17.9,25.5,1.23
2026-06-02 15:10:00,375.9,7.52,17.9,25.8,1.2
2026-06-02 15:11:00,369.3,7.54,17.9,25.5,1.29
2026-06-02 15:12:00,370.3,7.23,17.9,25.4,1.19
2026-06-02 15:13:00,339.5,7.42,17.9,26.1,1.2
2026-06-02 15:14:00,378.2,7.31,18.0,25.9,1.22
2026-06-02 15:15:00,363.9,7.37,17.9,26.0,1.17
2026-06-02 15:16:00,354.5,7.42,18.0,26.0,1.21
2026-06-02 15:17:00,362.2,7.37,17.9,25.4,1.2
2026-06-02 15:18:00,333.4,7.41,17.9,26.1,1.19
2026-06-02 15:19:00,366.1,7.46,18.1,25.6,1.24
2026-06-02 15:20:00,344.6,7.42,18.1,26.1,1.17
2026-06-02 15:21:00,339.7,7.33,18.0,25.6,1.21
2026-06-02 15:22:00,337.2,7.33,18.2,25.8,1.24
2026-06-02 15:23:00,376.7,7.25,18.0,25.8,1.18
2026-06-02 15:24:00,350.6,7.3,17.9,26.0,1.19
2026-06-02 15:25:00,383.0,7.59,18.0,25.0,1.27
2026-06-02 15:26:00,352.0,7.31,18.0,25.0,1.21
2026-06-02 15:27:00,334.4,7.27,17.8,25.9,1.18
2026-06-02 15:28:00,343.3,7.42,17.6,25.8,1.22
2026-06-02 15:29:00,378.5,7.38,18.0,25.3,1.18
2026-06-02 15:30:00,357.7,7.37,18.2,25.8,1.15
2026-06-02 15:31:00,351.8,7.53,17.8,25.0,1.24
2026-06-02 15:32:00,362.4,7.44,18.2,26.9,1.17
2026-06-02 15:33:00,367.5,7.34,17.7,26.1,1.27
2026-06-02 15:34:00,376.8,7.35,17.9,25.8,1.19
2026-06-02 15:35:00,381.7,7.34,18.3,25.6,1.26
2026-06-02 15:36:00,354.6,7.48,18.1,25.3,1.16
2026-06-02 15:37:00,340.1,7.36,17.9,25.0,1.23
2026-06-02 15:38:00,353.8,7.21,18.0,25.5,1.21
2026-06-02 15:39:00,363.9,7.39,18.2,25.2,1.23
2026-06-02 15:40:00,345.5,7.24,17.7,25.2,1.23
2026-06-02 15:41:00,345.6,7.61,18.3,25.0,1.19
2026-06-02 15:42:00,365.2,7.29,17.9,25.6,1.16
2026-06-02 15:43:00,359.3,7.37,18.1,25.4,1.2
2026-06-02 15:44:00,360.5,7.42,17.9,25.7,1.21
2026-06-02 15:45:00,348.6,7.36,18.3,25.7,1.19
2026-06-02 15:46:00,356.5,7.36,18.0,25.6,1.21
2026-06-02 15:47:00,346.1,7.43,17.7,26.5,1.21
2026-06-02 15:48:00,373.4,7.54,18.1,25.8,1.17
2026-06-02 15:49:00,375.5,7.47,18.3,24.9,1.21
2026-06-02 15:50:00,332.3,7.54,18.2,25.6,1.19
2026-06-02 15:51:00,346.1,7.29,18.0,25.4,1.18
2026-06-02 15:52:00,337.6,7.42,18.2,24.9,1.22
2026-06-02 15:53:00,350.2,7.41,17.9,24.8,1.18
2026-06-02 15:54:00,358.7,7.43,18.1,25.6,1.19
2026-06-02 15:55:00,338.3,7.53,18.1,25.7,1.2
2026-06-02 15:56:00,346.2,7.37,17.4,25.0,1.24
2026-06-02 15:57:00,344.9,7.35,17.8,25.8,1.21
2026-06-02 15:58:00,363.1,7.44,18.0,25.5,1.22
2026-06-02 15:59:00,361.0,7.21,18.0,25.8,1.19
2026-06-02 16:00:00,349.2,7.37,18.0,25.8,1.2
2026-06-02 16:01:00,362.7,7.38,18.0,25.3,1.2
2026-06-02 16:02:00,351.8,7.3,18.2,26.0,1.21
2026-06-02 16:03:00,355.9,7.5,18.1,24.8,1.19
2026-06-02 16:04:00,385.1,7.28,17.5,26.2,1.24
2026-06-02 16:05:00,380.1,7.38,18.4,24.9,1.19
2026-06-02 16:06:00,340.5,7.42,17.6,25.2,1.15
2026-06-02 16:07:00,372.4,7.53,18.2,25.0,1.28
2026-06-02 16:08:00,372.2,7.39,17.7,25.1,1.19
2026-06-02 16:09:00,342.8,7.48,18.3,26.4,1.24
2026-06-02 16:10:00,372.3,7.46,17.9,25.0,1.24
2026-06-02 16:11:00,383.1,7.4,18.1,25.5,1.23
2026-06-02 16:12:00,343.2,7.28,17.6,25.1,1.19
2026-06-02 16:13:00,346.2,7.25,18.1,25.6,1.21
2026-06-02 16:14:00,375.3,7.4,18.1,25.0,1.16
2026-06-02 16:15:00,364.1,7.34,18.1,25.3,1.26
2026-06-02 16:16:00,368.3,7.48,18.2,25.4,1.17
2026-06-02 16:17:00,365.1,7.46,18.0,24.8,1.19
2026-06-02 16:18:00,365.9,7.37,18.0,26.2,1.2
2026-06-02 16:19:00,340.1,7.27,17.8,25.4,1.2
2026-06-02 16:20:00,375.7,7.44,17.9,25.0,1.18
2026-06-02 16:21:00,377.5,7.29,18.2,24.8,1.24
2026-06-02 16:22:00,356.6,7.31,17.8,25.1,1.23
2026-06-02 16:23:00,359.3,7.29,17.6,24.6,1.21
2026-06-02 16:24:00,337.0,7.38,17.8,25.8,1.19
2026-06-02 16:25:00,367.7,7.51,18.1,25.2,1.23
2026-06-02 16:26:00,368.6,7.39,17.9,25.0,1.19
2026-06-02 16:27:00,359.1,7.35,18.1,25.4,1.25
2026-06-02 16:28:00,376.9,7.24,17.6,24.7,1.2
2026-06-02 16:29:00,355.0,7.45,17.4,24.5,1.24
2026-06-02 16:30:00,368.5,7.31,18.0,24.9,1.2
2026-06-02 16:31:00,344.7,7.4,18.2,25.0,1.2
2026-06-02 16:32:00,359.6,7.35,17.6,25.2,1.24
2026-06-02 16:33:00,357.4,7.47,18.1,24.3,1.27
2026-06-02 16:34:00,363.4,7.37,18.2,24.7,1.25
2026-06-02 16:35:00,354.5,7.38,18.0,23.7,1.23
2026-06-02 16:36:00,358.0,7.44,18.2,24.4,1.22
2026-06-02 16:37:00,372.4,7.6,18.0,25.2,1.18
2026-06-02 16:38:00,353.4,7.48,17.9,25.2,1.21
2026-06-02 16:39:00,335.9,7.38,18.1,24.4,1.17
2026-06-02 16:40:00,386.2,7.39,18.4,24.7,1.21
2026-06-02 16:41:00,380.7,7.34,17.9,24.8,1.21
2026-06-02 16:42:00,340.6,7.3,18.0,25.2,1.14
2026-06-02 16:43:00,370.3,7.33,17.8,25.4,1.2
2026-06-02 16:44:00,352.5,7.31,18.0,24.8,1.21
2026-06-02 16:45:00,364.0,7.46,17.9,24.7,1.2
2026-06-02 16:46:00,364.4,7.28,18.2,24.2,1.21
2026-06-02 16:47:00,356.5,7.52,18.3,24.8,1.16
2026-06-02 16:48:00,348.2,7.47,18.1,25.5,1.18
2026-06-02 16:49:00,349.6,7.39,18.2,25.2,1.23
2026-06-02 16:50:00,346.3,7.39,17.8,24.8,1.2
2026-06-02 16:51:00,347.5,7.33,17.8,24.8,1.21
2026-06-02 16:52:00,359.0,7.42,18.0,24.4,1.18
2026-06-02 16:53:00,349.3,7.5,18.0,24.5,1.2
2026-06-02 16:54:00,370.2,7.32,18.4,24.7,1.13
2026-06-02 16:55:00,382.3,7.24,17.6,24.7,1.23
2026-06-02 16:56:00,351.3,7.46,18.1,25.0,1.25
2026-06-02 16:57:00,363.6,7.42,18.1,25.0,1.17
2026-06-02 16:58:00,367.5,7.28,17.8,24.8,1.17
2026-06-02 16:59:00,367.1,7.32,17.8,24.2,1.21
2026-06-02 17:00:00,361.1,7.3,17.9,24.2,1.24
2026-06-02 17:01:00,371.1,7.32,17.6,24.2,1.2
2026-06-02 17:02:00,367.2,7.36,18.2,24.6,1.16
2026-06-02 17:03:00,341.4,7.36,18.5,23.7,1.19
2026-06-02 17:04:00,373.0,7.32,17.9,24.5,1.17
2026-06-02 17:05:00,373.3,7.31,17.8,25.0,1.18
2026-06-02 17:06:00,348.6,7.37,17.7,24.7,1.19
2026-06-02 17:07:00,360.6,7.41,17.7,24.3,1.17
2026-06-02 17:08:00,370.2,7.36,17.8,24.1,1.18
2026-06-02 17:09:00,356.9,7.51,18.2,24.7,1.2
2026-06-02 17:10:00,376.1,7.44,18.6,24.5,1.21
2026-06-02 17:11:00,395.5,7.23,17.8,24.3,1.16
2026-06-02 17:12:00,348.2,7.44,17.7,24.1,1.21
2026-06-02 17:13:00,339.3,7.45,17.7,24.4,1.19
2026-06-02 17:14:00,364.6,7.35,18.0,24.2,1.22
2026-06-02 17:15:00,370.8,7.24,18.0,24.6,1.22
2026-06-02 17:16:00,356.5,7.39,17.9,24.8,1.18
2026-06-02 17:17:00,381.8,7.39,17.8,23.7,1.22
2026-06-02 17:18:00,339.9,7.28,18.2,23.8,1.17
2026-06-02 17:19:00,370.4,7.24,18.1,24.8,1.24
2026-06-02 17:20:00,350.9,7.38,18.1,24.3,1.18
2026-06-02 17:21:00,385.8,7.37,18.0,23.7,1.21
2026-06-02 17:22:00,389.9,7.35,17.9,24.6,1.19
2026-06-02 17:23:00,348.5,7.38,17.8,24.3,1.17
2026-06-02 17:24:00,351.8,7.28,18.0,25.0,1.23
2026-06-02 17:25:00,372.9,7.35,18.0,24.0,1.18
2026-06-02 17:26:00,354.2,7.44,18.0,24.6,1.15
2026-06-02 17:27:00,359.3,7.36,17.6,23.5,1.11
2026-06-02 17:28:00,360.4,7.22,18.0,24.6,1.17
2026-06-02 17:29:00,331.2,7.34,17.8,24.4,1.24
2026-06-02 17:30:00,359.8,7.28,17.7,24.7,1.24
2026-06-02 17:31:00,349.7,7.42,18.0,24.5,1.18
2026-06-02 17:32:00,352.6,7.42,17.9,24.0,1.19
2026-06-02 17:33:00,381.7,7.22,18.3,23.5,1.19
2026-06-02 17:34:00,341.2,7.47,18.0,23.7,1.16
2026-06-02 17:35:00,372.2,7.28,17.8,23.3,1.17
2026-06-02 17:36:00,355.8,7.55,17.8,23.6,1.23
2026-06-02 17:37:00,355.8,7.39,17.6,24.1,1.22
2026-06-02 17:38:00,371.9,7.27,18.1,23.9,1.21
2026-06-02 17:39:00,365.1,7.28,17.9,23.8,1.16
2026-06-02 17:40:00,368.6,7.42,17.9,23.6,1.2
2026-06-02 17:41:00,374.5,7.35,17.6,23.1,1.13
2026-06-02 17:42:00,355.0,7.38,18.0,23.9,1.23
2026-06-02 17:43:00,350.8,7.55,17.7,24.0,1.21
2026-06-02 17:44:00,343.7,7.32,17.7,23.4,1.16
2026-06-02 17:45:00,347.6,7.4,17.9,23.6,1.25
2026-06-02 17:46:00,404.2,7.53,17.7,24.4,1.15
2026-06-02 17:47:00,378.7,7.42,17.7,24.2,1.22
2026-06-02 17:48:00,339.7,7.23,17.8,23.1,1.22
2026-06-02 17:49:00,340.2,7.44,18.0,23.7,1.16
2026-06-02 17:50:00,367.2,7.27,18.0,24.3,1.2
2026-06-02 17:51:00,368.2,7.53,18.0,23.6,1.15
2026-06-02 17:52:00,368.2,7.31,17.9,23.5,1.11
2026-06-02 17:53:00,356.2,7.69,17.7,24.1,1.17
2026-06-02 17:54:00,358.1,7.54,18.0,24.0,1.18
2026-06-02 17:55:00,364.9,7.31,17.5,24.0,1.22
2026-06-02 17:56:00,361.3,7.39,17.9,23.5,1.2
2026-06-02 17:57:00,326.7,7.47,18.0,23.8,1.2
2026-06-02 17:58:00,356.6,7.47,17.8,24.1,1.17
2026-06-02 17:59:00,347.2,7.43,17.7,23.5,1.18
2026-06-02 18:00:00,362.6,7.52,17.8,23.3,1.17
2026-06-02 18:01:00,404.8,7.38,17.6,24.0,1.16
2026-06-02 18:02:00,365.5,7.35,17.9,24.3,1.18
2026-06-02 18:03:00,355.3,7.36,18.0,24.3,1.2
2026-06-02 18:04:00,373.8,7.48,17.9,23.3,1.18
2026-06-02 18:05:00,367.2,7.43,17.9,23.3,1.19
2026-06-02 18:06:00,366.3,7.42,17.9,23.0,1.22
2026-06-02 18:07:00,369.1,7.47,18.0,23.4,1.18
2026-06-02 18:08:00,390.8,7.18,17.6,22.9,1.16
2026-06-02 18:09:00,343.0,7.42,17.5,23.1,1.22
2026-06-02 18:10:00,367.1,7.41,17.8,23.6,1.21
2026-06-02 18:11:00,346.1,7.56,17.9,23.4,1.21
2026-06-02 18:12:00,368.3,7.24,17.4,22.5,1.22
2026-06-02 18:13:00,346.2,7.55,17.8,23.9,1.21
2026-06-02 18:14:00,353.7,7.4,18.0,22.8,1.2
2026-06-02 18:15:00,355.6,7.44,17.7,22.8,1.27
2026-06-02 18:16:00,374.6,7.56,18.0,22.7,1.16
2026-06-02 18:17:00,373.8,7.45,18.0,22.9,1.18
2026-06-02 18:18:00,341.3,7.43,17.7,22.8,1.23
2026-06-02 18:19:00,360.8,7.41,17.7,22.8,1.2
2026-06-02 18:20:00,349.4,7.34,17.7,22.1,1.22
2026-06-02 18:21:00,341.1,7.39,17.8,23.1,1.21
2026-06-02 18:22:00,356.7,7.32,17.5,23.2,1.24
2026-06-02 18:23:00,355.4,7.39,17.4,24.0,1.17
2026-06-02 18:24:00,396.4,7.16,17.3,23.2,1.24
2026-06-02 18:25:00,366.5,7.43,17.7,22.8,1.24
2026-06-02 18:26:00,339.3,7.38,18.1,22.5,1.16
2026-06-02 18:27:00,351.5,7.36,17.3,22.9,1.22
2026-06-02 18:28:00,375.3,7.41,17.7,23.1,1.2
2026-06-02 18:29:00,391.3,7.25,17.7,22.7,1.18
2026-06-02 18:30:00,336.2,7.58,17.7,22.9,1.14
2026-06-02 18:31:00,331.8,7.38,17.9,23.7,1.17
2026-06-02 18:32:00,388.1,7.38,17.5,22.7,1.22
2026-06-02 18:33:00,365.8,7.29,17.3,22.1,1.22
2026-06-02 18:34:00,347.0,7.39,17.6,23.2,1.19
2026-06-02 18:35:00,368.0,7.53,17.5,22.9,1.22
2026-06-02 18:36:00,320.5,7.49,17.2,22.1,1.23
2026-06-02 18:37:00,360.1,7.48,17.7,22.9,1.2
2026-06-02 18:38:00,364.9,7.44,17.4,22.4,1.18
2026-06-02 18:39:00,373.9,7.35,17.6,22.9,1.21
2026-06-02 18:40:00,344.8,7.24,17.6,23.5,1.21
2026-06-02 18:41:00,361.3,7.37,17.4,22.6,1.22
2026-06-02 18:42:00,346.1,7.37,17.8,23.1,1.23
2026-06-02 18:43:00,363.8,7.49,17.6,22.2,1.16
2026-06-02 18:44:00,346.6,7.42,17.6,22.0,1.18
2026-06-02 18:45:00,353.9,7.55,17.7,23.4,1.14
2026-06-02 18:46:00,345.1,7.51,17.7,22.7,1.22
2026-06-02 18:47:00,369.8,7.34,17.6,22.8,1.19
2026-06-02 18:48:00,372.9,7.21,17.4,23.0,1.21
2026-06-02 18:49:00,356.5,7.53,17.4,22.3,1.16
2026-06-02 18:50:00,360.6,7.53,17.6,22.8,1.24
2026-06-02 18:51:00,338.3,7.25,17.4,22.8,1.16
2026-06-02 18:52:00,355.5,7.54,17.8,21.9,1.22
2026-06-02 18:53:00,359.2,7.43,17.6,23.0,1.2
2026-06-02 18:54:00,399.3,7.41,17.7,22.9,1.19
2026-06-02 18:55:00,343.3,7.55,17.4,21.9,1.19
2026-06-02 18:56:00,382.0,7.52,17.4,22.5,1.18
2026-06-02 18:57:00,375.0,7.46,17.9,22.3,1.24
2026-06-02 18:58:00,364.2,7.44,17.5,22.9,1.2
2026-06-02 18:59:00,386.4,7.45,17.7,21.8,1.16
2026-06-02 19:00:00,365.6,7.35,17.3,23.7,1.19
2026-06-02 19:01:00,365.8,7.38,17.5,22.2,1.2
2026-06-02 19:02:00,359.2,7.3,17.8,22.5,1.23
2026-06-02 19:03:00,378.4,7.36,17.2,22.8,1.18
2026-06-02 19:04:00,376.4,7.35,18.0,22.1,1.18
2026-06-02 19:05:00,350.6,7.33,17.6,22.1,1.2
2026-06-02 19:06:00,340.2,7.4,17.4,22.0,1.23
2026-06-02 19:07:00,357.0,7.36,17.6,21.8,1.16
2026-06-02 19:08:00,348.0,7.44,17.7,22.2,1.22
2026-06-02 19:09:00,359.0,7.23,17.4,22.0,1.19
2026-06-02 19:10:00,378.6,7.38,17.4,21.9,1.19
2026-06-02 19:11:00,353.1,7.4,17.6,21.9,1.26
2026-06-02 19:12:00,359.4,7.36,17.6,22.3,1.19
2026-06-02 19:13:00,360.9,7.37,17.5,21.7,1.22
2026-06-02 19:14:00,372.7,7.23,17.6,21.9,1.22
2026-06-02 19:15:00,326.3,7.43,17.7,22.3,1.16
2026-06-02 19:16:00,350.9,7.45,17.5,22.1,1.14
2026-06-02 19:17:00,363.2,7.44,17.3,21.5,1.22
2026-06-02 19:18:00,378.0,7.49,17.5,21.9,1.17
2026-06-02 19:19:00,352.6,7.41,17.8,22.1,1.15
2026-06-02 19:20:00,331.9,7.44,17.5,22.3,1.23
2026-06-02 19:21:00,369.3,7.41,17.7,21.5,1.17
2026-06-02 19:22:00,350.5,7.46,17.4,21.6,1.18
2026-06-02 19:23:00,342.2,7.23,17.5,21.5,1.26
2026-06-02 19:24:00,350.6,7.3,17.6,21.5,1.15
2026-06-02 19:25:00,357.2,7.55,17.7,21.9,1.16
2026-06-02 19:26:00,350.9,7.14,17.7,22.0,1.19
2026-06-02 19:27:00,326.9,7.38,17.2,22.1,1.19
2026-06-02 19:28:00,373.5,7.51,17.7,21.7,1.17
2026-06-02 19:29:00,379.1,7.38,17.8,21.1,1.17
2026-06-02 19:30:00,369.8,7.35,17.3,21.9,1.25
2026-06-02 19:31:00,342.9,7.4,17.2,21.7,1.21
2026-06-02 19:32:00,357.0,7.35,17.4,21.6,1.22
2026-06-02 19:33:00,359.9,7.39,17.4,21.1,1.2
2026-06-02 19:34:00,369.0,7.32,17.3,21.5,1.21
2026-06-02 19:35:00,370.0,7.5,17.1,21.1,1.23
2026-06-02 19:36:00,349.0,7.53,17.7,21.7,1.17
2026-06-02 19:37:00,361.2,7.38,17.2,21.3,1.21
2026-06-02 19:38:00,366.9,7.25,17.3,21.3,1.22
2026-06-02 19:39:00,381.8,7.34,17.4,20.8,1.25
2026-06-02 19:40:00,370.6,7.37,17.1,21.8,1.26
2026-06-02 19:41:00,371.8,7.44,17.0,21.3,1.2
2026-06-02 19:42:00,361.3,7.29,17.3,21.4,1.23
2026-06-02 19:43:00,381.2,7.31,17.5,21.1,1.12
2026-06-02 19:44:00,366.1,7.44,17.4,20.7,1.25
2026-06-02 19:45:00,347.1,7.48,16.9,21.1,1.18
2026-06-02 19:46:00,381.1,7.33,17.6,21.2,1.19
2026-06-02 19:47:00,370.5,7.26,17.5,21.4,1.21
2026-06-02 19:48:00,353.4,7.72,17.4,21.1,1.2
2026-06-02 19:49:00,352.8,7.47,17.3,21.0,1.21
2026-06-02 19:50:00,364.4,7.36,17.4,20.6,1.25
2026-06-02 19:51:00,366.9,7.48,17.8,21.2,1.19
2026-06-02 19:52:00,363.0,7.38,17.5,20.9,1.17
2026-06-02 19:53:00,364.7,7.48,17.3,21.7,1.25
2026-06-02 19:54:00,385.5,7.41,17.0,21.2,1.22
2026-06-02 19:55:00,376.1,7.4,17.3,21.3,1.26
2026-06-02 19:56:00,362.9,7.38,17.4,21.0,1.23
2026-06-02 19:57:00,374.1,7.25,17.2,21.1,1.16
2026-06-02 19:58:00,344.5,7.58,17.2,20.7,1.22
2026-06-02 19:59:00,366.0,7.3,17.4,20.6,1.17
2026-06-02 20:00:00,387.1,7.25,17.1,21.0,1.2
2026-06-02 20:01:00,356.7,7.37,17.4,21.2,1.2
2026-06-02 20:02:00,347.3,7.29,17.2,20.2,1.15
2026-06-02 20:03:00,350.2,7.38,16.8,20.7,1.18
2026-06-02 20:04:00,343.7,7.46,17.1,21.6,1.27
2026-06-02 20:05:00,348.2,7.49,17.2,21.1,1.21
2026-06-02 20:06:00,354.4,7.47,17.3,21.5,1.19
2026-06-02 20:07:00,338.9,7.36,17.3,20.6,1.25
2026-06-02 20:08:00,360.2,7.39,16.9,20.6,1.19
2026-06-02 20:09:00,373.5,7.43,17.2,21.2,1.2
2026-06-02 20:10:00,346.4,7.21,17.1,21.0,1.23
2026-06-02 20:11:00,382.8,7.45,17.1,20.7,1.19
2026-06-02 20:12:00,367.7,7.24,17.0,20.2,1.18
2026-06-02 20:13:00,375.5,7.59,17.2,21.2,1.13
2026-06-02 20:14:00,350.1,7.35,17.8,21.7,1.17
2026-06-02 20:15:00,372.8,7.37,17.5,20.0,1.17
2026-06-02 20:16:00,343.6,7.31,17.0,21.2,1.2
2026-06-02 20:17:00,373.4,7.33,17.2,20.4,1.18
2026-06-02 20:18:00,362.6,7.62,17.1,20.5,1.26
2026-06-02 20:19:00,368.3,7.48,17.2,20.7,1.17
2026-06-02 20:20:00,342.4,7.24,17.3,20.1,1.24
2026-06-02 20:21:00,346.6,7.54,17.1,20.5,1.21
2026-06-02 20:22:00,369.0,7.51,17.0,19.9,1.22
2026-06-02 20:23:00,345.8,7.36,17.3,20.7,1.22
2026-06-02 20:24:00,366.9,7.42,16.9,21.4,1.13
2026-06-02 20:25:00,339.5,7.39,17.1,20.2,1.2
2026-06-02 20:26:00,372.7,7.59,16.8,20.4,1.19
2026-06-02 20:27:00,341.5,7.31,16.9,20.4,1.17
2026-06-02 20:28:00,368.3,7.4,17.2,20.8,1.21
2026-06-02 20:29:00,369.4,7.35,16.9,20.5,1.25
2026-06-02 20:30:00,349.5,7.25,16.7,20.7,1.12
2026-06-02 20:31:00,368.7,7.61,16.9,20.1,1.18
2026-06-02 20:32:00,363.9,7.27,16.9,20.5,1.16
2026-06-02 20:33:00,351.9,7.41,16.8,18.9,1.2
2026-06-02 20:34:00,344.9,7.22,17.2,20.5,1.19
2026-06-02 20:35:00,330.6,7.35,16.7,19.8,1.18
2026-06-02 20:36:00,365.2,7.43,16.9,20.1,1.22
2026-06-02 20:37:00,336.5,7.31,17.1,20.5,1.25
2026-06-02 20:38:00,361.4,7.45,17.0,19.6,1.28
2026-06-02 20:39:00,356.0,7.36,16.9,20.6,1.18
2026-06-02 20:40:00,370.2,7.51,16.9,20.1,1.15
2026-06-02 20:41:00,355.5,7.53,16.8,20.7,1.22
2026-06-02 20:42:00,355.1,7.33,16.9,19.7,1.25
2026-06-02 20:43:00,371.0,7.4,17.1,19.3,1.22
2026-06-02 20:44:00,365.0,7.41,16.9,20.0,1.25
2026-06-02 20:45:00,364.7,7.45,17.0,20.3,1.19
2026-06-02 20:46:00,367.0,7.39,17.2,20.3,1.18
2026-06-02 20:47:00,337.0,7.41,17.1,19.5,1.2
2026-06-02 20:48:00,371.4,7.37,16.7,19.3,1.19
2026-06-02 20:49:00,369.2,7.4,17.0,19.8,1.22
2026-06-02 20:50:00,344.7,7.52,17.2,20.1,1.23
2026-06-02 20:51:00,356.3,7.45,16.8,20.1,1.23
2026-06-02 20:52:00,359.4,7.46,16.6,20.5,1.22
2026-06-02 20:53:00,358.0,7.46,16.8,19.7,1.21
2026-06-02 20:54:00,365.0,7.37,17.0,19.1,1.22
2026-06-02 20:55:00,381.5,7.42,17.0,20.3,1.14
2026-06-02 20:56:00,376.2,7.28,16.8,19.9,1.21
2026-06-02 20:57:00,340.3,7.52,16.5,19.9,1.2
2026-06-02 20:58:00,369.3,7.11,16.6,20.1,1.21
2026-06-02 20:59:00,379.9,7.38,17.0,20.2,1.2
2026-06-02 21:00:00,365.8,7.5,17.3,19.7,1.21
2026-06-02 21:01:00,376.4,7.25,16.9,20.2,1.18
2026-06-02 21:02:00,390.2,7.43,17.1,19.9,1.23
2026-06-02 21:03:00,375.4,7.32,16.7,19.4,1.21
2026-06-02 21:04:00,363.7,7.35,16.7,19.5,1.2
2026-06-02 21:05:00,375.7,7.48,16.4,19.8,1.18
2026-06-02 21:06:00,362.2,7.41,16.9,19.3,1.22
2026-06-02 21:07:00,360.4,7.19,16.7,19.9,1.21
2026-06-02 21:08:00,354.7,7.29,17.0,19.6,1.18
2026-06-02 21:09:00,383.5,7.49,16.7,19.7,1.2
2026-06-02 21:10:00,347.7,7.43,17.2,20.1,1.22
2026-06-02 21:11:00,383.0,7.56,17.2,19.6,1.22
2026-06-02 21:12:00,367.5,7.56,16.4,19.5,1.21
2026-06-02 21:13:00,339.0,7.36,16.9,19.4,1.2
2026-06-02 21:14:00,365.5,7.64,16.7,19.4,1.23
2026-06-02 21:15:00,328.5,7.39,16.9,19.5,1.24
2026-06-02 21:16:00,369.4,7.29,16.5,19.9,1.22
2026-06-02 21:17:00,373.3,7.33,17.1,19.1,1.18
2026-06-02 21:18:00,351.1,7.16,17.0,19.1,1.17
2026-06-02 21:19:00,361.9,7.55,16.5,19.8,1.18
2026-06-02 21:20:00,389.3,7.55,16.7,19.1,1.26
2026-06-02 21:21:00,352.4,7.29,16.8,19.4,1.21
2026-06-02 21:22:00,344.1,7.37,16.9,19.0,1.26
2026-06-02 21:23:00,382.2,7.4,16.7,18.6,1.2
2026-06-02 21:24:00,389.4,7.29,16.9,19.3,1.19
2026-06-02 21:25:00,360.1,7.21,16.7,19.6,1.2
2026-06-02 21:26:00,375.2,7.37,16.8,19.1,1.2
2026-06-02 21:27:00,380.1,7.36,16.4,18.6,1.18
2026-06-02 21:28:00,348.9,7.35,16.7,19.2,1.17
2026-06-02 21:29:00,352.7,7.41,16.9,18.8,1.22
2026-06-02 21:30:00,378.5,7.53,17.0,18.0,1.23
2026-06-02 21:31:00,385.3,7.36,16.7,19.0,1.27
2026-06-02 21:32:00,368.4,7.41,16.7,19.3,1.19
2026-06-02 21:33:00,346.8,7.46,16.9,19.5,1.19
2026-06-02 21:34:00,389.8,7.45,16.6,19.7,1.18
2026-06-02 21:35:00,352.0,7.33,16.9,19.2,1.23
2026-06-02 21:36:00,355.0,7.4,16.6,19.3,1.22
2026-06-02 21:37:00,365.1,7.44,16.7,18.4,1.17
2026-06-02 21:38:00,383.3,7.28,16.4,19.6,1.17
2026-06-02 21:39:00,372.8,7.52,16.4,19.4,1.23
2026-06-02 21:40:00,366.2,7.53,16.8,18.7,1.21
2026-06-02 21:41:00,366.9,7.32,17.0,19.1,1.22
2026-06-02 21:42:00,360.7,7.41,16.6,19.1,1.17
2026-06-02 21:43:00,368.4,7.45,16.6,19.4,1.14
2026-06-02 21:44:00,322.1,7.34,16.8,18.7,1.17
2026-06-02 21:45:00,355.6,7.44,16.7,18.5,1.22
2026-06-02 21:46:00,363.6,7.41,16.1,18.6,1.26
2026-06-02 21:47:00,342.7,7.24,16.8,19.1,1.19
2026-06-02 21:48:00,365.8,7.44,16.3,18.0,1.27
2026-06-02 21:49:00,356.9,7.28,16.6,17.5,1.22
2026-06-02 21:50:00,386.3,7.48,16.5,19.0,1.16
2026-06-02 21:51:00,383.6,7.32,16.4,18.8,1.21
2026-06-02 21:52:00,353.0,7.37,16.6,18.7,1.23
2026-06-02 21:53:00,357.7,7.53,16.7,18.1,1.13
2026-06-02 21:54:00,358.9,7.44,16.5,17.9,1.22
2026-06-02 21:55:00,353.2,7.28,16.8,18.3,1.24
2026-06-02 21:56:00,362.9,7.29,16.8,18.7,1.21
2026-06-02 21:57:00,348.6,7.33,16.8,18.3,1.2
2026-06-02 21:58:00,343.0,7.43,16.5,18.9,1.19
2026-06-02 21:59:00,369.3,7.43,16.4,18.1,1.19
2026-06-02 22:00:00,369.4,7.31,16.5,18.3,1.16
2026-06-02 22:01:00,347.9,7.27,16.7,18.8,1.18
2026-06-02 22:02:00,373.4,7.42,16.7,18.3,1.19
2026-06-02 22:03:00,350.5,7.37,16.0,18.3,1.2
2026-06-02 22:04:00,363.8,7.61,16.5,18.2,1.18
2026-06-02 22:05:00,372.3,7.39,16.0,18.1,1.17
2026-06-02 22:06:00,359.5,7.57,16.5,18.5,1.22
2026-06-02 22:07:00,366.8,7.27,16.3,18.6,1.21
2026-06-02 22:08:00,352.3,7.23,16.3,18.4,1.18
2026-06-02 22:09:00,357.1,7.28,16.6,18.1,1.22
2026-06-02 22:10:00,356.9,7.51,16.3,18.2,1.19
2026-06-02 22:11:00,348.8,7.57,16.4,18.9,1.2
2026-06-02 22:12:00,357.3,7.31,16.2,17.7,1.23
2026-06-02 22:13:00,336.8,7.34,16.4,19.0,1.18
2026-06-02 22:14:00,352.6,7.27,16.6,18.3,1.16
2026-06-02 22:15:00,355.7,7.21,16.2,18.2,1.2
2026-06-02 22:16:00,356.2,7.46,16.5,18.6,1.16
2026-06-02 22:17:00,356.4,7.41,16.4,17.4,1.19
2026-06-02 22:18:00,359.1,7.39,16.4,18.7,1.19
2026-06-02 22:19:00,367.2,7.25,16.3,18.9,1.13
2026-06-02 22:20:00,373.1,7.55,16.5,18.6,1.22
2026-06-02 22:21:00,350.3,7.34,16.5,17.3,1.19
2026-06-02 22:22:00,342.0,7.44,16.3,18.4,1.24
2026-06-02 22:23:00,344.4,7.24,16.4,18.7,1.21
2026-06-02 22:24:00,352.7,7.37,16.5,18.7,1.22
2026-06-02 22:25:00,354.7,7.42,16.4,17.5,1.24
2026-06-02 22:26:00,348.5,7.42,16.3,18.4,1.2
2026-06-02 22:27:00,340.6,7.41,16.6,18.7,1.2
2026-06-02 22:28:00,353.2,7.44,16.5,18.0,1.15
2026-06-02 22:29:00,362.7,7.28,16.7,17.4,1.24
2026-06-02 22:30:00,368.9,7.41,16.0,18.3,1.2
2026-06-02 22:31:00,351.6,7.4,16.4,18.4,1.17
2026-06-02 22:32:00,353.8,7.41,16.5,17.9,1.22
2026-06-02 22:33:00,346.1,7.4,16.5,17.4,1.13
2026-06-02 22:34:00,359.5,7.26,16.2,18.3,1.19
2026-06-02 22:35:00,347.3,7.26,16.0,17.6,1.23
2026-06-02 22:36:00,368.6,7.17,16.6,18.0,1.19
2026-06-02 22:37:00,333.2,7.47,16.2,18.5,1.18
2026-06-02 22:38:00,354.6,7.47,16.2,17.2,1.19
2026-06-02 22:39:00,364.5,7.47,16.7,18.2,1.14
2026-06-02 22:40:00,362.8,7.42,16.0,17.7,1.22
2026-06-02 22:41:00,400.4,7.18,16.4,17.7,1.2
2026-06-02 22:42:00,365.2,7.29,16.1,18.0,1.19
2026-06-02 22:43:00,344.9,7.41,16.1,17.4,1.19
2026-06-02 22:44:00,358.6,7.4,16.2,17.2,1.2
2026-06-02 22:45:00,333.4,7.37,16.3,17.0,1.22
2026-06-02 22:46:00,358.8,7.43,16.4,18.2,1.2
2026-06-02 22:47:00,347.5,7.39,16.4,17.5,1.16
2026-06-02 22:48:00,373.7,7.4,16.0,17.9,1.22
2026-06-02 22:49:00,351.8,7.33,16.0,17.4,1.21
2026-06-02 22:50:00,358.2,7.49,16.1,17.2,1.21
2026-06-02 22:51:00,350.5,7.35,16.2,17.9,1.23
2026-06-02 22:52:00,386.1,7.26,16.1,17.7,1.2
2026-06-02 22:53:00,355.2,7.31,15.4,17.5,1.23
2026-06-02 22:54:00,387.5,7.36,15.8,17.7,1.24
2026-06-02 22:55:00,372.2,7.49,16.1,17.2,1.22
2026-06-02 22:56:00,367.2,7.39,16.3,18.0,1.18
2026-06-02 22:57:00,365.5,7.37,15.9,18.0,1.2
2026-06-02 22:58:00,365.9,7.27,16.3,17.8,1.24
2026-06-02 22:59:00,331.1,7.47,15.8,17.3,1.16
2026-06-02 23:00:00,355.8,7.32,16.2,17.5,1.19
2026-06-02 23:01:00,372.7,7.38,16.2,18.1,1.19
2026-06-02 23:02:00,359.3,7.54,16.2,17.9,1.17
2026-06-02 23:03:00,338.9,7.44,15.9,18.2,1.23
2026-06-02 23:04:00,359.2,7.23,15.8,17.1,1.21
2026-06-02 23:05:00,385.6,7.21,16.2,17.0,1.18
2026-06-02 23:06:00,378.7,7.38,15.8,17.4,1.22
2026-06-02 23:07:00,359.1,7.27,15.9,17.5,1.2
2026-06-02 23:08:00,374.3,7.45,16.3,17.3,1.17
2026-06-02 23:09:00,354.5,7.39,16.1,17.2,1.18
2026-06-02 23:10:00,334.4,7.41,16.1,17.8,1.21
2026-06-02 23:11:00,346.1,7.32,16.2,17.3,1.23
2026-06-02 23:12:00,383.4,7.56,16.2,16.8,1.19
2026-06-02 23:13:00,355.9,7.67,16.0,16.8,1.22
2026-06-02 23:14:00,356.3,7.36,15.8,17.4,1.25
2026-06-02 23:15:00,355.5,7.43,16.6,18.4,1.16
2026-06-02 23:16:00,388.6,7.4,16.0,16.8,1.21
2026-06-02 23:17:00,384.4,7.36,16.1,17.1,1.22
2026-06-02 23:18:00,393.3,7.31,16.1,18.2,1.2
2026-06-02 23:19:00,357.6,7.28,15.9,17.0,1.24
2026-06-02 23:20:00,364.4,7.28,15.9,17.4,1.27
2026-06-02 23:21:00,337.3,7.43,16.3,17.9,1.21
2026-06-02 23:22:00,382.2,7.34,15.8,16.8,1.19
2026-06-02 23:23:00,342.5,7.13,16.1,17.0,1.23
2026-06-02 23:24:00,363.3,7.43,16.1,16.9,1.23
2026-06-02 23:25:00,343.5,7.39,15.9,16.5,1.12
2026-06-02 23:26:00,351.2,7.52,15.9,17.7,1.2
2026-06-02 23:27:00,347.4,7.43,16.1,16.8,1.19
2026-06-02 23:28:00,350.9,7.24,15.9,16.7,1.21
2026-06-02 23:29:00,351.9,7.17,15.5,16.9,1.19
2026-06-02 23:30:00,351.8,7.32,16.2,17.4,1.2
2026-06-02 23:31:00,372.5,7.33,15.7,17.1,1.17
2026-06-02 23:32:00,343.4,7.48,16.0,16.7,1.22
2026-06-02 23:33:00,363.3,7.39,15.6,17.2,1.25
2026-06-02 23:34:00,378.3,7.5,15.8,17.3,1.17
2026-06-02 23:35:00,352.3,7.26,15.8,17.0,1.16
2026-06-02 23:36:00,349.2,7.49,15.9,16.9,1.2
2026-06-02 23:37:00,356.5,7.46,15.7,17.3,1.2
2026-06-02 23:38:00,377.7,7.19,16.3,16.9,1.24
2026-06-02 23:39:00,362.9,7.52,15.9,17.6,1.16
2026-06-02 23:40:00,352.0,7.4,16.0,16.6,1.18
2026-06-02 23:41:00,367.3,7.43,15.9,16.6,1.14
2026-06-02 23:42:00,343.5,7.3,16.1,16.5,1.24
2026-06-02 23:43:00,370.2,7.52,15.4,16.8,1.21
2026-06-02 23:44:00,366.1,7.27,15.7,16.9,1.19
2026-06-02 23:45:00,355.4,7.47,15.7,16.3,1.16
2026-06-02 23:46:00,347.4,7.47,15.7,16.9,1.16
2026-06-02 23:47:00,346.7,7.29,15.9,17.0,1.21
2026-06-02 23:48:00,368.0,7.59,15.9,16.2,1.17
2026-06-02 23:49:00,378.4,7.41,15.8,16.6,1.2
2026-06-02 23:50:00,350.4,7.46,15.8,17.0,1.26
2026-06-02 23:51:00,366.9,7.24,16.3,16.3,1.19
2026-06-02 23:52:00,328.7,7.6,15.9,16.6,1.17
2026-06-02 23:53:00,351.2,7.27,15.3,17.2,1.21
2026-06-02 23:54:00,359.5,7.49,15.9,17.5,1.16
2026-06-02 23:55:00,346.4,7.29,15.9,16.9,1.25
2026-06-02 23:56:00,346.0,7.33,16.0,16.6,1.24
2026-06-02 23:57:00,350.0,7.47,15.9,16.5,1.2
2026-06-02 23:58:00,364.4,7.49,15.6,17.1,1.17
2026-06-02 23:59:00,357.2,7.26,15.9,17.1,1.19
2026-06-03 00:00:00,326.4,7.5,15.8,16.2,1.19
2026-06-03 00:01:00,328.2,7.49,16.0,17.0,1.21
2026-06-03 00:02:00,350.9,7.3,16.0,16.4,1.23
2026-06-03 00:03:00,366.9,7.55,15.7,16.3,1.17
2026-06-03 00:04:00,318.8,7.24,15.9,16.6,1.23
2026-06-03 00:05:00,352.5,7.33,15.9,17.0,1.22
2026-06-03 00:06:00,352.1,7.44,15.7,16.7,1.18
2026-06-03 00:07:00,380.8,7.3,16.1,16.7,1.17
2026-06-03 00:08:00,354.2,7.42,15.9,16.7,1.2
2026-06-03 00:09:00,365.7,7.41,15.6,16.8,1.17
2026-06-03 00:10:00,362.1,7.37,15.7,16.5,1.23
2026-06-03 00:11:00,328.0,7.47,15.9,16.8,1.17
2026-06-03 00:12:00,371.5,7.37,16.1,16.3,1.22
2026-06-03 00:13:00,363.2,7.41,15.8,16.8,1.2
2026-06-03 00:14:00,367.6,7.5,15.7,16.9,1.18
2026-06-03 00:15:00,418.9,7.47,15.9,16.8,1.2
2026-06-03 00:16:00,328.7,7.47,15.6,16.8,1.23
2026-06-03 00:17:00,385.9,7.28,15.5,16.7,1.16
2026-06-03 00:18:00,355.7,7.44,15.8,17.0,1.19
2026-06-03 00:19:00,364.3,7.3,15.6,15.6,1.18
2026-06-03 00:20:00,359.3,7.26,16.2,16.8,1.2
2026-06-03 00:21:00,353.6,7.38,15.7,17.2,1.18
2026-06-03 00:22:00,351.5,7.3,15.8,16.2,1.15
2026-06-03 00:23:00,364.9,7.47,15.5,16.1,1.17
2026-06-03 00:24:00,337.2,7.47,15.9,16.9,1.25
2026-06-03 00:25:00,371.3,7.2,15.6,16.1,1.21
2026-06-03 00:26:00,353.8,7.31,15.6,16.1,1.21
2026-06-03 00:27:00,343.0,7.24,15.6,16.5,1.19
2026-06-03 00:28:00,353.2,7.34,15.3,16.1,1.2
2026-06-03 00:29:00,378.9,7.44,15.5,16.7,1.19
2026-06-03 00:30:00,352.0,7.37,15.7,16.1,1.22
2026-06-03 00:31:00,365.4,7.33,15.3,16.5,1.2
2026-06-03 00:32:00,349.0,7.52,15.8,16.5,1.16
2026-06-03 00:33:00,371.4,7.16,15.5,17.0,1.21
2026-06-03 00:34:00,370.3,7.51,15.6,16.8,1.13
2026-06-03 00:35:00,387.7,7.34,15.1,16.1,1.21
2026-06-03 00:36:00,357.4,7.38,15.6,15.8,1.16
2026-06-03 00:37:00,370.0,7.34,15.3,16.7,1.2
2026-06-03 00:38:00,361.5,7.54,15.5,16.1,1.16
2026-06-03 00:39:00,379.4,7.27,15.2,16.2,1.2
2026-06-03 00:40:00,349.2,7.39,15.4,15.9,1.22
2026-06-03 00:41:00,371.2,7.44,15.5,16.6,1.25
2026-06-03 00:42:00,357.1,7.23,15.5,16.0,1.15
2026-06-03 00:43:00,359.0,7.3,15.7,16.3,1.23
2026-06-03 00:44:00,361.4,7.38,15.1,16.3,1.2
2026-06-03 00:45:00,363.8,7.3,15.5,16.3,1.19
2026-06-03 00:46:00,358.3,7.31,15.5,16.5,1.22
2026-06-03 00:47:00,363.2,7.36,15.4,16.2,1.19
2026-06-03 00:48:00,383.7,7.45,15.3,15.9,1.22
2026-06-03 00:49:00,374.8,7.36,15.7,15.5,1.17
2026-06-03 00:50:00,373.0,7.5,15.9,16.3,1.18
2026-06-03 00:51:00,353.2,7.29,15.1,16.2,1.23
2026-06-03 00:52:00,346.7,7.26,15.3,15.9,1.24
2026-06-03 00:53:00,374.3,7.58,15.3,16.2,1.2
2026-06-03 00:54:00,373.1,7.32,15.4,16.5,1.12
2026-06-03 00:55:00,382.1,7.26,15.7,16.6,1.19
2026-06-03 00:56:00,350.9,7.22,15.6,15.6,1.2
2026-06-03 00:57:00,356.6,7.5,15.4,16.0,1.19
2026-06-03 00:58:00,335.4,7.36,15.5,16.6,1.21
2026-06-03 00:59:00,354.1,7.36,15.4,16.8,1.19
2026-06-03 01:00:00,374.9,7.37,15.6,15.8,1.23
2026-06-03 01:01:00,353.0,7.49,15.6,16.7,1.16
2026-06-03 01:02:00,369.6,7.37,15.5,15.6,1.24
2026-06-03 01:03:00,357.1,7.62,15.0,16.6,1.25
2026-06-03 01:04:00,364.9,7.4,15.4,16.0,1.17
2026-06-03 01:05:00,342.8,7.5,15.4,16.8,1.17
2026-06-03 01:06:00,361.3,7.47,15.6,16.0,1.21
2026-06-03 01:07:00,315.1,7.39,15.5,16.0,1.16
2026-06-03 01:08:00,357.2,7.33,15.5,16.1,1.19
2026-06-03 01:09:00,335.5,7.42,15.3,15.5,1.23
2026-06-03 01:10:00,378.1,7.44,15.6,15.4,1.22
2026-06-03 01:11:00,371.7,7.33,15.6,16.3,1.26
2026-06-03 01:12:00,367.0,7.41,15.1,16.5,1.21
2026-06-03 01:13:00,382.8,7.51,15.1,16.3,1.18
2026-06-03 01:14:00,345.8,7.6,15.5,15.6,1.2
2026-06-03 01:15:00,386.2,7.48,15.3,16.3,1.2
2026-06-03 01:16:00,374.0,7.58,15.6,15.7,1.2
2026-06-03 01:17:00,356.5,7.33,15.4,16.3,1.2
2026-06-03 01:18:00,377.0,7.46,15.5,16.5,1.17
2026-06-03 01:19:00,343.4,7.52,15.2,16.2,1.21
2026-06-03 01:20:00,347.6,7.3,15.4,16.7,1.16
2026-06-03 01:21:00,350.9,7.34,15.4,16.0,1.18
2026-06-03 01:22:00,352.1,7.56,15.2,16.0,1.2
2026-06-03 01:23:00,344.2,7.29,15.5,16.1,1.13
2026-06-03 01:24:00,378.3,7.26,15.0,15.5,1.22
2026-06-03 01:25:00,356.1,7.54,15.4,15.9,1.14
2026-06-03 01:26:00,365.3,7.51,15.1,15.9,1.22
2026-06-03 01:27:00,351.4,7.43,15.1,15.9,1.16
2026-06-03 01:28:00,332.7,7.39,15.5,16.2,1.19
2026-06-03 01:29:00,364.1,7.35,15.1,15.5,1.22
2026-06-03 01:30:00,331.3,7.42,15.1,15.6,1.27
2026-06-03 01:31:00,359.0,7.55,15.4,16.5,1.2
2026-06-03 01:32:00,339.5,7.41,15.1,15.2,1.14
2026-06-03 01:33:00,389.8,7.61,15.5,16.3,1.23
2026-06-03 01:34:00,373.7,7.3,15.4,15.9,1.19
2026-06-03 01:35:00,361.6,7.39,15.1,16.1,1.2
2026-06-03 01:36:00,379.0,7.35,15.5,16.7,1.22
2026-06-03 01:37:00,347.3,7.28,14.9,16.0,1.13
2026-06-03 01:38:00,368.2,7.37,15.4,16.3,1.2
2026-06-03 01:39:00,363.0,7.43,15.0,16.0,1.19
2026-06-03 01:40:00,364.0,7.44,15.2,16.0,1.24
2026-06-03 01:41:00,379.1,7.61,15.2,15.9,1.22
2026-06-03 01:42:00,371.0,7.44,15.5,16.3,1.15
2026-06-03 01:43:00,364.3,7.51,15.2,15.7,1.24
2026-06-03 01:44:00,335.2,7.4,15.2,15.6,1.21
2026-06-03 01:45:00,345.6,7.56,15.2,16.0,1.15
2026-06-03 01:46:00,358.2,7.63,15.1,16.1,1.2
2026-06-03 01:47:00,361.4,7.44,15.0,15.3,1.23
2026-06-03 01:48:00,343.0,7.29,15.3,16.0,1.16
2026-06-03 01:49:00,396.2,7.34,15.2,15.5,1.24
2026-06-03 01:50:00,382.7,7.42,15.4,16.3,1.15
2026-06-03 01:51:00,369.0,7.44,15.2,15.3,1.18
2026-06-03 01:52:00,361.1,7.46,15.2,16.8,1.17
2026-06-03 01:53:00,356.8,7.44,15.4,15.9,1.24
2026-06-03 01:54:00,345.7,7.39,15.1,15.7,1.19
2026-06-03 01:55:00,361.2,7.33,14.9,15.9,1.17
2026-06-03 01:56:00,363.9,7.43,15.4,16.2,1.21
2026-06-03 01:57:00,341.4,7.58,15.1,16.4,1.22
2026-06-03 01:58:00,365.0,7.49,15.2,15.9,1.22
2026-06-03 01:59:00,357.7,7.44,15.1,15.4,1.19
2026-06-03 02:00:00,331.4,7.49,15.0,15.5,1.21
2026-06-03 02:01:00,347.1,7.35,14.8,16.1,1.18
2026-06-03 02:02:00,353.8,7.34,15.3,16.4,1.25
2026-06-03 02:03:00,388.3,7.32,14.5,16.4,1.23
2026-06-03 02:04:00,368.3,7.38,15.4,16.1,1.23
2026-06-03 02:05:00,340.0,7.35,15.4,16.4,1.22
2026-06-03 02:06:00,367.3,7.51,15.0,16.8,1.22
2026-06-03 02:07:00,336.8,7.34,15.5,16.5,1.16
2026-06-03 02:08:00,376.2,7.31,15.6,16.4,1.22
2026-06-03 02:09:00,352.9,7.58,15.1,15.7,1.2
2026-06-03 02:10:00,358.6,7.34,15.3,16.4,1.24
2026-06-03 02:11:00,379.9,7.41,15.2,16.2,1.22
2026-06-03 02:12:00,340.7,7.44,15.5,16.3,1.22
2026-06-03 02:13:00,339.0,7.28,14.9,16.5,1.15
2026-06-03 02:14:00,351.2,7.51,15.1,16.2,1.2
2026-06-03 02:15:00,375.6,7.45,15.3,16.0,1.18
2026-06-03 02:16:00,337.2,7.55,15.3,15.6,1.21
2026-06-03 02:17:00,317.5,7.32,15.1,15.9,1.19
2026-06-03 02:18:00,353.2,7.4,15.4,16.1,1.19
2026-06-03 02:19:00,368.3,7.39,15.2,16.1,1.21
2026-06-03 02:20:00,378.0,7.42,15.2,16.1,1.19
2026-06-03 02:21:00,353.1,7.24,15.3,16.4,1.2
2026-06-03 02:22:00,353.8,7.4,15.1,16.4,1.15
2026-06-03 02:23:00,377.3,7.25,15.1,16.0,1.18
2026-06-03 02:24:00,332.0,7.43,15.0,15.7,1.22
2026-06-03 02:25:00,354.2,7.18,15.7,16.2,1.16
2026-06-03 02:26:00,362.9,7.2,15.0,16.9,1.24
2026-06-03 02:27:00,366.7,7.47,15.3,16.2,1.23
2026-06-03 02:28:00,352.4,7.34,15.5,15.9,1.19
2026-06-03 02:29:00,360.5,7.29,14.8,16.3,1.29
2026-06-03 02:30:00,322.7,7.52,15.2,16.3,1.24
2026-06-03 02:31:00,350.1,7.42,15.1,16.3,1.17
2026-06-03 02:32:00,366.8,7.48,15.5,16.6,1.22
2026-06-03 02:33:00,345.3,7.37,14.9,16.2,1.2
2026-06-03 02:34:00,360.9,7.66,15.0,16.6,1.18
2026-06-03 02:35:00,366.7,7.33,15.1,16.2,1.17
2026-06-03 02:36:00,354.9,7.56,15.0,16.7,1.23
2026-06-03 02:37:00,362.6,7.38,15.0,16.5,1.18
2026-06-03 02:38:00,345.6,7.22,15.5,16.4,1.2
2026-06-03 02:39:00,356.9,7.44,15.1,16.4,1.17
2026-06-03 02:40:00,369.2,7.42,14.9,17.0,1.18
2026-06-03 02:41:00,362.4,7.28,15.0,16.5,1.2
2026-06-03 02:42:00,351.2,7.3,15.2,15.7,1.21
2026-06-03 02:43:00,363.4,7.39,15.2,16.2,1.12
2026-06-03 02:44:00,370.7,7.42,15.0,16.0,1.2
2026-06-03 02:45:00,329.3,7.14,14.8,16.9,1.18
2026-06-03 02:46:00,377.4,7.5,15.1,16.6,1.24
2026-06-03 02:47:00,355.0,7.34,15.1,16.9,1.29
2026-06-03 02:48:00,366.4,7.26,14.9,15.8,1.19
2026-06-03 02:49:00,378.0,7.48,15.3,16.6,1.15
2026-06-03 02:50:00,339.4,7.39,15.2,15.6,1.2
2026-06-03 02:51:00,349.4,7.51,15.1,15.5,1.19
2026-06-03 02:52:00,355.7,7.43,15.0,16.0,1.26
2026-06-03 02:53:00,348.2,7.39,15.4,16.7,1.25
2026-06-03 02:54:00,386.0,7.37,14.8,15.7,1.23
2026-06-03 02:55:00,347.1,7.44,15.0,16.1,1.18
2026-06-03 02:56:00,351.7,7.35,15.0,16.6,1.22
2026-06-03 02:57:00,363.1,7.3,15.1,16.5,1.21
2026-06-03 02:58:00,342.0,7.45,15.2,17.0,1.21
2026-06-03 02:59:00,354.1,7.38,14.8,16.2,1.15
2026-06-03 03:00:00,364.8,7.39,14.9,16.0,1.23
2026-06-03 03:01:00,355.0,7.5,15.1,15.7,1.2
2026-06-03 03:02:00,358.6,7.38,14.9,16.0,1.2
2026-06-03 03:03:00,352.1,7.39,15.0,15.7,1.18
2026-06-03 03:04:00,337.3,7.33,15.1,15.5,1.18
2026-06-03 03:05:00,364.8,7.43,14.8,17.0,1.21
2026-06-03 03:06:00,386.3,7.42,15.1,16.2,1.15
2026-06-03 03:07:00,360.3,7.48,15.2,17.2,1.22
2026-06-03 03:08:00,363.4,7.33,15.0,15.9,1.17
2026-06-03 03:09:00,370.4,7.34,15.3,16.1,1.14
2026-06-03 03:10:00,341.0,7.47,15.2,15.9,1.25
2026-06-03 03:11:00,385.5,7.42,15.0,16.0,1.17
2026-06-03 03:12:00,363.0,7.3,15.0,16.6,1.18
2026-06-03 03:13:00,384.5,7.52,15.4,16.5,1.23
2026-06-03 03:14:00,349.0,7.22,14.9,16.6,1.26
2026-06-03 03:15:00,387.3,7.47,15.0,16.8,1.15
2026-06-03 03:16:00,371.6,7.26,14.9,16.7,1.17
2026-06-03 03:17:00,368.3,7.58,15.1,15.9,1.17
2026-06-03 03:18:00,363.5,7.24,15.5,16.1,1.23
2026-06-03 03:19:00,356.3,7.51,15.1,16.3,1.25
2026-06-03 03:20:00,378.0,7.38,15.0,17.8,1.17
2026-06-03 03:21:00,362.1,7.35,15.1,16.6,1.24
2026-06-03 03:22:00,330.5,7.41,14.8,16.4,1.18
2026-06-03 03:23:00,343.2,7.45,15.0,16.6,1.21
2026-06-03 03:24:00,357.2,7.3,15.4,16.1,1.16
2026-06-03 03:25:00,364.6,7.31,15.1,16.4,1.2
2026-06-03 03:26:00,359.2,7.45,15.3,16.7,1.2
2026-06-03 03:27:00,378.3,7.22,15.2,16.3,1.19
2026-06-03 03:28:00,330.7,7.33,14.9,16.1,1.21
2026-06-03 03:29:00,362.2,7.69,15.4,16.3,1.17
2026-06-03 03:30:00,332.7,7.29,14.7,16.3,1.17
2026-06-03 03:31:00,371.4,7.5,15.1,15.8,1.21
2026-06-03 03:32:00,358.6,7.33,14.6,16.2,1.24
2026-06-03 03:33:00,366.3,7.44,14.7,15.8,1.2
2026-06-03 03:34:00,347.0,7.46,15.2,15.9,1.22
2026-06-03 03:35:00,379.2,7.5,14.9,16.0,1.22
2026-06-03 03:36:00,375.6,7.37,15.3,16.8,1.22
2026-06-03 03:37:00,368.8,7.59,14.6,17.0,1.17
2026-06-03 03:38:00,358.1,7.33,15.0,15.8,1.18
2026-06-03 03:39:00,368.7,7.41,14.8,17.1,1.18
2026-06-03 03:40:00,349.4,7.41,14.9,16.0,1.26
2026-06-03 03:41:00,372.8,7.28,15.3,16.8,1.22
2026-06-03 03:42:00,384.7,7.36,15.4,16.6,1.21
2026-06-03 03:43:00,376.1,7.41,15.1,16.8,1.21
2026-06-03 03:44:00,349.1,7.35,14.7,16.0,1.16
2026-06-03 03:45:00,365.4,7.63,14.8,15.8,1.26
2026-06-03 03:46:00,340.6,7.31,15.0,16.2,1.21
2026-06-03 03:47:00,368.6,7.51,14.8,16.7,1.22
2026-06-03 03:48:00,366.8,7.48,15.1,17.3,1.15
2026-06-03 03:49:00,332.0,7.39,15.3,16.1,1.22
2026-06-03 03:50:00,342.6,7.3,14.8,16.5,1.19
2026-06-03 03:51:00,355.8,7.31,14.8,16.3,1.16
2026-06-03 03:52:00,355.5,7.34,14.8,16.6,1.17
2026-06-03 03:53:00,341.9,7.21,14.9,15.8,1.16
2026-06-03 03:54:00,365.8,7.29,15.0,17.2,1.16
2026-06-03 03:55:00,363.8,7.24,15.0,16.6,1.2
2026-06-03 03:56:00,357.1,7.52,15.2,17.0,1.19
2026-06-03 03:57:00,348.7,7.45,15.1,16.5,1.21
2026-06-03 03:58:00,375.7,7.47,15.0,16.7,1.25
2026-06-03 03:59:00,384.8,7.45,15.0,17.1,1.2
2026-06-03 04:00:00,352.7,7.41,15.0,16.7,1.13
2026-06-03 04:01:00,350.8,7.54,15.0,16.7,1.19
2026-06-03 04:02:00,367.4,7.33,14.9,16.4,1.24
2026-06-03 04:03:00,354.6,7.4,14.8,16.5,1.2
2026-06-03 04:04:00,357.9,7.46,15.0,16.3,1.25
2026-06-03 04:05:00,371.1,7.26,14.9,16.4,1.21
2026-06-03 04:06:00,331.4,7.7,15.1,17.2,1.14
2026-06-03 04:07:00,379.8,7.39,15.0,17.5,1.2
2026-06-03 04:08:00,361.1,7.4,15.0,16.3,1.21
2026-06-03 04:09:00,353.8,7.52,15.2,16.9,1.23
2026-06-03 04:10:00,358.7,7.48,14.7,16.7,1.25
2026-06-03 04:11:00,359.4,7.39,15.4,17.4,1.23
2026-06-03 04:12:00,334.0,7.4,14.6,16.9,1.21
2026-06-03 04:13:00,382.4,7.24,15.3,16.8,1.22
2026-06-03 04:14:00,360.6,7.33,15.0,16.5,1.19
2026-06-03 04:15:00,366.6,7.44,14.9,16.2,1.16
2026-06-03 04:16:00,374.3,7.43,14.7,17.2,1.2
2026-06-03 04:17:00,344.7,7.51,14.9,17.0,1.21
2026-06-03 04:18:00,367.1,7.38,15.0,17.0,1.16
2026-06-03 04:19:00,356.0,7.25,15.0,16.7,1.24
2026-06-03 04:20:00,372.7,7.5,15.3,16.8,1.23
2026-06-03 04:21:00,328.1,7.53,15.0,17.2,1.16
2026-06-03 04:22:00,358.5,7.48,15.1,17.3,1.24
2026-06-03 04:23:00,351.0,7.37,15.1,16.5,1.19
2026-06-03 04:24:00,366.5,7.49,14.9,16.7,1.18
2026-06-03 04:25:00,367.1,7.73,15.0,16.4,1.23
2026-06-03 04:26:00,349.4,7.4,15.0,17.1,1.2
2026-06-03 04:27:00,349.3,7.26,15.1,17.3,1.26
2026-06-03 04:28:00,358.3,7.33,14.8,16.9,1.17
2026-06-03 04:29:00,346.6,7.45,14.9,16.8,1.15
2026-06-03 04:30:00,372.6,7.23,15.1,16.9,1.19
2026-06-03 04:31:00,354.5,7.41,14.8,18.0,1.22
2026-06-03 04:32:00,316.4,7.43,15.0,17.5,1.17
2026-06-03 04:33:00,354.4,7.54,14.9,17.4,1.16
2026-06-03 04:34:00,344.4,7.52,15.1,17.2,1.21
2026-06-03 04:35:00,335.5,7.48,15.3,17.1,1.16
2026-06-03 04:36:00,341.4,7.17,14.9,16.8,1.21
2026-06-03 04:37:00,361.6,7.48,15.2,16.7,1.19
2026-06-03 04:38:00,379.9,7.46,15.1,16.9,1.21
2026-06-03 04:39:00,364.7,7.42,14.9,16.8,1.16
2026-06-03 04:40:00,350.9,7.22,15.0,16.9,1.24
2026-06-03 04:41:00,366.8,7.31,15.3,17.1,1.19
2026-06-03 04:42:00,353.1,7.27,15.0,17.2,1.22
2026-06-03 04:43:00,349.6,7.19,15.3,17.0,1.23
2026-06-03 04:44:00,342.7,7.39,15.0,17.4,1.17
2026-06-03 04:45:00,333.7,7.31,14.7,17.2,1.23
2026-06-03 04:46:00,354.2,7.65,15.0,17.3,1.16
2026-06-03 04:47:00,362.4,7.37,14.7,17.0,1.16
2026-06-03 04:48:00,358.6,7.52,15.0,17.6,1.26
2026-06-03 04:49:00,353.8,7.23,15.0,17.1,1.23
2026-06-03 04:50:00,345.8,7.34,15.4,18.0,1.26
2026-06-03 04:51:00,369.1,7.4,15.4,17.2,1.19
2026-06-03 04:52:00,340.2,7.3,15.1,17.3,1.2
2026-06-03 04:53:00,371.6,7.35,15.3,17.6,1.22
2026-06-03 04:54:00,345.0,7.37,15.0,17.7,1.2
2026-06-03 04:55:00,348.7,7.37,14.8,17.8,1.18
2026-06-03 04:56:00,338.0,7.58,15.2,18.1,1.17
2026-06-03 04:57:00,352.5,7.43,15.1,17.7,1.21
2026-06-03 04:58:00,374.6,7.44,14.9,17.4,1.17
2026-06-03 04:59:00,367.7,7.44,14.9,17.2,1.17
2026-06-03 05:00:00,374.7,7.45,15.2,17.4,1.21
2026-06-03 05:01:00,367.8,7.38,14.7,18.1,1.2
2026-06-03 05:02:00,343.4,7.36,15.2,16.9,1.23
2026-06-03 05:03:00,355.0,7.41,15.0,17.2,1.19
2026-06-03 05:04:00,348.3,7.51,15.2,17.4,1.18
2026-06-03 05:05:00,380.0,7.5,15.3,17.2,1.21
2026-06-03 05:06:00,342.0,7.37,14.9,17.4,1.18
2026-06-03 05:07:00,373.4,7.47,14.8,18.3,1.18
2026-06-03 05:08:00,373.4,7.37,15.4,17.5,1.18
2026-06-03 05:09:00,387.4,7.39,15.1,17.8,1.19
2026-06-03 05:10:00,353.9,7.34,15.1,17.0,1.25
2026-06-03 05:11:00,370.7,7.37,15.3,17.2,1.16
2026-06-03 05:12:00,394.2,7.52,14.9,18.0,1.24
2026-06-03 05:13:00,350.7,7.4,15.3,18.3,1.22
2026-06-03 05:14:00,337.0,7.4,15.2,17.8,1.25
2026-06-03 05:15:00,331.8,7.25,15.4,17.6,1.29
2026-06-03 05:16:00,370.7,7.36,15.4,17.9,1.24
2026-06-03 05:17:00,331.8,7.37,15.1,16.7,1.23
2026-06-03 05:18:00,354.4,7.31,15.2,17.8,1.16
2026-06-03 05:19:00,366.6,7.39,15.1,17.4,1.16
2026-06-03 05:20:00,362.8,7.35,15.1,18.1,1.21
2026-06-03 05:21:00,366.4,7.4,14.9,16.9,1.15
2026-06-03 05:22:00,363.3,7.4,15.1,17.6,1.22
2026-06-03 05:23:00,379.2,7.29,14.7,17.8,1.14
2026-06-03 05:24:00,345.7,7.35,15.1,17.5,1.23
2026-06-03 05:25:00,349.8,7.4,15.4,17.7,1.19
2026-06-03 05:26:00,348.4,7.51,15.3,18.2,1.2
2026-06-03 05:27:00,372.5,7.42,15.1,17.9,1.18
2026-06-03 05:28:00,373.5,7.32,15.1,17.5,1.14
2026-06-03 05:29:00,366.8,7.43,15.0,18.3,1.24
2026-06-03 05:30:00,377.8,7.56,14.9,18.1,1.24
2026-06-03 05:31:00,342.3,7.48,15.3,18.1,1.19
2026-06-03 05:32:00,385.0,7.44,14.8,17.6,1.22
2026-06-03 05:33:00,382.8,7.46,14.8,17.0,1.19
2026-06-03 05:34:00,371.0,7.53,15.3,17.7,1.21
2026-06-03 05:35:00,386.7,7.5,15.2,17.6,1.22
2026-06-03 05:36:00,335.2,7.45,15.1,17.8,1.22
2026-06-03 05:37:00,352.1,7.5,15.2,17.7,1.24
2026-06-03 05:38:00,349.0,7.28,15.5,18.1,1.22
2026-06-03 05:39:00,370.8,7.24,15.1,18.5,1.2
2026-06-03 05:40:00,344.2,7.41,15.2,18.6,1.18
2026-06-03 05:41:00,371.4,7.4,15.6,18.5,1.19
2026-06-03 05:42:00,380.6,7.34,15.1,17.8,1.22
2026-06-03 05:43:00,370.4,7.47,15.5,18.2,1.15
2026-06-03 05:44:00,364.3,7.2,14.7,18.8,1.23
2026-06-03 05:45:00,345.2,7.34,14.9,17.6,1.19
2026-06-03 05:46:00,347.3,7.34,15.0,18.8,1.18
2026-06-03 05:47:00,378.7,7.23,15.3,17.9,1.17
2026-06-03 05:48:00,371.7,7.54,15.5,18.4,1.22
2026-06-03 05:49:00,359.4,7.25,15.0,18.5,1.2
2026-06-03 05:50:00,353.7,7.33,15.4,18.4,1.25
2026-06-03 05:51:00,329.6,7.48,15.6,19.2,1.16
2026-06-03 05:52:00,343.9,7.45,15.5,18.2,1.18
2026-06-03 05:53:00,388.7,7.28,15.1,17.7,1.2
2026-06-03 05:54:00,340.8,7.46,15.4,18.5,1.18
2026-06-03 05:55:00,362.8,7.42,15.3,18.3,1.2
2026-06-03 05:56:00,375.1,7.62,15.1,18.6,1.21
2026-06-03 05:57:00,341.2,7.43,15.3,18.8,1.21
2026-06-03 05:58:00,362.8,7.38,15.1,18.4,1.25
2026-06-03 05:59:00,374.1,7.3,15.2,18.7,1.16
2026-06-03 06:00:00,360.2,7.32,14.9,18.6,1.21
2026-06-03 06:01:00,403.0,7.31,14.9,19.2,1.18
2026-06-03 06:02:00,335.0,7.53,15.2,18.4,1.21
2026-06-03 06:03:00,375.9,7.39,15.3,18.3,1.21
2026-06-03 06:04:00,357.4,7.45,15.0,18.9,1.17
2026-06-03 06:05:00,371.6,7.54,15.3,18.2,1.17
2026-06-03 06:06:00,366.6,7.15,15.2,18.8,1.22
2026-06-03 06:07:00,349.0,7.52,15.4,18.6,1.2
2026-06-03 06:08:00,363.4,7.4,15.4,18.6,1.19
2026-06-03 06:09:00,332.1,7.43,15.5,19.6,1.22
2026-06-03 06:10:00,369.0,7.31,15.4,19.2,1.22
2026-06-03 06:11:00,364.5,7.31,15.2,19.1,1.18
2026-06-03 06:12:00,369.6,7.44,15.3,18.9,1.17
2026-06-03 06:13:00,375.9,7.63,15.7,18.5,1.16
2026-06-03 06:14:00,365.5,7.49,15.4,18.9,1.2
2026-06-03 06:15:00,362.2,7.52,15.3,19.0,1.16
2026-06-03 06:16:00,346.8,7.37,15.2,18.9,1.2
2026-06-03 06:17:00,349.3,7.33,15.1,18.9,1.24
2026-06-03 06:18:00,377.8,7.31,15.0,18.7,1.19
2026-06-03 06:19:00,381.5,7.34,15.6,19.0,1.18
2026-06-03 06:20:00,356.4,7.18,15.4,18.7,1.26
2026-06-03 06:21:00,360.7,7.32,15.0,19.2,1.25
2026-06-03 06:22:00,346.4,7.33,15.3,18.1,1.18
2026-06-03 06:23:00,377.6,7.37,15.5,19.5,1.2
2026-06-03 06:24:00,370.0,7.4,15.2,18.4,1.21
2026-06-03 06:25:00,389.1,7.43,15.1,18.6,1.21
2026-06-03 06:26:00,346.8,7.39,15.4,19.2,1.25
2026-06-03 06:27:00,354.3,7.33,15.4,19.2,1.2
2026-06-03 06:28:00,363.5,7.19,15.2,19.9,1.21
2026-06-03 06:29:00,369.7,7.33,15.2,19.2,1.22
2026-06-03 06:30:00,356.8,7.29,15.4,19.1,1.24
2026-06-03 06:31:00,346.9,7.44,15.1,19.2,1.23
2026-06-03 06:32:00,373.2,7.48,15.2,19.8,1.22
2026-06-03 06:33:00,370.8,7.48,15.3,20.1,1.15
2026-06-03 06:34:00,346.3,7.47,15.5,19.1,1.19
2026-06-03 06:35:00,380.3,7.38,15.2,19.4,1.22
2026-06-03 06:36:00,377.6,7.34,15.4,19.2,1.21
2026-06-03 06:37:00,362.0,7.32,15.6,19.2,1.22
2026-06-03 06:38:00,361.2,7.24,15.2,20.0,1.26
2026-06-03 06:39:00,368.3,7.49,16.0,18.9,1.16
2026-06-03 06:40:00,347.1,7.37,15.6,18.4,1.23
2026-06-03 06:41:00,360.5,7.27,15.4,19.4,1.19
2026-06-03 06:42:00,327.7,7.31,15.3,19.8,1.23
2026-06-03 06:43:00,373.1,7.3,15.3,19.4,1.2
2026-06-03 06:44:00,336.6,7.39,15.7,19.6,1.26
2026-06-03 06:45:00,382.6,7.5,15.4,19.7,1.2
2026-06-03 06:46:00,355.0,7.36,15.1,19.5,1.18
2026-06-03 06:47:00,356.8,7.16,15.0,19.7,1.21
2026-06-03 06:48:00,350.6,7.37,15.4,19.7,1.21
2026-06-03 06:49:00,355.7,7.37,15.4,18.7,1.23
2026-06-03 06:50:00,381.3,7.37,15.2,19.5,1.21
2026-06-03 06:51:00,322.7,7.33,15.1,18.9,1.27
2026-06-03 06:52:00,379.2,7.41,15.0,19.5,1.2
2026-06-03 06:53:00,365.1,7.4,15.3,19.4,1.2
2026-06-03 06:54:00,341.9,7.39,15.3,20.0,1.18
2026-06-03 06:55:00,343.9,7.43,15.6,19.7,1.2
2026-06-03 06:56:00,385.1,7.35,15.4,19.8,1.21
2026-06-03 06:57:00,345.8,7.34,15.6,19.6,1.21
2026-06-03 06:58:00,342.7,7.53,15.6,20.1,1.2
2026-06-03 06:59:00,377.1,7.45,15.5,19.0,1.18
2026-06-03 07:00:00,365.1,7.47,15.6,19.3,1.17
2026-06-03 07:01:00,345.9,7.51,15.2,20.2,1.19
2026-06-03 07:02:00,363.2,7.44,15.3,19.6,1.23
2026-06-03 07:03:00,344.6,7.48,15.9,18.9,1.24
2026-06-03 07:04:00,376.5,7.23,15.1,20.4,1.2
2026-06-03 07:05:00,375.9,7.41,15.4,20.2,1.17
2026-06-03 07:06:00,368.0,7.37,15.6,20.1,1.2
2026-06-03 07:07:00,365.4,7.56,15.1,19.9,1.26
2026-06-03 07:08:00,386.4,7.48,15.3,20.5,1.23
2026-06-03 07:09:00,360.0,7.33,15.9,20.4,1.22
2026-06-03 07:10:00,342.3,7.43,15.5,20.5,1.23
2026-06-03 07:11:00,366.7,7.41,15.4,20.2,1.25
2026-06-03 07:12:00,391.3,7.44,15.5,20.0,1.17
2026-06-03 07:13:00,344.8,7.29,15.4,19.8,1.19
2026-06-03 07:14:00,354.6,7.43,15.8,19.5,1.18
2026-06-03 07:15:00,366.2,7.37,15.3,20.2,1.22
2026-06-03 07:16:00,359.2,7.42,15.4,20.3,1.2
2026-06-03 07:17:00,345.3,7.32,15.2,19.9,1.22
2026-06-03 07:18:00,376.8,7.33,15.5,20.3,1.18
2026-06-03 07:19:00,394.8,7.51,15.5,20.0,1.24
2026-06-03 07:20:00,362.9,7.28,15.8,20.5,1.2
2026-06-03 07:21:00,346.4,7.29,15.3,19.8,1.22
2026-06-03 07:22:00,336.8,7.38,15.6,19.8,1.24
2026-06-03 07:23:00,363.9,7.31,15.6,20.1,1.23
2026-06-03 07:24:00,376.6,7.3,15.2,20.5,1.21
2026-06-03 07:25:00,367.1,7.4,15.4,19.8,1.22
2026-06-03 07:26:00,360.0,7.24,15.4,20.7,1.25
2026-06-03 07:27:00,351.2,7.29,15.9,19.6,1.22
2026-06-03 07:28:00,343.6,7.6,15.7,20.2,1.18
2026-06-03 07:29:00,372.5,7.44,15.6,19.8,1.22
2026-06-03 07:30:00,373.7,7.32,14.7,19.3,1.2
2026-06-03 07:31:00,336.8,7.43,15.2,20.5,1.13
2026-06-03 07:32:00,383.8,7.45,15.7,20.3,1.21
2026-06-03 07:33:00,368.6,7.49,15.8,19.9,1.2
2026-06-03 07:34:00,381.0,7.38,15.5,20.2,1.23
2026-06-03 07:35:00,339.9,7.49,15.6,20.6,1.18
2026-06-03 07:36:00,339.5,7.19,15.6,20.3,1.15
2026-06-03 07:37:00,357.8,7.28,15.7,20.4,1.21
2026-06-03 07:38:00,367.5,7.41,15.6,20.4,1.21
2026-06-03 07:39:00,386.9,7.42,15.8,20.3,1.2
2026-06-03 07:40:00,370.6,7.3,15.9,20.3,1.2
2026-06-03 07:41:00,356.4,7.42,15.5,20.3,1.17
2026-06-03 07:42:00,344.6,7.33,15.4,20.3,1.2
2026-06-03 07:43:00,378.5,7.36,15.5,20.2,1.19
2026-06-03 07:44:00,345.5,7.49,15.7,20.5,1.23
2026-06-03 07:45:00,384.4,7.48,15.7,20.4,1.21
2026-06-03 07:46:00,355.7,7.29,15.8,20.3,1.19
2026-06-03 07:47:00,383.9,7.28,15.9,21.0,1.25
2026-06-03 07:48:00,370.2,7.35,15.8,21.2,1.19
2026-06-03 07:49:00,357.9,7.39,15.7,20.8,1.22
2026-06-03 07:50:00,352.2,7.32,16.0,20.8,1.19
2026-06-03 07:51:00,354.9,7.49,15.7,20.5,1.25
2026-06-03 07:52:00,366.4,7.42,15.8,21.3,1.2
2026-06-03 07:53:00,361.2,7.43,15.8,21.5,1.2
2026-06-03 07:54:00,351.1,7.26,15.7,20.8,1.2
2026-06-03 07:55:00,357.5,7.51,15.7,20.7,1.21
2026-06-03 07:56:00,361.2,7.11,16.0,21.0,1.24
2026-06-03 07:57:00,328.1,7.47,15.7,21.0,1.23
2026-06-03 07:58:00,366.9,7.48,15.7,20.8,1.2
2026-06-03 07:59:00,345.3,7.35,15.6,21.2,1.25
2026-06-03 08:00:00,342.7,7.52,15.8,21.4,1.23
2026-06-03 08:01:00,334.7,7.38,15.7,20.7,1.19
2026-06-03 08:02:00,333.1,7.4,15.8,22.1,1.16
2026-06-03 08:03:00,339.7,7.42,15.8,20.5,1.19
2026-06-03 08:04:00,349.4,7.71,15.7,20.7,1.21
2026-06-03 08:05:00,389.3,7.52,15.5,21.2,1.22
2026-06-03 08:06:00,352.1,7.46,15.6,22.0,1.24
2026-06-03 08:07:00,362.7,7.3,15.6,20.9,1.17
2026-06-03 08:08:00,366.0,7.4,15.6,20.7,1.19
2026-06-03 08:09:00,362.0,7.31,15.9,21.4,1.16
2026-06-03 08:10:00,358.8,7.47,16.2,21.1,1.16
2026-06-03 08:11:00,342.1,7.4,15.7,21.5,1.18
2026-06-03 08:12:00,381.8,7.28,15.7,21.2,1.21
2026-06-03 08:13:00,387.1,7.4,15.7,20.9,1.22
2026-06-03 08:14:00,334.8,7.31,16.0,22.2,1.17
2026-06-03 08:15:00,344.6,7.41,15.9,20.1,1.18
2026-06-03 08:16:00,355.8,7.3,15.8,22.1,1.15
2026-06-03 08:17:00,345.5,7.39,15.6,21.7,1.21
2026-06-03 08:18:00,367.6,7.47,15.7,21.1,1.18
2026-06-03 08:19:00,349.1,7.38,15.9,22.2,1.25
2026-06-03 08:20:00,392.5,7.35,15.9,20.9,1.21
2026-06-03 08:21:00,377.9,7.41,15.9,21.9,1.19
2026-06-03 08:22:00,363.2,7.46,16.0,20.6,1.18
2026-06-03 08:23:00,375.4,7.28,15.6,21.0,1.16
2026-06-03 08:24:00,376.6,7.42,16.0,21.1,1.16
2026-06-03 08:25:00,351.5,7.52,15.9,21.2,1.18
2026-06-03 08:26:00,347.8,7.45,15.7,21.6,1.18
2026-06-03 08:27:00,361.2,7.4,15.8,21.3,1.17
2026-06-03 08:28:00,372.9,7.45,16.1,20.8,1.21
2026-06-03 08:29:00,362.1,7.44,15.7,21.8,1.22
2026-06-03 08:30:00,336.3,7.47,16.4,21.7,1.19
2026-06-03 08:31:00,348.0,7.19,16.0,21.8,1.26
2026-06-03 08:32:00,358.9,7.23,15.9,21.8,1.15
2026-06-03 08:33:00,358.9,7.49,15.9,22.1,1.2
2026-06-03 08:34:00,389.6,7.24,16.1,21.7,1.19
2026-06-03 08:35:00,339.2,7.43,15.9,22.2,1.18
2026-06-03 08:36:00,367.6,7.35,15.9,21.5,1.18
2026-06-03 08:37:00,382.3,7.29,16.3,21.5,1.2
2026-06-03 08:38:00,394.1,7.42,15.9,22.4,1.19
2026-06-03 08:39:00,353.9,7.41,16.0,22.4,1.19
2026-06-03 08:40:00,367.4,7.6,15.8,22.1,1.16
2026-06-03 08:41:00,368.5,7.33,16.0,21.5,1.15
2026-06-03 08:42:00,362.9,7.53,16.1,21.5,1.19
2026-06-03 08:43:00,358.5,7.43,16.3,22.5,1.19
2026-06-03 08:44:00,366.5,7.32,15.8,22.5,1.19
2026-06-03 08:45:00,322.0,7.47,15.7,22.0,1.2
2026-06-03 08:46:00,370.2,7.45,16.0,22.9,1.18
2026-06-03 08:47:00,361.9,7.39,15.9,22.2,1.19
2026-06-03 08:48:00,356.7,7.42,16.0,21.6,1.17
2026-06-03 08:49:00,390.7,7.33,16.1,22.0,1.25
2026-06-03 08:50:00,349.9,7.31,16.5,22.1,1.18
2026-06-03 08:51:00,354.0,7.47,16.0,22.1,1.19
2026-06-03 08:52:00,389.9,7.37,15.6,22.6,1.18
2026-06-03 08:53:00,347.5,7.38,16.0,21.8,1.18
2026-06-03 08:54:00,351.7,7.42,16.1,21.6,1.2
2026-06-03 08:55:00,357.8,7.42,15.9,22.4,1.2
2026-06-03 08:56:00,372.6,7.25,16.1,22.0,1.19
2026-06-03 08:57:00,363.1,7.52,16.1,23.2,1.19
2026-06-03 08:58:00,340.6,7.4,16.2,22.6,1.18
2026-06-03 08:59:00,352.0,7.37,16.3,22.1,1.21
2026-06-03 09:00:00,350.9,7.43,16.1,22.8,1.26
2026-06-03 09:01:00,358.8,7.41,16.2,22.6,1.17
2026-06-03 09:02:00,366.4,7.47,15.8,22.6,1.21
2026-06-03 09:03:00,366.3,7.44,15.9,22.3,1.2
2026-06-03 09:04:00,333.4,7.46,16.1,22.5,1.22
2026-06-03 09:05:00,376.0,7.53,15.9,21.6,1.22
2026-06-03 09:06:00,363.8,7.48,16.2,22.9,1.21
2026-06-03 09:07:00,380.8,7.37,16.1,21.1,1.2
2026-06-03 09:08:00,366.7,7.28,16.1,22.3,1.19
2026-06-03 09:09:00,376.5,7.56,16.3,21.8,1.18
2026-06-03 09:10:00,367.0,7.37,16.2,22.3,1.2
2026-06-03 09:11:00,380.2,7.34,16.0,22.5,1.16
2026-06-03 09:12:00,367.8,7.22,16.1,22.1,1.18
2026-06-03 09:13:00,358.5,7.42,16.3,21.5,1.23
2026-06-03 09:14:00,394.1,7.4,16.2,22.7,1.2
2026-06-03 09:15:00,373.3,7.24,16.4,23.4,1.23
2026-06-03 09:16:00,368.6,7.44,16.4,22.5,1.24
2026-06-03 09:17:00,340.9,7.34,16.1,23.0,1.19
2026-06-03 09:18:00,340.7,7.66,16.5,23.3,1.21
2026-06-03 09:19:00,364.4,7.33,16.5,21.9,1.19
2026-06-03 09:20:00,362.2,7.35,15.9,22.5,1.18
2026-06-03 09:21:00,350.8,7.3,16.3,22.2,1.17
2026-06-03 09:22:00,362.1,7.52,16.1,22.4,1.23
2026-06-03 09:23:00,383.8,7.35,16.2,23.5,1.21
2026-06-03 09:24:00,370.4,7.32,16.1,22.9,1.26
2026-06-03 09:25:00,342.9,7.46,16.1,23.1,1.23
2026-06-03 09:26:00,358.3,7.25,16.5,22.8,1.18
2026-06-03 09:27:00,347.9,7.45,16.1,22.4,1.23
2026-06-03 09:28:00,354.2,7.57,16.3,23.1,1.19
2026-06-03 09:29:00,353.8,7.45,16.0,23.4,1.24
2026-06-03 09:30:00,352.8,7.45,16.6,23.0,1.19
2026-06-03 09:31:00,341.2,7.48,16.3,23.1,1.17
2026-06-03 09:32:00,358.1,7.56,16.5,22.5,1.18
2026-06-03 09:33:00,351.6,7.51,16.4,23.3,1.18
2026-06-03 09:34:00,316.1,7.43,16.3,23.5,1.17
2026-06-03 09:35:00,390.8,7.48,16.4,23.2,1.18
2026-06-03 09:36:00,376.3,7.3,16.6,22.3,1.23
2026-06-03 09:37:00,354.4,7.47,16.2,23.7,1.25
2026-06-03 09:38:00,360.3,7.29,15.8,22.7,1.16
2026-06-03 09:39:00,342.4,7.35,16.2,23.2,1.24
2026-06-03 09:40:00,385.4,7.08,16.1,23.5,1.19
2026-06-03 09:41:00,388.5,7.43,16.6,23.6,1.21
2026-06-03 09:42:00,362.4,7.33,16.3,22.4,1.15
2026-06-03 09:43:00,375.4,7.5,16.6,23.2,1.22
2026-06-03 09:44:00,362.6,7.43,16.4,23.2,1.14
2026-06-03 09:45:00,339.9,7.5,16.4,23.8,1.21
2026-06-03 09:46:00,353.8,7.28,16.4,23.4,1.21
2026-06-03 09:47:00,362.0,7.49,16.7,23.8,1.21
2026-06-03 09:48:00,353.2,7.6,16.5,23.5,1.18
2026-06-03 09:49:00,356.7,7.47,16.6,23.3,1.22
2026-06-03 09:50:00,358.6,7.47,16.6,23.4,1.21
2026-06-03 09:51:00,358.8,7.41,16.4,23.9,1.19
2026-06-03 09:52:00,360.8,7.34,16.4,22.8,1.22
2026-06-03 09:53:00,344.1,7.47,16.4,23.7,1.2
2026-06-03 09:54:00,349.2,7.24,16.7,23.1,1.22
2026-06-03 09:55:00,340.7,7.35,16.3,23.1,1.2
2026-06-03 09:56:00,374.7,7.21,16.3,23.8,1.21
2026-06-03 09:57:00,328.4,7.32,16.4,23.1,1.22
2026-06-03 09:58:00,377.3,7.45,16.3,23.6,1.19
2026-06-03 09:59:00,380.8,7.44,16.4,23.3,1.16
2026-06-03 10:00:00,805.5,5.6,16.7,22.6,1.21
2026-06-03 10:01:00,771.0,5.61,16.6,23.7,1.24
2026-06-03 10:02:00,804.6,5.4,16.4,23.6,1.21
2026-06-03 10:03:00,809.0,5.55,16.7,22.8,1.21
2026-06-03 10:04:00,794.8,5.52,16.9,23.3,1.2
2026-06-03 10:05:00,802.3,5.52,16.6,22.9,1.22
2026-06-03 10:06:00,833.0,5.65,16.8,23.9,1.19
2026-06-03 10:07:00,820.0,5.5,16.7,24.2,1.19
2026-06-03 10:08:00,796.1,5.53,16.5,24.0,1.23
2026-06-03 10:09:00,786.0,5.38,16.6,24.1,1.18
2026-06-03 10:10:00,805.1,5.56,16.7,23.5,1.23
2026-06-03 10:11:00,806.8,5.48,16.4,23.9,1.23
2026-06-03 10:12:00,817.4,5.6,16.1,23.7,1.22
2026-06-03 10:13:00,802.0,5.49,16.4,23.8,1.16
2026-06-03 10:14:00,817.7,5.6,16.2,24.1,1.2
2026-06-03 10:15:00,839.0,5.58,16.4,24.2,1.19
2026-06-03 10:16:00,822.2,5.76,16.3,23.6,1.19
2026-06-03 10:17:00,809.3,5.64,16.8,23.3,1.2
2026-06-03 10:18:00,807.3,5.41,16.4,23.8,1.22
2026-06-03 10:19:00,804.6,5.46,16.7,23.8,1.19
2026-06-03 10:20:00,827.7,5.6,16.8,24.0,1.19
2026-06-03 10:21:00,800.6,5.5,16.8,24.2,1.19
2026-06-03 10:22:00,810.7,5.29,16.3,23.1,1.23
2026-06-03 10:23:00,810.8,5.72,16.9,23.7,1.19
2026-06-03 10:24:00,802.5,5.66,16.7,23.6,1.16
2026-06-03 10:25:00,789.4,5.64,16.8,24.5,1.15
2026-06-03 10:26:00,814.8,5.53,17.0,23.9,1.21
2026-06-03 10:27:00,809.1,5.63,16.8,23.8,1.18
2026-06-03 10:28:00,817.5,5.52,16.4,24.2,1.22
2026-06-03 10:29:00,802.0,5.61,16.8,23.8,1.16
2026-06-03 10:30:00,828.3,5.5,16.4,24.0,1.18
2026-06-03 10:31:00,796.8,5.74,16.7,24.8,1.16
2026-06-03 10:32:00,835.7,5.43,16.6,24.8,1.21
2026-06-03 10:33:00,783.8,5.71,16.7,23.9,1.22
2026-06-03 10:34:00,816.5,5.59,16.4,24.0,1.21
2026-06-03 10:35:00,817.1,5.54,16.4,23.9,1.17
2026-06-03 10:36:00,798.1,5.61,16.6,23.4,1.18
2026-06-03 10:37:00,816.4,5.66,16.7,24.6,1.21
2026-06-03 10:38:00,829.2,5.73,16.7,25.1,1.15
2026-06-03 10:39:00,776.7,5.62,17.0,24.0,1.19
2026-06-03 10:40:00,817.5,5.5,16.8,23.9,1.25
2026-06-03 10:41:00,772.6,5.6,16.8,24.1,1.19
2026-06-03 10:42:00,795.5,5.77,16.7,24.3,1.16
2026-06-03 10:43:00,834.4,5.72,16.5,23.8,1.18
2026-06-03 10:44:00,801.3,5.68,16.8,24.1,1.18
2026-06-03 10:45:00,792.4,5.67,17.2,24.7,1.26
2026-06-03 10:46:00,807.0,5.66,16.8,24.4,1.25
2026-06-03 10:47:00,841.0,5.71,17.0,24.8,1.22
2026-06-03 10:48:00,782.5,5.54,17.1,24.5,1.19
2026-06-03 10:49:00,794.2,5.45,16.9,23.9,1.24
2026-06-03 10:50:00,832.5,5.6,16.9,24.1,1.17
2026-06-03 10:51:00,837.9,5.51,16.6,24.5,1.23
2026-06-03 10:52:00,808.4,5.48,16.8,24.0,1.23
2026-06-03 10:53:00,791.4,5.52,16.8,23.9,1.2
2026-06-03 10:54:00,841.4,5.84,16.9,24.0,1.23
2026-06-03 10:55:00,833.9,5.6,16.6,24.7,1.19
2026-06-03 10:56:00,820.2,5.63,16.8,24.3,1.16
2026-06-03 10:57:00,797.8,5.47,17.0,25.0,1.23
2026-06-03 10:58:00,809.3,5.41,16.7,24.1,1.2
2026-06-03 10:59:00,807.6,5.51,16.7,23.5,1.22
2026-06-03 11:00:00,815.0,5.73,16.7,24.5,1.25
2026-06-03 11:01:00,831.8,5.62,16.8,25.2,1.18
2026-06-03 11:02:00,823.2,5.65,16.4,24.6,1.2
2026-06-03 11:03:00,793.8,5.66,16.8,24.0,1.25
2026-06-03 11:04:00,830.6,5.53,17.1,23.9,1.22
2026-06-03 11:05:00,814.7,5.73,17.0,25.1,1.18
2026-06-03 11:06:00,820.3,5.53,17.0,24.3,1.17
2026-06-03 11:07:00,832.0,5.73,16.6,25.3,1.18
2026-06-03 11:08:00,793.3,5.63,16.9,24.9,1.18
2026-06-03 11:09:00,809.5,5.41,16.9,24.4,1.21
2026-06-03 11:10:00,802.0,5.52,17.0,25.2,1.2
2026-06-03 11:11:00,786.5,5.41,17.2,24.3,1.21
2026-06-03 11:12:00,815.2,5.71,17.2,24.1,1.17
2026-06-03 11:13:00,847.7,5.59,16.9,24.4,1.2
2026-06-03 11:14:00,782.4,5.37,16.9,25.1,1.14
2026-06-03 11:15:00,809.5,5.63,17.3,25.2,1.2
2026-06-03 11:16:00,819.6,5.54,16.9,24.6,1.24
2026-06-03 11:17:00,811.8,5.44,16.8,24.0,1.16
2026-06-03 11:18:00,808.3,5.76,17.0,24.2,1.21
2026-06-03 11:19:00,790.5,5.6,17.3,24.4,1.18
2026-06-03 11:20:00,813.5,5.56,16.8,24.3,1.22
2026-06-03 11:21:00,798.6,5.55,16.9,25.0,1.2
2026-06-03 11:22:00,777.2,5.44,16.9,25.6,1.21
2026-06-03 11:23:00,827.9,5.46,17.2,25.2,1.2
2026-06-03 11:24:00,824.4,5.72,17.1,24.4,1.24
2026-06-03 11:25:00,810.8,5.54,17.2,24.6,1.21
2026-06-03 11:26:00,813.4,5.59,17.4,24.7,1.18
2026-06-03 11:27:00,826.1,5.39,16.8,25.1,1.2
2026-06-03 11:28:00,813.4,5.46,16.9,25.6,1.19
2026-06-03 11:29:00,823.6,5.65,17.0,24.8,1.2
2026-06-03 11:30:00,805.5,5.63,17.1,25.6,1.19
2026-06-03 11:31:00,829.7,5.77,17.2,25.8,1.18
2026-06-03 11:32:00,814.8,5.72,17.0,24.9,1.21
2026-06-03 11:33:00,812.9,5.57,17.0,24.9,1.2
2026-06-03 11:34:00,790.9,5.64,17.3,24.9,1.23
2026-06-03 11:35:00,814.3,5.56,17.2,25.1,1.19
2026-06-03 11:36:00,797.5,5.8,17.2,24.9,1.14
2026-06-03 11:37:00,800.4,5.7,16.7,25.4,1.19
2026-06-03 11:38:00,797.8,5.61,17.4,24.5,1.15
2026-06-03 11:39:00,794.0,5.61,17.2,24.9,1.21
2026-06-03 11:40:00,841.9,5.73,17.1,25.2,1.15
2026-06-03 11:41:00,830.0,5.65,17.0,25.5,1.17
2026-06-03 11:42:00,838.8,5.75,17.0,26.0,1.19
2026-06-03 11:43:00,791.7,5.37,17.0,24.6,1.25
2026-06-03 11:44:00,811.1,5.64,16.8,24.9,1.17
2026-06-03 11:45:00,790.6,5.54,17.0,24.3,1.2
2026-06-03 11:46:00,799.6,5.77,16.8,24.7,1.22
2026-06-03 11:47:00,796.2,5.74,17.2,24.5,1.24
2026-06-03 11:48:00,828.6,5.59,17.0,25.0,1.22
2026-06-03 11:49:00,804.1,5.74,17.3,25.1,1.23
2026-06-03 11:50:00,826.0,5.77,16.9,25.4,1.23
2026-06-03 11:51:00,819.1,5.6,17.4,25.1,1.16
2026-06-03 11:52:00,844.6,5.84,17.4,25.4,1.21
2026-06-03 11:53:00,787.8,5.59,17.0,25.3,1.23
2026-06-03 11:54:00,828.9,5.57,17.2,24.8,1.17
2026-06-03 11:55:00,827.2,5.68,17.1,24.6,1.18
2026-06-03 11:56:00,795.4,5.55,17.3,25.5,1.18
2026-06-03 11:57:00,825.1,5.6,17.6,26.0,1.22
2026-06-03 11:58:00,815.0,5.73,17.5,26.3,1.2
2026-06-03 11:59:00,806.6,5.59,17.1,25.7,1.19
2026-06-03 12:00:00,797.6,5.42,17.3,25.9,1.16
2026-06-03 12:01:00,799.2,5.63,17.6,25.5,1.2
2026-06-03 12:02:00,840.7,5.52,17.4,25.5,1.18
2026-06-03 12:03:00,810.0,5.68,17.5,25.4,1.21
2026-06-03 12:04:00,821.7,5.66,17.4,25.3,1.17
2026-06-03 12:05:00,798.1,5.74,17.3,25.6,1.21
2026-06-03 12:06:00,798.3,5.68,17.3,25.2,1.19
2026-06-03 12:07:00,826.2,5.7,17.0,25.3,1.16
2026-06-03 12:08:00,789.8,5.52,17.1,24.9,1.16
2026-06-03 12:09:00,803.8,5.67,17.1,25.6,1.16
2026-06-03 12:10:00,810.5,5.79,17.2,25.1,1.19
2026-06-03 12:11:00,811.7,5.52,17.3,25.5,1.2
2026-06-03 12:12:00,807.3,5.77,17.3,25.7,1.21
2026-06-03 12:13:00,815.9,5.54,17.4,25.7,1.21
2026-06-03 12:14:00,820.4,5.5,17.5,25.8,1.18
2026-06-03 12:15:00,821.0,5.62,17.3,25.4,1.23
2026-06-03 12:16:00,795.2,5.66,17.5,25.7,1.19
2026-06-03 12:17:00,805.7,5.68,17.6,25.3,1.21
2026-06-03 12:18:00,827.9,5.49,17.4,24.7,1.2
2026-06-03 12:19:00,823.4,5.63,17.2,25.7,1.21
2026-06-03 12:20:00,789.4,5.52,17.5,25.7,1.19
2026-06-03 12:21:00,815.3,5.44,17.5,25.9,1.21
2026-06-03 12:22:00,780.3,5.5,17.5,25.5,1.2
2026-06-03 12:23:00,810.7,5.51,17.7,24.9,1.22
2026-06-03 12:24:00,838.5,5.64,17.5,25.5,1.18
2026-06-03 12:25:00,795.8,5.71,17.7,25.9,1.15
2026-06-03 12:26:00,797.5,5.44,17.4,25.8,1.17
2026-06-03 12:27:00,821.5,5.63,17.3,25.5,1.23
2026-06-03 12:28:00,786.9,5.47,17.6,24.9,1.2
2026-06-03 12:29:00,800.5,5.65,17.2,25.2,1.2
2026-06-03 12:30:00,818.9,5.53,17.8,25.8,1.17
2026-06-03 12:31:00,800.5,5.48,17.7,25.0,1.2
2026-06-03 12:32:00,806.5,5.67,17.4,25.5,1.17
2026-06-03 12:33:00,821.2,5.53,17.7,25.7,1.17
2026-06-03 12:34:00,816.3,5.56,17.6,26.1,1.19
2026-06-03 12:35:00,814.0,5.37,17.2,25.9,1.21
2026-06-03 12:36:00,804.9,5.68,17.3,26.1,1.22
2026-06-03 12:37:00,815.6,5.67,17.5,25.8,1.22
2026-06-03 12:38:00,808.1,5.59,17.5,25.3,1.15
2026-06-03 12:39:00,816.9,5.44,17.7,25.4,1.2
2026-06-03 12:40:00,802.5,5.71,17.5,25.3,1.19
2026-06-03 12:41:00,807.3,5.52,17.2,25.9,1.15
2026-06-03 12:42:00,795.2,5.54,17.4,25.4,1.2
2026-06-03 12:43:00,809.5,5.82,17.6,25.6,1.19
2026-06-03 12:44:00,797.8,5.52,17.1,25.7,1.22
2026-06-03 12:45:00,793.3,5.66,17.2,26.4,1.2
2026-06-03 12:46:00,813.9,5.65,17.4,26.0,1.18
2026-06-03 12:47:00,813.2,5.63,17.7,25.4,1.23
2026-06-03 12:48:00,821.7,5.62,17.5,25.8,1.13
2026-06-03 12:49:00,803.5,5.63,17.6,26.4,1.2
2026-06-03 12:50:00,816.1,5.62,17.5,26.0,1.15
2026-06-03 12:51:00,818.3,5.58,17.5,25.1,1.17
2026-06-03 12:52:00,816.7,5.74,17.4,25.4,1.22
2026-06-03 12:53:00,797.6,5.46,17.7,25.4,1.16
2026-06-03 12:54:00,812.2,5.69,17.3,26.4,1.16
2026-06-03 12:55:00,815.5,5.67,17.5,26.3,1.27
2026-06-03 12:56:00,810.1,5.66,17.8,25.6,1.16
2026-06-03 12:57:00,778.7,5.7,17.4,25.6,1.25
2026-06-03 12:58:00,812.4,5.58,17.2,25.8,1.19
2026-06-03 12:59:00,843.2,5.4,17.1,25.9,1.18
2026-06-03 13:00:00,354.6,7.38,17.7,25.4,1.22
2026-06-03 13:01:00,349.1,7.29,17.7,25.7,1.24
2026-06-03 13:02:00,365.6,7.32,17.5,25.3,1.17
2026-06-03 13:03:00,364.7,7.27,17.3,26.4,1.18
2026-06-03 13:04:00,377.9,7.34,17.5,25.1,1.23
2026-06-03 13:05:00,341.1,7.33,17.8,25.1,1.21
2026-06-03 13:06:00,371.0,7.15,17.3,26.0,1.23
2026-06-03 13:07:00,368.9,7.46,17.8,25.4,1.22
2026-06-03 13:08:00,357.9,7.61,17.3,25.7,1.25
2026-06-03 13:09:00,365.1,7.45,17.4,25.9,1.21
2026-06-03 13:10:00,375.4,7.37,17.6,26.2,1.21
2026-06-03 13:11:00,373.1,7.38,17.8,25.8,1.21
2026-06-03 13:12:00,342.9,7.35,17.9,26.6,1.2
2026-06-03 13:13:00,372.3,7.4,17.8,25.9,1.23
2026-06-03 13:14:00,359.0,7.39,17.9,26.4,1.21
2026-06-03 13:15:00,361.1,7.31,17.7,26.0,1.22
2026-06-03 13:16:00,361.1,7.56,17.5,26.8,1.23
2026-06-03 13:17:00,357.7,7.24,17.9,26.3,1.21
2026-06-03 13:18:00,377.9,7.46,17.9,25.9,1.22
2026-06-03 13:19:00,358.7,7.38,17.8,26.2,1.17
2026-06-03 13:20:00,343.2,7.58,17.8,25.8,1.18
2026-06-03 13:21:00,354.1,7.42,17.9,25.8,1.23
2026-06-03 13:22:00,362.7,7.35,17.7,25.4,1.24
2026-06-03 13:23:00,378.4,7.37,17.7,25.6,1.14
2026-06-03 13:24:00,369.0,7.39,17.8,26.8,1.18
2026-06-03 13:25:00,347.2,7.28,17.8,25.5,1.2
2026-06-03 13:26:00,397.3,7.31,17.9,25.7,1.17
2026-06-03 13:27:00,364.0,7.21,17.7,25.9,1.18
2026-06-03 13:28:00,379.1,7.3,17.9,25.9,1.21
2026-06-03 13:29:00,357.7,7.4,17.9,26.1,1.25
2026-06-03 13:30:00,368.0,7.42,17.7,25.8,1.14
2026-06-03 13:31:00,372.6,7.19,17.5,26.1,1.19
2026-06-03 13:32:00,378.3,7.38,17.9,26.4,1.21
2026-06-03 13:33:00,375.9,7.45,17.5,26.5,1.22
2026-06-03 13:34:00,373.1,7.37,17.5,25.9,1.21
2026-06-03 13:35:00,355.3,7.33,17.7,26.2,1.25
2026-06-03 13:36:00,351.4,7.35,17.2,25.5,1.2
2026-06-03 13:37:00,365.0,7.34,18.0,25.7,1.24
2026-06-03 13:38:00,374.0,7.33,17.7,25.5,1.18
2026-06-03 13:39:00,356.7,7.41,18.0,26.0,1.2
2026-06-03 13:40:00,376.0,7.62,18.1,25.6,1.16
2026-06-03 13:41:00,381.8,7.32,17.7,25.4,1.23
2026-06-03 13:42:00,346.3,7.36,18.0,25.8,1.2
2026-06-03 13:43:00,347.4,7.38,17.5,25.3,1.21
2026-06-03 13:44:00,357.9,7.32,17.8,26.5,1.19
2026-06-03 13:45:00,364.6,7.5,17.7,25.8,1.22
2026-06-03 13:46:00,352.1,7.15,17.9,26.4,1.21
2026-06-03 13:47:00,380.3,7.34,17.9,25.8,1.17
2026-06-03 13:48:00,366.4,7.47,17.7,25.5,1.17
2026-06-03 13:49:00,360.6,7.36,17.9,26.5,1.2
2026-06-03 13:50:00,338.5,7.31,18.0,26.0,1.22
2026-06-03 13:51:00,340.3,7.43,17.8,26.8,1.26
2026-06-03 13:52:00,364.2,7.48,18.3,25.8,1.21
2026-06-03 13:53:00,328.0,7.41,17.7,25.8,1.23
2026-06-03 13:54:00,375.2,7.31,18.1,26.4,1.15
2026-06-03 13:55:00,357.6,7.44,18.0,26.4,1.26
2026-06-03 13:56:00,408.6,7.35,17.4,26.1,1.22
2026-06-03 13:57:00,394.6,7.46,18.1,27.3,1.2
2026-06-03 13:58:00,357.3,7.54,18.0,25.9,1.2
2026-06-03 13:59:00,358.4,7.13,17.8,25.5,1.17
2026-06-03 14:00:00,374.9,7.4,17.9,25.6,1.18
2026-06-03 14:01:00,385.5,7.22,17.9,25.9,1.26
2026-06-03 14:02:00,335.4,7.63,18.1,26.6,1.17
2026-06-03 14:03:00,333.2,7.34,17.7,25.9,1.17
2026-06-03 14:04:00,350.7,7.46,18.1,26.6,1.18
2026-06-03 14:05:00,368.7,7.39,17.6,26.2,1.16
2026-06-03 14:06:00,367.5,7.31,17.5,26.4,1.2
2026-06-03 14:07:00,376.0,7.3,17.9,26.2,1.23
2026-06-03 14:08:00,342.0,7.55,18.1,26.1,1.18
2026-06-03 14:09:00,325.3,7.49,17.8,26.3,1.16
2026-06-03 14:10:00,372.9,7.58,17.4,25.8,1.21
2026-06-03 14:11:00,347.6,7.4,17.5,25.8,1.2
2026-06-03 14:12:00,329.7,7.42,17.9,26.1,1.23
2026-06-03 14:13:00,362.2,7.36,17.8,26.8,1.19
2026-06-03 14:14:00,371.9,7.36,18.1,25.4,1.19
2026-06-03 14:15:00,358.2,7.29,17.9,25.2,1.2
2026-06-03 14:16:00,353.1,7.4,17.7,25.9,1.2
2026-06-03 14:17:00,357.6,7.31,17.9,26.4,1.19
2026-06-03 14:18:00,354.4,7.43,18.1,26.0,1.18
2026-06-03 14:19:00,339.8,7.41,18.1,25.5,1.14
2026-06-03 14:20:00,349.3,7.42,17.8,26.0,1.18
2026-06-03 14:21:00,367.8,7.56,17.9,25.3,1.22
2026-06-03 14:22:00,364.8,7.39,18.0,26.2,1.23
2026-06-03 14:23:00,362.5,7.47,17.7,25.9,1.19
2026-06-03 14:24:00,345.1,7.6,18.0,25.9,1.24
2026-06-03 14:25:00,357.3,7.52,17.8,26.1,1.2
2026-06-03 14:26:00,327.3,7.51,17.9,26.1,1.16
2026-06-03 14:27:00,362.7,7.36,17.9,25.7,1.15
2026-06-03 14:28:00,381.4,7.41,17.9,26.4,1.24
2026-06-03 14:29:00,337.9,7.26,18.3,26.3,1.19
2026-06-03 14:30:00,351.2,7.44,17.8,25.2,1.16
2026-06-03 14:31:00,364.9,7.42,17.8,25.9,1.13
2026-06-03 14:32:00,378.8,7.39,18.2,25.5,1.19
2026-06-03 14:33:00,353.3,7.49,18.0,25.4,1.21
2026-06-03 14:34:00,349.6,7.27,18.0,26.2,1.18
2026-06-03 14:35:00,330.5,7.55,17.7,25.8,1.17
2026-06-03 14:36:00,361.6,7.48,17.9,25.9,1.18
2026-06-03 14:37:00,390.6,7.38,18.1,25.7,1.24
2026-06-03 14:38:00,364.2,7.38,17.8,26.1,1.16
2026-06-03 14:39:00,359.7,7.44,18.0,26.2,1.18
2026-06-03 14:40:00,364.8,7.54,17.9,26.8,1.24
2026-06-03 14:41:00,359.8,7.4,17.8,25.8,1.21
2026-06-03 14:42:00,347.8,7.4,18.1,25.3,1.21
2026-06-03 14:43:00,372.3,7.39,18.1,25.7,1.18
2026-06-03 14:44:00,363.4,7.57,17.9,26.2,1.2
2026-06-03 14:45:00,360.3,7.35,18.0,25.6,1.18
2026-06-03 14:46:00,345.4,7.39,18.2,25.3,1.17
2026-06-03 14:47:00,379.6,7.54,17.8,25.6,1.17
2026-06-03 14:48:00,370.0,7.4,18.0,25.7,1.22
2026-06-03 14:49:00,351.7,7.5,17.9,25.5,1.2
2026-06-03 14:50:00,375.0,7.3,17.7,26.0,1.21
2026-06-03 14:51:00,352.5,7.37,17.9,25.8,1.2
2026-06-03 14:52:00,348.3,7.54,17.7,26.2,1.21
2026-06-03 14:53:00,348.6,7.32,18.0,25.7,1.19
2026-06-03 14:54:00,333.4,7.37,17.8,26.1,1.19
2026-06-03 14:55:00,367.1,7.42,17.7,25.7,1.18
2026-06-03 14:56:00,332.5,7.29,18.1,25.4,1.16
2026-06-03 14:57:00,341.6,7.35,18.1,25.6,1.17
2026-06-03 14:58:00,328.9,7.4,17.9,25.2,1.19
2026-06-03 14:59:00,358.7,7.39,18.1,26.6,1.15
2026-06-03 15:00:00,357.7,7.52,17.8,25.9,1.16
2026-06-03 15:01:00,355.1,7.54,17.9,25.5,1.23
2026-06-03 15:02:00,344.4,7.3,18.0,25.7,1.21
2026-06-03 15:03:00,342.4,7.4,18.2,24.8,1.19
2026-06-03 15:04:00,367.0,7.46,17.9,26.4,1.27
2026-06-03 15:05:00,351.7,7.54,17.8,26.3,1.15
2026-06-03 15:06:00,364.7,7.46,18.2,25.8,1.23
2026-06-03 15:07:00,346.7,7.42,18.1,25.9,1.2
2026-06-03 15:08:00,362.7,7.46,18.0,25.3,1.22
2026-06-03 15:09:00,379.5,7.46,18.2,25.3,1.2
2026-06-03 15:10:00,368.8,7.3,18.4,25.1,1.14
2026-06-03 15:11:00,353.8,7.41,18.0,25.7,1.2
2026-06-03 15:12:00,363.9,7.54,17.8,26.2,1.21
2026-06-03 15:13:00,356.4,7.37,18.1,25.6,1.13
2026-06-03 15:14:00,360.1,7.4,17.8,25.9,1.26
2026-06-03 15:15:00,355.1,7.37,18.2,26.1,1.21
2026-06-03 15:16:00,357.5,7.16,17.8,25.1,1.22
2026-06-03 15:17:00,363.2,7.39,17.9,26.5,1.17
2026-06-03 15:18:00,345.1,7.42,17.8,26.2,1.22
2026-06-03 15:19:00,344.8,7.34,18.0,25.9,1.23
2026-06-03 15:20:00,339.2,7.27,18.0,26.1,1.21
2026-06-03 15:21:00,336.0,7.3,18.1,26.1,1.2
2026-06-03 15:22:00,341.7,7.47,18.0,25.8,1.17
2026-06-03 15:23:00,362.4,7.59,18.0,26.2,1.19
2026-06-03 15:24:00,346.6,7.53,17.9,25.5,1.18
2026-06-03 15:25:00,367.7,7.26,17.9,25.8,1.22
2026-06-03 15:26:00,360.5,7.48,17.7,26.2,1.17
2026-06-03 15:27:00,330.5,7.32,18.3,24.6,1.22
2026-06-03 15:28:00,369.8,7.33,18.0,25.8,1.17
2026-06-03 15:29:00,372.2,7.34,18.3,25.9,1.19
2026-06-03 15:30:00,345.1,7.46,18.0,24.9,1.22
2026-06-03 15:31:00,366.3,7.49,17.6,25.7,1.18
2026-06-03 15:32:00,347.2,7.38,17.9,25.3,1.22
2026-06-03 15:33:00,361.5,7.38,18.0,25.8,1.22
2026-06-03 15:34:00,341.0,7.44,18.0,25.5,1.19
2026-06-03 15:35:00,333.1,7.45,18.1,25.2,1.23
2026-06-03 15:36:00,354.3,7.51,18.0,26.0,1.2
2026-06-03 15:37:00,358.1,7.26,17.9,25.4,1.23
2026-06-03 15:38:00,354.0,7.39,17.8,25.7,1.25
2026-06-03 15:39:00,342.2,7.28,17.9,26.1,1.19
2026-06-03 15:40:00,354.0,7.38,18.1,25.2,1.22
2026-06-03 15:41:00,364.0,7.37,18.2,25.5,1.18
2026-06-03 15:42:00,359.3,7.39,17.9,25.3,1.17
2026-06-03 15:43:00,362.7,7.31,18.2,25.4,1.19
2026-06-03 15:44:00,349.9,7.24,18.1,26.4,1.16
2026-06-03 15:45:00,377.6,7.18,17.8,25.7,1.17
2026-06-03 15:46:00,342.4,7.38,18.0,25.6,1.22
2026-06-03 15:47:00,367.3,7.35,18.1,25.7,1.18
2026-06-03 15:48:00,377.7,7.32,17.8,25.6,1.22
2026-06-03 15:49:00,367.2,7.52,17.7,24.7,1.21
2026-06-03 15:50:00,357.0,7.3,18.1,26.4,1.26
2026-06-03 15:51:00,352.1,7.53,17.9,24.8,1.22
2026-06-03 15:52:00,375.5,7.55,18.3,26.1,1.23
2026-06-03 15:53:00,338.7,7.19,18.3,25.7,1.21
2026-06-03 15:54:00,345.4,7.4,18.1,25.5,1.21
2026-06-03 15:55:00,354.0,7.35,18.2,25.3,1.23
2026-06-03 15:56:00,378.6,7.1,17.8,26.4,1.22
2026-06-03 15:57:00,365.7,7.25,17.7,25.6,1.21
2026-06-03 15:58:00,345.5,7.47,18.0,25.4,1.21
2026-06-03 15:59:00,355.3,7.59,17.7,25.1,1.22
2026-06-03 16:00:00,350.8,7.48,18.1,25.1,1.18
2026-06-03 16:01:00,349.4,7.42,17.8,25.3,1.18
2026-06-03 16:02:00,374.7,7.39,18.0,24.9,1.24
2026-06-03 16:03:00,339.4,7.56,18.0,25.6,1.26
2026-06-03 16:04:00,384.1,7.6,18.1,25.0,1.17
2026-06-03 16:05:00,372.4,7.33,18.1,25.7,1.18
2026-06-03 16:06:00,376.4,7.19,17.9,25.7,1.23
2026-06-03 16:07:00,353.1,7.18,17.7,25.2,1.22
2026-06-03 16:08:00,357.8,7.52,18.0,25.5,1.22
2026-06-03 16:09:00,338.5,7.39,17.7,25.5,1.23
2026-06-03 16:10:00,352.1,7.41,18.2,24.6,1.19
2026-06-03 16:11:00,367.4,7.21,18.1,25.9,1.21
2026-06-03 16:12:00,379.4,7.31,18.2,25.1,1.21
2026-06-03 16:13:00,343.4,7.36,17.8,25.5,1.17
2026-06-03 16:14:00,354.5,7.41,18.1,25.5,1.21
2026-06-03 16:15:00,357.7,7.35,17.9,24.2,1.24
2026-06-03 16:16:00,339.1,7.29,18.0,24.9,1.19
2026-06-03 16:17:00,368.9,7.31,17.8,25.5,1.2
2026-06-03 16:18:00,349.1,7.51,18.0,25.1,1.21
2026-06-03 16:19:00,357.1,7.41,17.7,25.4,1.19
2026-06-03 16:20:00,353.2,7.45,18.0,25.1,1.22
2026-06-03 16:21:00,348.2,7.3,17.7,25.6,1.18
2026-06-03 16:22:00,359.9,7.09,18.3,25.1,1.24
2026-06-03 16:23:00,356.8,7.34,18.0,25.6,1.22
2026-06-03 16:24:00,354.4,7.3,18.0,24.7,1.17
2026-06-03 16:25:00,349.1,7.42,18.1,25.0,1.25
2026-06-03 16:26:00,364.8,7.72,17.7,24.8,1.21
2026-06-03 16:27:00,384.8,7.46,17.8,25.2,1.18
2026-06-03 16:28:00,362.1,7.66,18.1,24.9,1.23
2026-06-03 16:29:00,374.9,7.45,18.0,24.9,1.21
2026-06-03 16:30:00,339.1,7.33,17.8,24.7,1.15
2026-06-03 16:31:00,362.4,7.42,18.1,24.8,1.18
2026-06-03 16:32:00,343.5,7.57,18.0,24.9,1.21
2026-06-03 16:33:00,337.8,7.57,18.1,24.1,1.14
2026-06-03 16:34:00,348.9,7.33,18.1,24.0,1.2
2026-06-03 16:35:00,377.9,7.42,17.8,24.9,1.2
2026-06-03 16:36:00,374.3,7.25,18.0,23.8,1.16
2026-06-03 16:37:00,363.6,7.47,17.6,24.8,1.21
2026-06-03 16:38:00,337.0,7.55,17.9,24.7,1.2
2026-06-03 16:39:00,357.1,7.39,17.9,25.1,1.16
2026-06-03 16:40:00,364.5,7.32,18.1,24.6,1.23
2026-06-03 16:41:00,362.6,7.43,18.1,25.4,1.23
2026-06-03 16:42:00,332.3,7.43,17.8,25.1,1.19
2026-06-03 16:43:00,346.6,7.4,17.8,24.2,1.19
2026-06-03 16:44:00,359.0,7.41,18.2,24.7,1.22
2026-06-03 16:45:00,368.0,7.37,17.9,25.4,1.19
2026-06-03 16:46:00,327.1,7.49,18.0,24.5,1.14
2026-06-03 16:47:00,357.6,7.46,18.1,24.7,1.21
2026-06-03 16:48:00,362.1,7.29,18.0,25.3,1.18
2026-06-03 16:49:00,372.7,7.29,17.9,24.5,1.19
2026-06-03 16:50:00,370.4,7.36,17.9,25.1,1.24
2026-06-03 16:51:00,368.7,7.46,17.9,24.3,1.2
2026-06-03 16:52:00,348.0,7.4,18.0,23.5,1.2
2026-06-03 16:53:00,331.4,7.33,17.6,25.1,1.22
2026-06-03 16:54:00,354.1,7.42,17.9,24.8,1.22
2026-06-03 16:55:00,375.0,7.36,18.1,24.8,1.17
2026-06-03 16:56:00,380.9,7.48,18.0,24.2,1.2
2026-06-03 16:57:00,370.7,7.42,18.2,24.2,1.2
2026-06-03 16:58:00,366.4,7.36,18.1,25.0,1.21
2026-06-03 16:59:00,365.7,7.41,18.0,24.6,1.21
2026-06-03 17:00:00,351.7,7.52,18.0,24.5,1.28
2026-06-03 17:01:00,358.0,7.33,17.9,24.6,1.16
2026-06-03 17:02:00,385.0,7.43,18.0,25.1,1.23
2026-06-03 17:03:00,345.9,7.38,18.0,24.8,1.24
2026-06-03 17:04:00,384.2,7.43,17.9,24.3,1.21
2026-06-03 17:05:00,355.2,7.32,17.8,23.9,1.18
2026-06-03 17:06:00,379.9,7.4,17.9,24.7,1.25
2026-06-03 17:07:00,338.9,7.5,18.2,24.1,1.13
2026-06-03 17:08:00,368.8,7.3,18.0,23.9,1.18
2026-06-03 17:09:00,348.9,7.26,17.9,24.9,1.24
2026-06-03 17:10:00,338.8,7.26,18.0,24.7,1.19
2026-06-03 17:11:00,363.3,7.27,18.0,24.5,1.25
2026-06-03 17:12:00,375.1,7.45,18.0,23.9,1.15
2026-06-03 17:13:00,347.3,7.25,17.9,25.0,1.17
2026-06-03 17:14:00,337.5,7.36,17.8,24.7,1.18
2026-06-03 17:15:00,358.6,7.45,18.1,24.2,1.21
2026-06-03 17:16:00,358.7,7.43,17.8,24.1,1.19
2026-06-03 17:17:00,368.2,7.35,18.2,24.3,1.19
2026-06-03 17:18:00,374.2,7.41,17.9,24.1,1.24
2026-06-03 17:19:00,359.1,7.4,17.9,25.1,1.25
2026-06-03 17:20:00,387.8,7.37,18.1,24.1,1.19
2026-06-03 17:21:00,363.4,7.37,17.8,23.8,1.15
2026-06-03 17:22:00,354.8,7.61,18.0,24.8,1.14
2026-06-03 17:23:00,335.8,7.47,17.9,23.9,1.21
2026-06-03 17:24:00,356.1,7.64,18.0,24.5,1.22
2026-06-03 17:25:00,355.0,7.34,17.8,24.4,1.2
2026-06-03 17:26:00,374.4,7.38,17.8,24.1,1.2
2026-06-03 17:27:00,366.9,7.26,17.5,23.7,1.18
2026-06-03 17:28:00,342.3,7.31,17.8,24.1,1.22
2026-06-03 17:29:00,362.6,7.58,17.8,23.6,1.25
2026-06-03 17:30:00,370.1,7.34,17.8,24.0,1.13
2026-06-03 17:31:00,382.9,7.58,17.9,24.3,1.2
2026-06-03 17:32:00,373.3,7.27,17.9,24.7,1.17
2026-06-03 17:33:00,371.4,7.28,18.0,23.6,1.16
2026-06-03 17:34:00,360.9,7.36,18.0,23.9,1.17
2026-06-03 17:35:00,365.8,7.38,18.0,23.7,1.21
2026-06-03 17:36:00,378.7,7.48,18.0,24.0,1.21
2026-06-03 17:37:00,340.0,7.44,17.9,23.3,1.24
2026-06-03 17:38:00,354.8,7.35,17.9,23.5,1.2
2026-06-03 17:39:00,348.4,7.38,18.0,23.2,1.15
2026-06-03 17:40:00,365.7,7.36,18.0,23.3,1.19
2026-06-03 17:41:00,378.5,7.3,17.6,23.6,1.16
2026-06-03 17:42:00,351.0,7.3,17.8,24.5,1.16
2026-06-03 17:43:00,324.1,7.49,17.5,24.0,1.22
2026-06-03 17:44:00,353.8,7.21,17.5,23.8,1.21
2026-06-03 17:45:00,373.7,7.55,17.7,24.3,1.22
2026-06-03 17:46:00,368.1,7.36,17.8,23.9,1.19
2026-06-03 17:47:00,366.4,7.31,17.8,23.9,1.22
2026-06-03 17:48:00,355.8,7.46,17.5,23.5,1.19
2026-06-03 17:49:00,340.8,7.54,18.0,23.4,1.23
2026-06-03 17:50:00,367.7,7.5,17.7,23.2,1.21
2026-06-03 17:51:00,347.5,7.44,17.9,23.4,1.19
2026-06-03 17:52:00,392.8,7.5,17.7,23.5,1.21
2026-06-03 17:53:00,368.6,7.22,17.7,23.8,1.2
2026-06-03 17:54:00,351.3,7.34,17.9,23.6,1.25
2026-06-03 17:55:00,350.8,7.3,17.7,23.4,1.21
2026-06-03 17:56:00,358.6,7.51,17.8,23.2,1.2
2026-06-03 17:57:00,356.4,7.35,17.9,23.7,1.19
2026-06-03 17:58:00,376.8,7.47,17.5,23.3,1.23
2026-06-03 17:59:00,362.8,7.44,17.9,23.7,1.22
2026-06-03 18:00:00,349.0,7.3,17.6,22.7,1.19
2026-06-03 18:01:00,388.4,7.33,17.6,23.6,1.17
2026-06-03 18:02:00,360.7,7.52,17.6,23.8,1.17
2026-06-03 18:03:00,371.5,7.31,18.0,23.7,1.19
2026-06-03 18:04:00,350.9,7.4,17.5,23.3,1.24
2026-06-03 18:05:00,365.4,7.31,17.9,23.8,1.19
2026-06-03 18:06:00,364.7,7.36,17.8,22.9,1.18
2026-06-03 18:07:00,331.7,7.39,17.8,23.3,1.15
2026-06-03 18:08:00,390.2,7.31,17.8,23.3,1.25
2026-06-03 18:09:00,379.4,7.29,17.7,23.7,1.22
2026-06-03 18:10:00,354.0,7.42,17.9,22.5,1.22
2026-06-03 18:11:00,343.5,7.31,17.7,22.9,1.23
2026-06-03 18:12:00,365.2,7.31,17.4,24.0,1.2
2026-06-03 18:13:00,361.3,7.3,17.7,22.3,1.2
2026-06-03 18:14:00,365.3,7.38,17.9,23.6,1.24
2026-06-03 18:15:00,362.9,7.48,17.8,22.9,1.21
2026-06-03 18:16:00,367.6,7.54,18.1,23.3,1.22
2026-06-03 18:17:00,381.7,7.32,17.7,23.7,1.23
2026-06-03 18:18:00,368.5,7.61,17.7,23.3,1.22
2026-06-03 18:19:00,344.3,7.29,17.7,23.7,1.2
2026-06-03 18:20:00,380.4,7.5,17.6,22.9,1.2
2026-06-03 18:21:00,384.6,7.32,17.6,22.9,1.22
2026-06-03 18:22:00,407.3,7.3,17.5,23.4,1.22
2026-06-03 18:23:00,343.1,7.32,17.3,22.9,1.24
2026-06-03 18:24:00,363.6,7.38,17.6,23.3,1.22
2026-06-03 18:25:00,328.8,7.45,17.7,23.5,1.22
2026-06-03 18:26:00,368.3,7.46,17.8,23.3,1.19
2026-06-03 18:27:00,351.8,7.3,17.6,22.3,1.18
2026-06-03 18:28:00,388.9,7.29,17.6,22.8,1.22
2026-06-03 18:29:00,348.4,7.3,17.9,23.0,1.18
2026-06-03 18:30:00,334.7,7.38,17.4,22.8,1.2
2026-06-03 18:31:00,352.9,7.37,17.7,22.9,1.24
2026-06-03 18:32:00,330.4,7.29,17.9,23.0,1.24
2026-06-03 18:33:00,371.3,7.42,17.5,22.6,1.21
2026-06-03 18:34:00,329.0,7.62,17.4,22.8,1.19
2026-06-03 18:35:00,360.4,7.34,18.0,22.3,1.2
2026-06-03 18:36:00,328.8,7.35,17.8,22.6,1.23
2026-06-03 18:37:00,355.2,7.45,17.8,22.2,1.2
2026-06-03 18:38:00,384.7,7.33,17.6,22.8,1.18
2026-06-03 18:39:00,365.4,7.46,17.8,22.7,1.24
2026-06-03 18:40:00,347.0,7.32,17.2,22.3,1.21
2026-06-03 18:41:00,359.5,7.57,17.6,23.4,1.18
2026-06-03 18:42:00,360.3,7.42,17.8,22.6,1.21
2026-06-03 18:43:00,367.1,7.33,17.4,22.8,1.23
2026-06-03 18:44:00,339.5,7.33,17.6,22.4,1.17
2026-06-03 18:45:00,368.9,7.34,17.7,22.4,1.19
2026-06-03 18:46:00,319.4,7.53,17.5,22.7,1.19
2026-06-03 18:47:00,350.6,7.26,17.6,22.4,1.21
2026-06-03 18:48:00,352.7,7.32,17.7,22.5,1.22
2026-06-03 18:49:00,369.5,7.33,17.7,22.8,1.18
2026-06-03 18:50:00,360.3,7.39,17.5,22.3,1.16
2026-06-03 18:51:00,338.9,7.36,17.4,21.9,1.23
2026-06-03 18:52:00,345.2,7.24,17.7,21.9,1.17
2026-06-03 18:53:00,363.0,7.35,17.7,23.0,1.21
2026-06-03 18:54:00,358.8,7.38,17.6,22.8,1.2
2026-06-03 18:55:00,351.3,7.33,17.6,22.7,1.2
2026-06-03 18:56:00,352.8,7.46,17.6,22.2,1.25
2026-06-03 18:57:00,370.4,7.48,17.7,21.8,1.29
2026-06-03 18:58:00,352.2,7.38,17.6,22.2,1.15
2026-06-03 18:59:00,358.7,7.41,17.6,22.3,1.23
2026-06-03 19:00:00,392.5,7.17,17.5,21.8,1.2
2026-06-03 19:01:00,338.6,7.35,17.8,21.7,1.23
2026-06-03 19:02:00,332.2,7.49,17.3,21.6,1.23
2026-06-03 19:03:00,371.8,7.35,17.5,22.5,1.24
2026-06-03 19:04:00,349.8,7.32,17.4,21.7,1.21
2026-06-03 19:05:00,355.2,7.62,17.2,22.3,1.17
2026-06-03 19:06:00,348.3,7.57,17.6,22.0,1.23
2026-06-03 19:07:00,356.1,7.44,17.5,22.4,1.2
2026-06-03 19:08:00,384.0,7.5,17.5,22.3,1.19
2026-06-03 19:09:00,372.0,7.17,17.5,22.0,1.19
2026-06-03 19:10:00,372.9,7.31,17.7,22.1,1.23
2026-06-03 19:11:00,338.8,7.34,17.7,22.0,1.25
2026-06-03 19:12:00,342.7,7.37,17.3,21.8,1.16
2026-06-03 19:13:00,317.4,7.34,17.9,22.4,1.22
2026-06-03 19:14:00,347.9,7.13,17.4,21.8,1.19
2026-06-03 19:15:00,374.4,7.43,17.6,21.9,1.16
2026-06-03 19:16:00,367.8,7.44,17.5,21.4,1.2
2026-06-03 19:17:00,356.7,7.55,17.5,22.0,1.18
2026-06-03 19:18:00,359.7,7.31,17.6,21.7,1.15
2026-06-03 19:19:00,349.7,7.3,17.7,21.7,1.18
2026-06-03 19:20:00,363.1,7.12,17.6,21.5,1.17
2026-06-03 19:21:00,371.5,7.36,17.4,21.8,1.18
2026-06-03 19:22:00,335.8,7.48,17.4,21.0,1.16
2026-06-03 19:23:00,364.5,7.33,17.3,22.1,1.19
2026-06-03 19:24:00,374.0,7.6,17.6,21.8,1.18
2026-06-03 19:25:00,353.8,7.36,17.6,21.6,1.21
2026-06-03 19:26:00,370.5,7.4,17.4,21.1,1.22
2026-06-03 19:27:00,402.2,7.25,17.7,21.9,1.21
2026-06-03 19:28:00,358.4,7.42,17.6,21.4,1.19
2026-06-03 19:29:00,365.9,7.19,17.8,22.2,1.19
2026-06-03 19:30:00,348.9,7.46,17.3,21.8,1.17
2026-06-03 19:31:00,362.7,7.46,17.4,22.2,1.18
2026-06-03 19:32:00,366.9,7.53,17.4,21.7,1.22
2026-06-03 19:33:00,362.9,7.29,17.9,22.0,1.15
2026-06-03 19:34:00,344.7,7.41,17.4,21.8,1.2
2026-06-03 19:35:00,363.1,7.45,17.6,21.4,1.19
2026-06-03 19:36:00,381.9,7.43,17.6,21.6,1.22
2026-06-03 19:37:00,366.7,7.3,17.4,21.2,1.16
2026-06-03 19:38:00,374.4,7.15,17.4,22.3,1.2
2026-06-03 19:39:00,356.4,7.42,17.5,21.4,1.21
2026-06-03 19:40:00,371.2,7.37,17.6,21.4,1.14
2026-06-03 19:41:00,364.2,7.33,17.3,21.6,1.17
2026-06-03 19:42:00,345.7,7.47,17.2,21.0,1.2
2026-06-03 19:43:00,364.8,7.39,17.5,21.9,1.22
2026-06-03 19:44:00,345.1,7.26,17.1,20.9,1.21
2026-06-03 19:45:00,350.5,7.2,17.4,20.8,1.22
2026-06-03 19:46:00,362.8,7.28,17.5,21.2,1.17
2026-06-03 19:47:00,364.5,7.63,17.4,20.8,1.15
2026-06-03 19:48:00,342.2,7.46,17.2,21.9,1.2
2026-06-03 19:49:00,375.8,7.41,17.1,21.1,1.16
2026-06-03 19:50:00,368.6,7.37,17.5,19.9,1.17
2026-06-03 19:51:00,349.4,7.37,17.3,21.3,1.23
2026-06-03 19:52:00,336.9,7.51,17.1,21.4,1.21
2026-06-03 19:53:00,357.8,7.34,17.5,21.0,1.18
2026-06-03 19:54:00,353.3,7.45,17.4,20.6,1.18
2026-06-03 19:55:00,361.7,7.36,17.1,21.1,1.22
2026-06-03 19:56:00,354.6,7.58,17.8,20.9,1.21
2026-06-03 19:57:00,329.9,7.46,17.2,20.7,1.16
2026-06-03 19:58:00,354.2,7.51,17.4,20.6,1.14
2026-06-03 19:59:00,355.4,7.33,17.7,21.1,1.26
2026-06-03 20:00:00,369.5,7.5,17.4,21.4,1.16
2026-06-03 20:01:00,349.5,7.36,17.3,21.2,1.22
2026-06-03 20:02:00,385.2,7.4,17.0,20.3,1.25
2026-06-03 20:03:00,331.3,7.55,17.6,21.2,1.2
2026-06-03 20:04:00,379.7,7.29,17.4,21.2,1.18
2026-06-03 20:05:00,356.6,7.41,16.9,21.4,1.16
2026-06-03 20:06:00,372.9,7.43,17.5,20.5,1.16
2026-06-03 20:07:00,361.2,7.44,17.2,20.8,1.21
2026-06-03 20:08:00,377.1,7.34,17.1,21.1,1.24
2026-06-03 20:09:00,354.2,7.6,17.1,20.6,1.19
2026-06-03 20:10:00,343.5,7.26,17.2,21.0,1.18
2026-06-03 20:11:00,381.3,7.54,17.3,20.8,1.22
2026-06-03 20:12:00,358.3,7.51,17.1,20.4,1.18
2026-06-03 20:13:00,363.3,7.58,17.2,20.4,1.21
2026-06-03 20:14:00,378.5,7.23,17.8,21.2,1.2
2026-06-03 20:15:00,344.5,7.3,17.3,20.3,1.19
2026-06-03 20:16:00,368.9,7.54,17.4,20.2,1.2
2026-06-03 20:17:00,351.2,7.2,17.0,20.8,1.25
2026-06-03 20:18:00,358.0,7.23,16.9,20.6,1.22
2026-06-03 20:19:00,361.1,7.34,17.4,20.1,1.23
2026-06-03 20:20:00,337.5,7.41,17.4,20.4,1.17
2026-06-03 20:21:00,348.3,7.55,17.5,20.2,1.23
2026-06-03 20:22:00,380.3,7.37,17.1,20.3,1.22
2026-06-03 20:23:00,373.3,7.33,17.4,21.5,1.16
2026-06-03 20:24:00,359.1,7.42,16.6,20.4,1.22
2026-06-03 20:25:00,363.6,7.44,17.2,20.1,1.18
2026-06-03 20:26:00,355.6,7.43,17.3,21.2,1.15
2026-06-03 20:27:00,380.3,7.37,17.0,20.8,1.2
2026-06-03 20:28:00,357.0,7.19,17.3,20.7,1.22
2026-06-03 20:29:00,363.5,7.3,17.0,20.0,1.2
2026-06-03 20:30:00,377.2,7.53,17.1,20.8,1.2
2026-06-03 20:31:00,348.3,7.41,17.0,20.7,1.19
2026-06-03 20:32:00,383.4,7.36,17.4,20.4,1.27
2026-06-03 20:33:00,337.0,7.5,17.0,19.6,1.16
2026-06-03 20:34:00,384.4,7.28,16.9,20.3,1.23
2026-06-03 20:35:00,354.4,7.37,16.9,20.9,1.2
2026-06-03 20:36:00,356.4,7.4,17.0,20.3,1.17
2026-06-03 20:37:00,331.6,7.35,17.1,20.0,1.2
2026-06-03 20:38:00,353.2,7.4,17.2,20.1,1.16
2026-06-03 20:39:00,344.4,7.37,16.9,20.1,1.18
2026-06-03 20:40:00,350.9,7.25,17.1,19.8,1.2
2026-06-03 20:41:00,357.9,7.41,17.1,20.1,1.15
2026-06-03 20:42:00,374.4,7.26,16.8,20.7,1.22
2026-06-03 20:43:00,363.1,7.41,17.0,20.6,1.17
2026-06-03 20:44:00,364.6,7.53,17.0,19.7,1.16
2026-06-03 20:45:00,343.6,7.36,17.0,20.5,1.17
2026-06-03 20:46:00,346.8,7.27,16.9,20.3,1.27
2026-06-03 20:47:00,387.0,7.38,16.9,20.2,1.14
2026-06-03 20:48:00,349.0,7.31,17.0,20.1,1.21
2026-06-03 20:49:00,384.8,7.45,17.3,19.6,1.18
2026-06-03 20:50:00,356.4,7.38,17.0,19.8,1.19
2026-06-03 20:51:00,360.0,7.56,17.2,20.2,1.22
2026-06-03 20:52:00,376.1,7.51,17.2,19.4,1.22
2026-06-03 20:53:00,379.1,7.37,16.7,19.4,1.18
2026-06-03 20:54:00,358.3,7.46,16.9,20.0,1.16
2026-06-03 20:55:00,354.2,7.35,17.2,19.5,1.22
2026-06-03 20:56:00,359.2,7.39,16.9,20.1,1.22
2026-06-03 20:57:00,365.1,7.35,16.9,19.5,1.19
2026-06-03 20:58:00,373.4,7.47,17.1,19.8,1.21
2026-06-03 20:59:00,360.1,7.53,17.1,19.9,1.19
2026-06-03 21:00:00,369.3,7.47,16.9,19.5,1.18
2026-06-03 21:01:00,384.6,7.48,16.8,19.6,1.2
2026-06-03 21:02:00,365.7,7.48,16.4,19.4,1.22
2026-06-03 21:03:00,364.7,7.45,16.9,19.6,1.21
2026-06-03 21:04:00,337.2,7.28,16.8,19.2,1.22
2026-06-03 21:05:00,320.5,7.56,16.7,19.5,1.18
2026-06-03 21:06:00,365.8,7.57,16.8,19.9,1.25
2026-06-03 21:07:00,358.6,7.37,16.8,19.1,1.19
2026-06-03 21:08:00,352.3,7.35,16.9,19.3,1.2
2026-06-03 21:09:00,363.7,7.45,16.8,19.7,1.16
2026-06-03 21:10:00,359.1,7.45,16.9,18.7,1.19
2026-06-03 21:11:00,376.9,7.37,16.9,20.2,1.22
2026-06-03 21:12:00,361.3,7.26,17.1,19.9,1.22
2026-06-03 21:13:00,348.8,7.42,16.7,18.8,1.25
2026-06-03 21:14:00,374.9,7.45,17.2,18.6,1.22
2026-06-03 21:15:00,356.7,7.46,17.0,19.4,1.21
2026-06-03 21:16:00,367.9,7.42,17.1,18.9,1.19
2026-06-03 21:17:00,352.8,7.36,16.8,19.7,1.18
2026-06-03 21:18:00,350.3,7.49,16.7,19.5,1.23
2026-06-03 21:19:00,361.3,7.4,16.7,19.4,1.23
2026-06-03 21:20:00,360.2,7.34,17.1,19.1,1.17
2026-06-03 21:21:00,367.2,7.37,17.0,19.9,1.22
2026-06-03 21:22:00,356.0,7.22,16.5,19.6,1.22
2026-06-03 21:23:00,332.5,7.37,16.9,19.5,1.17
2026-06-03 21:24:00,353.5,7.46,16.6,19.7,1.22
2026-06-03 21:25:00,371.9,7.42,16.8,18.8,1.17
2026-06-03 21:26:00,355.5,7.54,16.9,19.7,1.13
2026-06-03 21:27:00,356.3,7.36,17.0,19.0,1.2
2026-06-03 21:28:00,374.8,7.44,16.8,19.3,1.21
2026-06-03 21:29:00,349.3,7.47,16.7,19.0,1.2
2026-06-03 21:30:00,336.9,7.62,16.7,18.3,1.29
2026-06-03 21:31:00,357.6,7.4,16.9,19.4,1.21
2026-06-03 21:32:00,352.7,7.29,16.8,18.3,1.2
2026-06-03 21:33:00,345.5,7.47,16.7,18.6,1.21
2026-06-03 21:34:00,357.4,7.58,16.3,18.8,1.19
2026-06-03 21:35:00,367.4,7.36,16.2,18.2,1.23
2026-06-03 21:36:00,359.9,7.47,16.7,18.5,1.21
2026-06-03 21:37:00,364.6,7.51,16.4,19.0,1.21
2026-06-03 21:38:00,387.2,7.49,16.5,18.8,1.18
2026-06-03 21:39:00,354.9,7.4,16.6,18.8,1.15
2026-06-03 21:40:00,364.2,7.32,17.0,18.5,1.18
2026-06-03 21:41:00,352.4,7.38,16.6,18.9,1.21
2026-06-03 21:42:00,347.3,7.44,16.8,18.7,1.19
2026-06-03 21:43:00,351.2,7.48,16.7,18.2,1.21
2026-06-03 21:44:00,352.8,7.42,16.1,18.7,1.19
2026-06-03 21:45:00,365.4,7.35,16.5,18.3,1.21
2026-06-03 21:46:00,395.2,7.45,16.3,19.1,1.17
2026-06-03 21:47:00,349.3,7.48,16.9,18.6,1.21
2026-06-03 21:48:00,353.8,7.43,16.2,19.7,1.18
2026-06-03 21:49:00,359.1,7.31,16.5,19.1,1.15
2026-06-03 21:50:00,365.9,7.37,16.5,18.6,1.2
2026-06-03 21:51:00,364.0,7.48,16.4,18.9,1.25
2026-06-03 21:52:00,379.3,7.25,16.6,17.8,1.16
2026-06-03 21:53:00,323.6,7.18,16.5,19.0,1.2
2026-06-03 21:54:00,324.2,7.54,16.6,18.3,1.22
2026-06-03 21:55:00,352.6,7.44,16.6,18.6,1.27
2026-06-03 21:56:00,376.5,7.45,16.6,18.3,1.19
2026-06-03 21:57:00,336.5,7.28,16.6,18.3,1.18
2026-06-03 21:58:00,314.9,7.46,16.7,18.5,1.16
2026-06-03 21:59:00,368.6,7.42,16.2,18.5,1.23
2026-06-03 22:00:00,363.7,7.23,16.6,18.5,1.17
2026-06-03 22:01:00,343.6,7.53,16.3,18.5,1.19
2026-06-03 22:02:00,345.2,7.41,16.4,17.8,1.14
2026-06-03 22:03:00,345.5,7.35,16.5,19.4,1.23
2026-06-03 22:04:00,361.7,7.35,16.6,18.5,1.23
2026-06-03 22:05:00,350.6,7.19,16.6,18.6,1.23
2026-06-03 22:06:00,367.4,7.45,16.3,18.3,1.15
2026-06-03 22:07:00,317.2,7.42,16.8,18.0,1.22
2026-06-03 22:08:00,347.1,7.37,16.4,18.4,1.15
2026-06-03 22:09:00,343.1,7.52,16.3,18.4,1.2
2026-06-03 22:10:00,356.2,7.25,16.2,18.8,1.21
2026-06-03 22:11:00,351.9,7.33,16.2,19.1,1.21
2026-06-03 22:12:00,372.0,7.3,16.1,18.9,1.22
2026-06-03 22:13:00,332.1,7.36,16.5,17.6,1.2
2026-06-03 22:14:00,360.7,7.4,16.5,18.1,1.14
2026-06-03 22:15:00,368.4,7.43,16.2,18.4,1.22
2026-06-03 22:16:00,387.8,7.36,16.2,18.0,1.2
2026-06-03 22:17:00,352.8,7.3,16.3,18.2,1.17
2026-06-03 22:18:00,364.9,7.56,16.4,17.3,1.15
2026-06-03 22:19:00,332.9,7.63,16.4,18.5,1.25
2026-06-03 22:20:00,324.1,7.4,16.2,17.4,1.24
2026-06-03 22:21:00,372.7,7.31,16.3,17.5,1.22
2026-06-03 22:22:00,359.9,7.54,16.7,17.7,1.18
2026-06-03 22:23:00,377.7,7.25,16.1,18.0,1.12
2026-06-03 22:24:00,339.4,7.36,16.3,17.4,1.22
2026-06-03 22:25:00,367.8,7.32,16.4,17.6,1.21
2026-06-03 22:26:00,388.0,7.27,16.1,18.5,1.19
2026-06-03 22:27:00,366.3,7.36,16.4,18.0,1.23
2026-06-03 22:28:00,364.1,7.3,16.0,18.2,1.23
2026-06-03 22:29:00,360.1,7.39,16.4,17.5,1.21
2026-06-03 22:30:00,336.4,7.39,16.3,17.9,1.2
2026-06-03 22:31:00,380.3,7.33,16.0,17.9,1.2
2026-06-03 22:32:00,350.8,7.35,16.4,17.6,1.22
2026-06-03 22:33:00,367.6,7.37,16.1,17.9,1.17
2026-06-03 22:34:00,336.6,7.47,16.2,17.1,1.21
2026-06-03 22:35:00,342.3,7.38,16.4,18.0,1.17
2026-06-03 22:36:00,381.5,7.47,16.1,17.7,1.24
2026-06-03 22:37:00,354.8,7.45,16.2,17.7,1.22
2026-06-03 22:38:00,381.8,7.45,16.5,18.2,1.18
2026-06-03 22:39:00,358.8,7.53,15.8,18.0,1.2
2026-06-03 22:40:00,332.4,7.28,16.5,17.7,1.17
2026-06-03 22:41:00,373.4,7.34,15.9,17.3,1.25
2026-06-03 22:42:00,351.2,7.57,16.1,18.3,1.25
2026-06-03 22:43:00,370.5,7.36,16.3,17.2,1.22
2026-06-03 22:44:00,360.4,7.11,16.3,18.0,1.25
2026-06-03 22:45:00,336.9,7.37,16.3,17.1,1.2
2026-06-03 22:46:00,362.5,7.4,16.2,18.1,1.22
2026-06-03 22:47:00,392.9,7.13,16.1,18.1,1.24
2026-06-03 22:48:00,367.4,7.52,16.5,16.9,1.2
2026-06-03 22:49:00,359.1,7.32,16.3,17.8,1.2
2026-06-03 22:50:00,376.1,7.42,16.4,17.8,1.23
2026-06-03 22:51:00,363.2,7.37,16.1,17.9,1.22
2026-06-03 22:52:00,363.1,7.26,15.7,17.7,1.18
2026-06-03 22:53:00,343.6,7.28,16.4,17.2,1.13
2026-06-03 22:54:00,363.5,7.3,16.2,17.5,1.19
2026-06-03 22:55:00,375.5,7.5,16.2,18.2,1.14
2026-06-03 22:56:00,347.5,7.38,16.0,17.1,1.17
2026-06-03 22:57:00,381.4,7.34,16.1,17.6,1.17
2026-06-03 22:58:00,358.6,7.3,16.0,18.0,1.18
2026-06-03 22:59:00,346.7,7.51,16.1,17.1,1.22
2026-06-03 23:00:00,375.0,7.54,15.9,16.9,1.23
2026-06-03 23:01:00,355.7,7.51,16.3,16.9,1.22
2026-06-03 23:02:00,371.4,7.44,16.5,17.6,1.22
2026-06-03 23:03:00,355.6,7.42,16.0,16.9,1.22
2026-06-03 23:04:00,359.1,7.27,15.8,17.3,1.13
2026-06-03 23:05:00,367.4,7.37,16.1,17.9,1.2
2026-06-03 23:06:00,364.4,7.32,16.1,17.4,1.15
2026-06-03 23:07:00,330.1,7.21,16.2,17.0,1.22
2026-06-03 23:08:00,343.2,7.5,16.4,17.4,1.14
2026-06-03 23:09:00,373.9,7.32,16.2,17.3,1.19
2026-06-03 23:10:00,358.0,7.51,15.7,17.5,1.22
2026-06-03 23:11:00,352.1,7.48,15.8,17.9,1.17
2026-06-03 23:12:00,339.6,7.45,16.1,17.4,1.23
2026-06-03 23:13:00,343.8,7.45,15.9,18.1,1.22
2026-06-03 23:14:00,329.7,7.33,16.3,17.4,1.21
2026-06-03 23:15:00,358.5,7.58,15.8,16.9,1.22
2026-06-03 23:16:00,351.0,7.39,16.2,18.1,1.19
2026-06-03 23:17:00,345.5,7.42,15.9,17.2,1.2
2026-06-03 23:18:00,359.0,7.33,16.1,16.8,1.2
2026-06-03 23:19:00,365.5,7.3,15.8,18.1,1.2
2026-06-03 23:20:00,391.4,7.44,16.1,16.9,1.18
2026-06-03 23:21:00,337.3,7.41,16.2,16.8,1.16
2026-06-03 23:22:00,377.4,7.31,16.0,16.9,1.19
2026-06-03 23:23:00,374.6,7.25,16.4,17.2,1.19
2026-06-03 23:24:00,348.3,7.26,15.8,17.5,1.18
2026-06-03 23:25:00,363.0,7.51,16.0,16.0,1.23
2026-06-03 23:26:00,353.1,7.33,16.1,17.5,1.16
2026-06-03 23:27:00,362.8,7.36,15.8,16.9,1.19
2026-06-03 23:28:00,382.6,7.54,16.0,16.9,1.23
2026-06-03 23:29:00,369.1,7.28,16.1,17.7,1.23
2026-06-03 23:30:00,367.6,7.32,16.1,17.1,1.24
2026-06-03 23:31:00,353.5,7.31,16.1,17.2,1.18
2026-06-03 23:32:00,337.7,7.55,15.7,17.0,1.22
2026-06-03 23:33:00,356.9,7.59,16.0,17.3,1.17
2026-06-03 23:34:00,378.1,7.47,15.6,17.6,1.19
2026-06-03 23:35:00,337.1,7.47,15.8,16.0,1.19
2026-06-03 23:36:00,344.2,7.33,15.9,17.4,1.18
2026-06-03 23:37:00,361.9,7.58,16.1,17.6,1.19
2026-06-03 23:38:00,345.2,7.42,16.0,17.1,1.19
2026-06-03 23:39:00,348.1,7.48,15.9,16.6,1.17
2026-06-03 23:40:00,353.6,7.38,16.0,16.4,1.23
2026-06-03 23:41:00,339.5,7.36,16.0,17.8,1.19
2026-06-03 23:42:00,345.4,7.56,15.9,16.5,1.21
2026-06-03 23:43:00,370.6,7.44,15.7,17.5,1.2
2026-06-03 23:44:00,340.4,7.54,15.7,17.0,1.2
2026-06-03 23:45:00,336.0,7.42,15.8,17.7,1.2
2026-06-03 23:46:00,350.5,7.31,15.7,16.7,1.19
2026-06-03 23:47:00,371.0,7.33,15.9,16.2,1.24
2026-06-03 23:48:00,357.0,7.4,16.1,16.8,1.22
2026-06-03 23:49:00,353.0,7.33,15.9,16.2,1.2
2026-06-03 23:50:00,360.7,7.28,15.4,17.9,1.19
2026-06-03 23:51:00,333.8,7.51,15.7,17.0,1.2
2026-06-03 23:52:00,367.4,7.34,15.8,17.1,1.21
2026-06-03 23:53:00,365.8,7.4,15.5,17.1,1.24
2026-06-03 23:54:00,353.9,7.42,15.8,16.5,1.16
2026-06-03 23:55:00,375.1,7.33,15.9,16.7,1.22
2026-06-03 23:56:00,343.1,7.54,16.1,16.8,1.23
2026-06-03 23:57:00,376.9,7.28,16.1,17.5,1.16
2026-06-03 23:58:00,362.3,7.42,15.5,16.2,1.19
2026-06-03 23:59:00,355.0,7.41,15.7,16.4,1.17
2026-06-04 00:00:00,359.7,7.38,15.7,16.5,1.21
2026-06-04 00:01:00,358.4,7.26,15.6,16.4,1.19
2026-06-04 00:02:00,378.3,7.48,15.8,16.1,1.2
2026-06-04 00:03:00,343.8,7.46,15.7,15.6,1.19
2026-06-04 00:04:00,348.6,7.32,15.9,15.9,1.22
2026-06-04 00:05:00,375.5,7.46,16.0,17.1,1.21
2026-06-04 00:06:00,351.1,7.43,15.7,16.6,1.21
2026-06-04 00:07:00,373.5,7.26,15.6,16.9,1.2
2026-06-04 00:08:00,385.5,7.3,15.5,16.4,1.22
2026-06-04 00:09:00,354.0,7.5,16.1,16.5,1.19
2026-06-04 00:10:00,370.2,7.42,15.9,17.2,1.25
2026-06-04 00:11:00,342.7,7.33,15.8,17.2,1.16
2026-06-04 00:12:00,371.3,7.3,15.6,16.9,1.15
2026-06-04 00:13:00,363.0,7.34,16.0,16.6,1.15
2026-06-04 00:14:00,367.1,7.35,15.6,16.7,1.14
2026-06-04 00:15:00,350.3,7.31,15.3,16.7,1.22
2026-06-04 00:16:00,335.1,7.22,15.7,16.4,1.22
2026-06-04 00:17:00,367.5,7.5,15.4,16.3,1.24
2026-06-04 00:18:00,329.0,7.49,15.7,16.9,1.17
2026-06-04 00:19:00,355.2,7.26,15.9,16.0,1.22
2026-06-04 00:20:00,374.1,7.4,15.3,17.1,1.2
2026-06-04 00:21:00,362.9,7.3,15.5,16.3,1.2
2026-06-04 00:22:00,389.2,7.36,15.8,15.9,1.22
2026-06-04 00:23:00,375.4,7.36,15.5,16.2,1.18
2026-06-04 00:24:00,350.2,7.35,15.7,16.1,1.28
2026-06-04 00:25:00,360.4,7.59,15.7,16.2,1.24
2026-06-04 00:26:00,359.3,7.35,15.8,16.2,1.18
2026-06-04 00:27:00,336.3,7.31,15.5,16.2,1.17
2026-06-04 00:28:00,345.9,7.31,15.1,16.3,1.2
2026-06-04 00:29:00,351.6,7.49,15.7,16.4,1.21
2026-06-04 00:30:00,329.5,7.22,15.3,16.7,1.23
2026-06-04 00:31:00,360.7,7.31,15.8,16.3,1.16
2026-06-04 00:32:00,356.3,7.53,15.6,16.5,1.21
2026-06-04 00:33:00,334.9,7.41,15.5,16.4,1.15
2026-06-04 00:34:00,366.1,7.41,15.7,16.6,1.21
2026-06-04 00:35:00,370.7,7.6,15.2,16.4,1.2
2026-06-04 00:36:00,363.4,7.41,15.5,16.1,1.26
2026-06-04 00:37:00,355.1,7.32,15.6,16.0,1.15
2026-06-04 00:38:00,368.9,7.36,15.6,16.4,1.24
2026-06-04 00:39:00,370.2,7.28,15.4,16.8,1.15
2026-06-04 00:40:00,364.6,7.52,15.4,16.2,1.16
2026-06-04 00:41:00,347.6,7.45,15.8,16.0,1.15
2026-06-04 00:42:00,364.1,7.5,15.7,16.2,1.21
2026-06-04 00:43:00,377.9,7.51,15.4,16.1,1.16
2026-06-04 00:44:00,351.1,7.35,15.8,16.0,1.16
2026-06-04 00:45:00,391.5,7.3,15.7,15.7,1.21
2026-06-04 00:46:00,352.1,7.38,15.6,16.2,1.21
2026-06-04 00:47:00,360.5,7.3,15.6,16.3,1.2
2026-06-04 00:48:00,349.9,7.41,15.3,15.8,1.2
2026-06-04 00:49:00,363.3,7.5,15.8,15.9,1.25
2026-06-04 00:50:00,333.9,7.37,15.7,15.9,1.2
2026-06-04 00:51:00,351.8,7.4,15.5,15.7,1.22
2026-06-04 00:52:00,343.6,7.38,15.5,15.8,1.2
2026-06-04 00:53:00,362.0,7.47,15.5,16.1,1.17
2026-06-04 00:54:00,374.9,7.32,15.4,15.7,1.22
2026-06-04 00:55:00,369.7,7.17,15.6,16.1,1.18
2026-06-04 00:56:00,324.4,7.44,15.3,15.9,1.2
2026-06-04 00:57:00,390.6,7.49,15.5,15.8,1.21
2026-06-04 00:58:00,364.4,7.43,15.5,16.3,1.14
2026-06-04 00:59:00,348.4,7.33,15.5,15.9,1.15
2026-06-04 01:00:00,362.4,7.28,15.6,16.0,1.23
2026-06-04 01:01:00,362.6,7.44,15.5,16.7,1.18
2026-06-04 01:02:00,350.0,7.4,15.6,15.8,1.18
2026-06-04 01:03:00,363.0,7.38,15.0,16.8,1.2
2026-06-04 01:04:00,350.9,7.57,15.5,16.0,1.19
2026-06-04 01:05:00,353.9,7.3,15.4,15.7,1.21
2026-06-04 01:06:00,349.7,7.57,15.5,15.9,1.2
2026-06-04 01:07:00,338.5,7.39,15.3,16.2,1.21
2026-06-04 01:08:00,362.2,7.21,15.6,16.6,1.18
2026-06-04 01:09:00,368.8,7.37,15.4,16.4,1.21
2026-06-04 01:10:00,367.7,7.49,15.2,16.1,1.23
2026-06-04 01:11:00,372.3,7.35,15.3,16.6,1.18
2026-06-04 01:12:00,364.9,7.24,15.6,15.4,1.23
2026-06-04 01:13:00,352.0,7.37,15.4,16.2,1.2
2026-06-04 01:14:00,372.6,7.3,15.4,16.2,1.22
2026-06-04 01:15:00,339.6,7.44,15.3,16.2,1.2
2026-06-04 01:16:00,346.5,7.47,15.6,15.4,1.2
2026-06-04 01:17:00,345.5,7.28,15.5,15.7,1.21
2026-06-04 01:18:00,376.2,7.32,15.1,16.0,1.24
2026-06-04 01:19:00,374.1,7.47,15.2,16.5,1.21
2026-06-04 01:20:00,367.3,7.3,15.4,16.8,1.21
2026-06-04 01:21:00,376.1,7.28,15.2,15.8,1.19
2026-06-04 01:22:00,346.8,7.27,14.9,15.5,1.25
2026-06-04 01:23:00,365.2,7.43,15.2,16.4,1.22
2026-06-04 01:24:00,358.1,7.42,15.3,17.1,1.2
2026-06-04 01:25:00,372.7,7.32,15.3,16.5,1.2
2026-06-04 01:26:00,358.3,7.39,15.5,15.8,1.23
2026-06-04 01:27:00,354.2,7.54,14.9,17.2,1.18
2026-06-04 01:28:00,368.1,7.29,15.2,16.3,1.15
2026-06-04 01:29:00,373.1,7.19,15.5,15.7,1.2
2026-06-04 01:30:00,350.0,7.44,15.2,16.8,1.24
2026-06-04 01:31:00,359.1,7.38,15.1,15.7,1.25
2026-06-04 01:32:00,344.1,7.32,15.2,15.8,1.2
2026-06-04 01:33:00,322.5,7.46,15.4,16.3,1.2
2026-06-04 01:34:00,363.0,7.47,15.2,16.0,1.22
2026-06-04 01:35:00,369.1,7.17,15.1,16.0,1.19
2026-06-04 01:36:00,363.9,7.32,15.4,16.0,1.22
2026-06-04 01:37:00,330.8,7.62,15.4,16.5,1.2
2026-06-04 01:38:00,354.7,7.45,15.0,15.1,1.23
2026-06-04 01:39:00,326.7,7.46,15.3,16.1,1.22
2026-06-04 01:40:00,380.5,7.51,15.0,15.9,1.22
2026-06-04 01:41:00,343.7,7.39,15.5,15.7,1.19
2026-06-04 01:42:00,378.8,7.47,15.5,15.7,1.26
2026-06-04 01:43:00,374.2,7.46,15.2,15.0,1.21
2026-06-04 01:44:00,346.5,7.44,15.5,15.7,1.21
2026-06-04 01:45:00,343.0,7.36,15.1,16.5,1.18
2026-06-04 01:46:00,365.3,7.41,15.2,16.3,1.2
2026-06-04 01:47:00,347.3,7.33,15.1,15.9,1.2
2026-06-04 01:48:00,361.5,7.39,15.2,15.4,1.18
2026-06-04 01:49:00,352.8,7.27,15.3,16.3,1.19
2026-06-04 01:50:00,333.3,7.31,15.2,16.5,1.2
2026-06-04 01:51:00,326.5,7.36,15.2,16.4,1.2
2026-06-04 01:52:00,363.4,7.3,15.3,15.6,1.15
2026-06-04 01:53:00,351.6,7.34,15.5,15.7,1.2
2026-06-04 01:54:00,351.7,7.37,14.8,16.7,1.19
2026-06-04 01:55:00,370.4,7.43,15.6,15.5,1.2
2026-06-04 01:56:00,377.6,7.48,15.1,16.2,1.23
2026-06-04 01:57:00,355.9,7.34,15.2,15.3,1.26
2026-06-04 01:58:00,354.9,7.52,15.5,15.9,1.22
2026-06-04 01:59:00,367.5,7.48,15.3,16.2,1.16
2026-06-04 02:00:00,339.6,7.44,15.3,16.0,1.19
2026-06-04 02:01:00,363.3,7.41,15.4,16.2,1.22
2026-06-04 02:02:00,368.3,7.42,15.2,15.5,1.21
2026-06-04 02:03:00,370.2,7.51,15.4,15.7,1.23
2026-06-04 02:04:00,330.9,7.51,14.9,16.2,1.2
2026-06-04 02:05:00,348.6,7.52,15.3,16.3,1.19
2026-06-04 02:06:00,346.8,7.39,15.3,16.1,1.25
2026-06-04 02:07:00,361.5,7.45,15.4,16.4,1.2
2026-06-04 02:08:00,367.2,7.52,15.3,15.3,1.17
2026-06-04 02:09:00,382.5,7.33,15.2,15.8,1.24
2026-06-04 02:10:00,352.6,7.36,15.1,16.7,1.16
2026-06-04 02:11:00,352.5,7.39,15.1,16.5,1.1
2026-06-04 02:12:00,377.2,7.48,15.1,16.3,1.22
2026-06-04 02:13:00,364.4,7.48,14.9,15.9,1.23
2026-06-04 02:14:00,379.0,7.37,15.5,16.4,1.21
2026-06-04 02:15:00,364.3,7.24,15.4,16.2,1.16
2026-06-04 02:16:00,342.6,7.41,15.2,15.4,1.2
2026-06-04 02:17:00,340.0,7.3,15.3,16.4,1.19
2026-06-04 02:18:00,336.7,7.24,15.3,15.7,1.18
2026-06-04 02:19:00,369.9,7.26,14.9,16.3,1.24
2026-06-04 02:20:00,377.8,7.42,15.3,15.4,1.17
2026-06-04 02:21:00,387.7,7.53,15.4,16.7,1.21
2026-06-04 02:22:00,372.6,7.39,15.0,15.9,1.24
2026-06-04 02:23:00,377.4,7.41,14.8,15.6,1.21
2026-06-04 02:24:00,351.3,7.51,14.9,15.8,1.24
2026-06-04 02:25:00,342.7,7.24,15.1,15.9,1.22
2026-06-04 02:26:00,372.8,7.44,14.9,16.0,1.21
2026-06-04 02:27:00,366.3,7.39,15.1,16.6,1.21
2026-06-04 02:28:00,361.6,7.45,15.0,16.1,1.22
2026-06-04 02:29:00,365.8,7.34,15.1,15.2,1.19
2026-06-04 02:30:00,364.8,7.31,15.0,15.6,1.16
2026-06-04 02:31:00,379.3,7.4,15.1,17.1,1.23
2026-06-04 02:32:00,379.4,7.55,15.2,16.1,1.23
2026-06-04 02:33:00,368.2,7.48,14.9,16.4,1.21
2026-06-04 02:34:00,372.7,7.34,15.2,15.9,1.18
2026-06-04 02:35:00,367.7,7.26,14.9,15.7,1.15
2026-06-04 02:36:00,353.1,7.22,15.1,15.9,1.2
2026-06-04 02:37:00,371.3,7.52,15.1,16.1,1.16
2026-06-04 02:38:00,339.1,7.29,15.2,15.9,1.16
2026-06-04 02:39:00,375.8,7.36,15.1,16.8,1.2
2026-06-04 02:40:00,342.1,7.52,15.3,15.8,1.18
2026-06-04 02:41:00,364.3,7.23,15.1,15.7,1.21
2026-06-04 02:42:00,347.3,7.54,15.0,16.4,1.2
2026-06-04 02:43:00,368.3,7.36,15.3,16.5,1.18
2026-06-04 02:44:00,359.5,7.28,15.1,16.1,1.15
2026-06-04 02:45:00,336.1,7.37,15.3,15.9,1.17
2026-06-04 02:46:00,366.3,7.32,15.1,15.3,1.18
2026-06-04 02:47:00,351.3,7.43,14.8,16.6,1.16
2026-06-04 02:48:00,373.2,7.33,15.5,16.5,1.19
2026-06-04 02:49:00,360.0,7.2,15.0,15.9,1.17
2026-06-04 02:50:00,365.9,7.37,14.8,16.1,1.2
2026-06-04 02:51:00,345.6,7.25,15.2,16.0,1.21
2026-06-04 02:52:00,351.2,7.41,14.9,16.8,1.18
2026-06-04 02:53:00,353.1,7.27,15.0,15.7,1.21
2026-06-04 02:54:00,372.9,7.34,15.1,15.9,1.16
2026-06-04 02:55:00,385.2,7.41,15.0,15.9,1.17
2026-06-04 02:56:00,347.9,7.37,15.0,16.3,1.2
2026-06-04 02:57:00,376.2,7.42,15.4,16.2,1.22
2026-06-04 02:58:00,327.5,7.46,15.0,16.2,1.23
2026-06-04 02:59:00,342.1,7.27,14.9,15.8,1.25
2026-06-04 03:00:00,345.6,7.38,15.2,16.8,1.19
2026-06-04 03:01:00,339.7,7.06,14.9,16.0,1.2
2026-06-04 03:02:00,336.2,7.41,15.0,16.7,1.17
2026-06-04 03:03:00,366.2,7.36,14.9,17.4,1.16
2026-06-04 03:04:00,356.8,7.29,15.1,15.8,1.21
2026-06-04 03:05:00,365.7,7.42,15.1,16.3,1.18
2026-06-04 03:06:00,370.4,7.51,15.0,16.2,1.24
2026-06-04 03:07:00,364.0,7.34,15.1,17.0,1.16
2026-06-04 03:08:00,369.9,7.3,15.2,16.1,1.21
2026-06-04 03:09:00,359.0,7.41,15.2,16.3,1.17
2026-06-04 03:10:00,342.2,7.26,14.8,16.3,1.18
2026-06-04 03:11:00,375.9,7.32,14.9,16.2,1.22
2026-06-04 03:12:00,351.2,7.51,15.2,16.5,1.18
2026-06-04 03:13:00,346.0,7.4,14.9,16.3,1.18
2026-06-04 03:14:00,357.3,7.2,15.1,16.5,1.18
2026-06-04 03:15:00,346.3,7.21,15.2,16.4,1.25
2026-06-04 03:16:00,353.7,7.41,14.7,16.0,1.18
2026-06-04 03:17:00,365.2,7.48,14.9,16.2,1.2
2026-06-04 03:18:00,365.2,7.23,15.2,16.5,1.19
2026-06-04 03:19:00,346.5,7.43,15.0,16.5,1.21
2026-06-04 03:20:00,352.7,7.52,14.9,16.8,1.18
2026-06-04 03:21:00,376.1,7.58,15.2,17.1,1.19
2026-06-04 03:22:00,367.4,7.42,15.2,16.1,1.21
2026-06-04 03:23:00,391.1,7.44,14.9,16.4,1.17
2026-06-04 03:24:00,377.7,7.18,15.4,16.3,1.23
2026-06-04 03:25:00,377.2,7.6,14.7,15.9,1.24
2026-06-04 03:26:00,339.2,7.33,14.7,16.6,1.22
2026-06-04 03:27:00,371.5,7.3,14.9,16.7,1.2
2026-06-04 03:28:00,359.2,7.36,14.9,15.9,1.11
2026-06-04 03:29:00,351.7,7.54,15.0,16.2,1.21
2026-06-04 03:30:00,362.5,7.61,14.9,16.2,1.19
2026-06-04 03:31:00,374.2,7.4,14.9,15.8,1.19
2026-06-04 03:32:00,367.5,7.49,15.0,16.4,1.14
2026-06-04 03:33:00,346.8,7.39,14.9,15.9,1.21
2026-06-04 03:34:00,371.1,7.29,15.1,16.5,1.16
2026-06-04 03:35:00,350.4,7.54,15.0,16.5,1.2
2026-06-04 03:36:00,363.3,7.33,15.0,16.6,1.23
2026-06-04 03:37:00,355.4,7.54,15.0,16.6,1.19
2026-06-04 03:38:00,356.7,7.52,15.2,17.1,1.24
2026-06-04 03:39:00,371.5,7.45,14.9,16.1,1.18
2026-06-04 03:40:00,344.4,7.57,14.8,16.2,1.22
2026-06-04 03:41:00,389.2,7.61,14.8,16.7,1.16
2026-06-04 03:42:00,332.7,7.37,15.0,16.4,1.23
2026-06-04 03:43:00,351.0,7.31,15.1,16.9,1.23
2026-06-04 03:44:00,365.6,7.2,15.2,16.7,1.21
2026-06-04 03:45:00,368.8,7.61,15.3,17.3,1.19
2026-06-04 03:46:00,358.5,7.35,15.2,16.5,1.16
2026-06-04 03:47:00,359.1,7.5,14.8,15.9,1.19
2026-06-04 03:48:00,366.2,7.32,15.0,16.7,1.23
2026-06-04 03:49:00,356.5,7.54,14.6,16.5,1.2
2026-06-04 03:50:00,380.9,7.32,14.9,16.8,1.15
2026-06-04 03:51:00,372.6,7.27,14.9,16.8,1.17
2026-06-04 03:52:00,373.1,7.37,14.5,16.4,1.24
2026-06-04 03:53:00,345.5,7.34,15.4,16.2,1.21
2026-06-04 03:54:00,358.8,7.45,14.9,16.5,1.16
2026-06-04 03:55:00,355.5,7.38,14.6,15.7,1.15
2026-06-04 03:56:00,344.9,7.45,14.9,16.7,1.18
2026-06-04 03:57:00,365.4,7.36,15.3,16.5,1.14
2026-06-04 03:58:00,351.9,7.32,15.4,17.0,1.2
2026-06-04 03:59:00,369.8,7.33,15.0,15.9,1.27
2026-06-04 04:00:00,343.9,7.59,15.0,16.7,1.15
2026-06-04 04:01:00,385.8,7.41,15.2,17.3,1.19
2026-06-04 04:02:00,346.6,7.19,15.0,17.0,1.24
2026-06-04 04:03:00,363.3,7.34,15.1,17.1,1.22
2026-06-04 04:04:00,371.9,7.4,15.2,16.9,1.2
2026-06-04 04:05:00,351.4,7.57,14.8,16.1,1.2
2026-06-04 04:06:00,372.8,7.49,15.3,16.8,1.17
2026-06-04 04:07:00,341.6,7.3,14.8,16.9,1.19
2026-06-04 04:08:00,381.8,7.63,14.9,16.3,1.21
2026-06-04 04:09:00,360.2,7.39,15.0,16.7,1.23
2026-06-04 04:10:00,351.1,7.51,15.2,15.6,1.18
2026-06-04 04:11:00,355.5,7.27,15.1,16.7,1.19
2026-06-04 04:12:00,372.1,7.15,15.0,16.6,1.17
2026-06-04 04:13:00,351.2,7.25,15.1,17.4,1.21
2026-06-04 04:14:00,348.8,7.06,15.2,16.6,1.22
2026-06-04 04:15:00,356.7,7.6,15.0,16.7,1.22
2026-06-04 04:16:00,342.3,7.41,14.8,16.8,1.16
2026-06-04 04:17:00,387.3,7.3,14.9,16.6,1.2
2026-06-04 04:18:00,351.5,7.44,15.2,17.2,1.18
2026-06-04 04:19:00,372.5,7.41,14.8,16.1,1.23
2026-06-04 04:20:00,363.1,7.45,14.7,17.4,1.2
2026-06-04 04:21:00,345.2,7.51,14.9,16.9,1.15
2026-06-04 04:22:00,359.9,7.36,15.0,17.5,1.19
2026-06-04 04:23:00,371.8,7.3,15.2,15.8,1.21
2026-06-04 04:24:00,357.2,7.47,14.7,16.0,1.21
2026-06-04 04:25:00,377.9,7.47,15.1,16.9,1.18
2026-06-04 04:26:00,375.3,7.4,15.2,17.2,1.18
2026-06-04 04:27:00,373.8,7.61,14.8,16.8,1.17
2026-06-04 04:28:00,353.1,7.35,15.0,17.2,1.19
2026-06-04 04:29:00,343.8,7.3,14.6,17.4,1.17
2026-06-04 04:30:00,350.8,7.43,15.2,17.3,1.23
2026-06-04 04:31:00,362.9,7.32,15.2,17.1,1.17
2026-06-04 04:32:00,368.2,7.44,15.0,17.1,1.2
2026-06-04 04:33:00,327.4,7.31,14.8,16.8,1.2
2026-06-04 04:34:00,359.9,7.35,15.1,17.1,1.23
2026-06-04 04:35:00,362.4,7.58,15.0,16.7,1.23
2026-06-04 04:36:00,355.8,7.35,14.5,16.8,1.22
2026-06-04 04:37:00,379.4,7.31,15.2,17.3,1.21
2026-06-04 04:38:00,366.3,7.51,15.3,17.0,1.17
2026-06-04 04:39:00,379.7,7.28,15.3,16.9,1.17
2026-06-04 04:40:00,356.8,7.32,14.8,17.3,1.17
2026-06-04 04:41:00,374.1,7.45,14.6,17.3,1.22
2026-06-04 04:42:00,384.5,7.48,14.9,17.1,1.2
2026-06-04 04:43:00,379.7,7.51,15.1,17.2,1.23
2026-06-04 04:44:00,343.6,7.32,14.8,17.4,1.23
2026-06-04 04:45:00,356.2,7.45,14.7,17.6,1.18
2026-06-04 04:46:00,354.8,7.34,15.2,17.3,1.2
2026-06-04 04:47:00,367.3,7.33,15.0,16.8,1.2
2026-06-04 04:48:00,370.3,7.51,15.2,17.2,1.19
2026-06-04 04:49:00,347.4,7.34,15.0,17.1,1.18
2026-06-04 04:50:00,361.0,7.42,15.0,16.9,1.24
2026-06-04 04:51:00,329.7,7.41,15.0,17.5,1.2
2026-06-04 04:52:00,381.6,7.28,15.0,17.6,1.2
2026-06-04 04:53:00,352.3,7.49,14.9,17.6,1.18
2026-06-04 04:54:00,360.8,7.45,14.8,17.0,1.22
2026-06-04 04:55:00,355.4,7.19,15.1,17.5,1.17
2026-06-04 04:56:00,377.2,7.42,15.3,17.4,1.21
2026-06-04 04:57:00,317.4,7.31,14.9,17.5,1.21
2026-06-04 04:58:00,359.8,7.5,15.4,17.5,1.19
2026-06-04 04:59:00,358.4,7.25,15.1,17.4,1.21
2026-06-04 05:00:00,353.2,7.35,15.1,17.4,1.21
2026-06-04 05:01:00,385.9,7.43,15.2,17.9,1.2
2026-06-04 05:02:00,346.7,7.4,15.2,17.2,1.2
2026-06-04 05:03:00,371.6,7.47,15.0,17.4,1.2
2026-06-04 05:04:00,365.3,7.24,15.2,18.0,1.2
2026-06-04 05:05:00,378.9,7.56,15.3,17.2,1.2
2026-06-04 05:06:00,350.0,7.44,15.0,17.3,1.17
2026-06-04 05:07:00,349.0,7.53,15.1,17.9,1.2
2026-06-04 05:08:00,376.4,7.48,14.9,17.0,1.21
2026-06-04 05:09:00,366.4,7.39,15.0,17.9,1.2
2026-06-04 05:10:00,336.8,7.26,15.0,17.4,1.23
2026-06-04 05:11:00,351.9,7.33,14.9,17.8,1.22
2026-06-04 05:12:00,365.8,7.55,15.1,17.2,1.17
2026-06-04 05:13:00,372.6,7.53,15.1,18.1,1.2
2026-06-04 05:14:00,349.8,7.33,15.2,17.2,1.19
2026-06-04 05:15:00,316.3,7.11,14.9,18.0,1.2
2026-06-04 05:16:00,367.8,7.37,15.0,17.2,1.2
2026-06-04 05:17:00,341.7,7.36,15.3,18.5,1.22
2026-06-04 05:18:00,329.7,7.37,15.0,17.7,1.21
2026-06-04 05:19:00,317.5,7.44,15.3,18.5,1.24
2026-06-04 05:20:00,372.2,7.48,14.9,17.5,1.21
2026-06-04 05:21:00,361.9,7.49,15.2,17.6,1.18
2026-06-04 05:22:00,356.6,7.43,15.2,18.3,1.19
2026-06-04 05:23:00,380.8,7.21,14.6,17.3,1.22
2026-06-04 05:24:00,369.6,7.36,15.3,17.6,1.15
2026-06-04 05:25:00,384.2,7.62,15.4,18.1,1.16
2026-06-04 05:26:00,339.1,7.43,15.0,17.5,1.2
2026-06-04 05:27:00,359.5,7.43,15.2,18.1,1.23
2026-06-04 05:28:00,335.7,7.43,14.9,18.0,1.24
2026-06-04 05:29:00,356.6,7.43,15.2,17.3,1.19
2026-06-04 05:30:00,356.3,7.15,15.6,18.3,1.23
2026-06-04 05:31:00,369.4,7.37,14.7,17.5,1.2
2026-06-04 05:32:00,360.7,7.39,15.0,18.3,1.15
2026-06-04 05:33:00,369.4,7.52,15.3,18.1,1.2
2026-06-04 05:34:00,370.6,7.39,15.4,17.8,1.18
2026-06-04 05:35:00,392.3,7.23,14.9,17.6,1.23
2026-06-04 05:36:00,355.3,7.43,15.0,18.2,1.2
2026-06-04 05:37:00,345.9,7.31,15.0,17.7,1.16
2026-06-04 05:38:00,363.7,7.27,15.0,18.6,1.16
2026-06-04 05:39:00,348.0,7.31,15.1,18.6,1.2
2026-06-04 05:40:00,382.2,7.44,14.9,18.8,1.13
2026-06-04 05:41:00,355.8,7.52,15.1,18.3,1.18
2026-06-04 05:42:00,351.5,7.44,15.0,18.0,1.21
2026-06-04 05:43:00,352.9,7.45,15.1,18.1,1.17
2026-06-04 05:44:00,370.8,7.44,15.0,18.1,1.23
2026-06-04 05:45:00,357.6,7.4,15.1,18.3,1.24
2026-06-04 05:46:00,350.4,7.46,15.0,18.4,1.17
2026-06-04 05:47:00,385.0,7.15,15.4,18.8,1.19
2026-06-04 05:48:00,347.2,7.4,15.1,18.3,1.23
2026-06-04 05:49:00,360.5,7.29,15.2,17.7,1.2
2026-06-04 05:50:00,369.8,7.51,15.1,18.2,1.16
2026-06-04 05:51:00,335.5,7.38,15.2,19.0,1.2
2026-06-04 05:52:00,367.2,7.39,15.2,17.7,1.17
2026-06-04 05:53:00,344.2,7.24,15.3,18.7,1.23
2026-06-04 05:54:00,372.3,7.49,15.1,18.2,1.22
2026-06-04 05:55:00,345.6,7.45,15.0,18.1,1.19
2026-06-04 05:56:00,370.4,7.45,15.2,18.6,1.2
2026-06-04 05:57:00,376.6,7.31,15.1,19.1,1.16
2026-06-04 05:58:00,372.9,7.31,15.2,18.6,1.18
2026-06-04 05:59:00,363.8,7.41,15.0,18.4,1.25
2026-06-04 06:00:00,356.5,7.32,15.4,18.0,1.2
2026-06-04 06:01:00,351.4,7.43,15.0,18.5,1.23
2026-06-04 06:02:00,382.1,7.17,15.4,18.0,1.21
2026-06-04 06:03:00,349.5,7.34,15.2,18.4,1.24
2026-06-04 06:04:00,344.4,7.57,15.4,18.6,1.14
2026-06-04 06:05:00,370.0,7.43,15.1,17.7,1.19
2026-06-04 06:06:00,348.1,7.41,14.8,19.2,1.25
2026-06-04 06:07:00,345.7,7.59,14.9,18.1,1.23
2026-06-04 06:08:00,338.3,7.16,15.7,18.6,1.24
2026-06-04 06:09:00,352.8,7.31,15.1,18.9,1.2
2026-06-04 06:10:00,358.8,7.35,15.5,19.2,1.18
2026-06-04 06:11:00,363.6,7.48,15.0,18.4,1.17
2026-06-04 06:12:00,374.3,7.48,15.3,17.7,1.17
2026-06-04 06:13:00,367.9,7.3,15.3,19.2,1.22
2026-06-04 06:14:00,357.1,7.49,15.8,18.3,1.22
2026-06-04 06:15:00,357.0,7.35,15.2,18.9,1.2
2026-06-04 06:16:00,367.7,7.51,15.1,19.0,1.22
2026-06-04 06:17:00,379.1,7.29,15.3,17.5,1.2
2026-06-04 06:18:00,361.9,7.38,15.1,18.2,1.23
2026-06-04 06:19:00,353.0,7.34,15.3,18.7,1.23
2026-06-04 06:20:00,345.1,7.5,15.3,17.9,1.17
2026-06-04 06:21:00,338.3,7.34,15.1,18.4,1.21
2026-06-04 06:22:00,370.0,7.39,15.4,19.0,1.15
2026-06-04 06:23:00,368.7,7.44,15.3,18.9,1.2
2026-06-04 06:24:00,368.7,7.44,15.4,19.1,1.22
2026-06-04 06:25:00,358.1,7.48,15.6,19.2,1.16
2026-06-04 06:26:00,381.1,7.41,15.2,18.3,1.19
2026-06-04 06:27:00,352.7,7.35,15.2,18.5,1.2
2026-06-04 06:28:00,374.3,7.36,15.0,19.4,1.21
2026-06-04 06:29:00,359.4,7.39,15.4,19.7,1.19
2026-06-04 06:30:00,350.9,7.41,15.2,18.7,1.16
2026-06-04 06:31:00,368.9,7.38,15.4,19.2,1.2
2026-06-04 06:32:00,366.1,7.39,15.6,19.4,1.15
2026-06-04 06:33:00,365.4,7.24,15.2,19.2,1.19
2026-06-04 06:34:00,361.2,7.46,15.2,19.1,1.19
2026-06-04 06:35:00,359.4,7.41,15.5,18.9,1.2
2026-06-04 06:36:00,395.8,7.49,15.5,20.0,1.18
2026-06-04 06:37:00,377.8,7.39,15.5,19.3,1.15
2026-06-04 06:38:00,370.8,7.22,15.3,19.4,1.19
2026-06-04 06:39:00,361.7,7.35,15.1,19.4,1.23
2026-06-04 06:40:00,375.1,7.37,15.2,19.0,1.24
2026-06-04 06:41:00,367.8,7.46,15.2,19.3,1.27
2026-06-04 06:42:00,360.4,7.18,15.5,19.2,1.25
2026-06-04 06:43:00,355.4,7.39,15.4,19.2,1.16
2026-06-04 06:44:00,358.8,7.44,15.2,19.5,1.19
2026-06-04 06:45:00,312.4,7.32,15.3,19.0,1.2
2026-06-04 06:46:00,363.2,7.4,15.5,18.9,1.2
2026-06-04 06:47:00,352.7,7.33,15.3,19.6,1.2
2026-06-04 06:48:00,383.9,7.32,15.3,19.2,1.27
2026-06-04 06:49:00,360.3,7.35,15.8,19.3,1.17
2026-06-04 06:50:00,342.2,7.32,15.3,18.7,1.18
2026-06-04 06:51:00,359.3,7.46,15.5,19.9,1.25
2026-06-04 06:52:00,344.3,7.32,15.5,19.7,1.18
2026-06-04 06:53:00,367.1,7.3,15.1,19.8,1.21
2026-06-04 06:54:00,364.4,7.57,15.3,19.7,1.23
2026-06-04 06:55:00,374.4,7.49,15.6,19.0,1.21
2026-06-04 06:56:00,348.1,7.2,15.4,19.7,1.21
2026-06-04 06:57:00,360.5,7.31,15.1,19.4,1.23
2026-06-04 06:58:00,339.5,7.41,15.5,19.3,1.17
2026-06-04 06:59:00,370.5,7.42,15.3,19.9,1.19
2026-06-04 07:00:00,367.8,7.24,15.5,20.4,1.22
2026-06-04 07:01:00,367.4,7.51,16.0,20.3,1.14
2026-06-04 07:02:00,360.0,7.47,15.5,20.0,1.24
2026-06-04 07:03:00,366.2,7.44,15.6,19.8,1.21
2026-06-04 07:04:00,384.1,7.53,15.4,19.7,1.2
2026-06-04 07:05:00,355.7,7.44,15.2,19.4,1.15
2026-06-04 07:06:00,362.1,7.43,15.7,19.7,1.16
2026-06-04 07:07:00,343.7,7.55,15.4,20.2,1.19
2026-06-04 07:08:00,347.0,7.5,15.4,20.6,1.22
2026-06-04 07:09:00,361.5,7.31,15.8,19.6,1.14
2026-06-04 07:10:00,376.6,7.45,15.4,19.1,1.22
2026-06-04 07:11:00,356.2,7.32,15.7,19.7,1.19
2026-06-04 07:12:00,356.5,7.44,15.6,20.3,1.19
2026-06-04 07:13:00,353.9,7.44,15.4,20.8,1.21
2026-06-04 07:14:00,352.0,7.25,15.6,20.5,1.21
2026-06-04 07:15:00,364.4,7.38,15.4,20.5,1.18
2026-06-04 07:16:00,337.5,7.42,15.7,19.7,1.22
2026-06-04 07:17:00,379.2,7.35,15.8,19.7,1.13
2026-06-04 07:18:00,350.0,7.42,15.5,19.6,1.19
2026-06-04 07:19:00,370.8,7.47,15.8,19.8,1.2
2026-06-04 07:20:00,341.0,7.39,15.6,20.5,1.19
2026-06-04 07:21:00,370.0,7.41,15.7,20.8,1.15
2026-06-04 07:22:00,370.1,7.53,16.1,20.3,1.22
2026-06-04 07:23:00,365.8,7.44,16.0,20.1,1.16
2026-06-04 07:24:00,345.1,7.41,15.5,19.8,1.2
2026-06-04 07:25:00,363.7,7.29,15.6,20.2,1.2
2026-06-04 07:26:00,342.3,7.46,15.4,20.3,1.2
2026-06-04 07:27:00,356.2,7.42,15.7,19.7,1.24
2026-06-04 07:28:00,375.4,7.52,15.7,20.7,1.2
2026-06-04 07:29:00,372.0,7.39,15.4,20.2,1.21
2026-06-04 07:30:00,360.2,7.21,15.8,20.7,1.2
2026-06-04 07:31:00,345.4,7.22,15.5,20.4,1.22
2026-06-04 07:32:00,369.7,7.46,15.5,20.5,1.24
2026-06-04 07:33:00,360.3,7.33,15.7,20.1,1.2
2026-06-04 07:34:00,325.2,7.43,15.5,20.3,1.22
2026-06-04 07:35:00,371.7,7.4,15.6,20.7,1.24
2026-06-04 07:36:00,359.6,7.37,16.0,20.4,1.24
2026-06-04 07:37:00,378.0,7.38,15.5,20.1,1.19
2026-06-04 07:38:00,343.6,7.3,15.8,20.6,1.23
2026-06-04 07:39:00,312.3,7.39,15.5,20.7,1.21
2026-06-04 07:40:00,364.2,7.33,15.4,21.1,1.23
2026-06-04 07:41:00,364.4,7.35,15.6,21.0,1.22
2026-06-04 07:42:00,334.6,7.36,16.2,20.6,1.21
2026-06-04 07:43:00,345.3,7.37,15.8,20.4,1.21
2026-06-04 07:44:00,401.3,7.48,15.8,20.6,1.21
2026-06-04 07:45:00,355.4,7.38,15.6,20.5,1.21
2026-06-04 07:46:00,371.0,7.49,15.6,20.9,1.2
2026-06-04 07:47:00,350.2,7.54,15.4,21.1,1.19
2026-06-04 07:48:00,328.6,7.48,16.0,21.2,1.25
2026-06-04 07:49:00,357.4,7.44,15.7,20.6,1.21
2026-06-04 07:50:00,356.0,7.42,15.7,20.6,1.18
2026-06-04 07:51:00,354.0,7.48,15.7,20.6,1.19
2026-06-04 07:52:00,358.3,7.4,16.1,20.1,1.23
2026-06-04 07:53:00,364.0,7.49,15.8,20.4,1.18
2026-06-04 07:54:00,357.7,7.45,15.7,20.9,1.16
2026-06-04 07:55:00,341.0,7.35,16.1,21.0,1.16
2026-06-04 07:56:00,367.3,7.48,15.7,21.1,1.15
2026-06-04 07:57:00,330.8,7.4,15.4,20.6,1.16
2026-06-04 07:58:00,329.2,7.38,15.4,20.8,1.16
2026-06-04 07:59:00,371.1,7.34,15.7,20.9,1.24
2026-06-04 08:00:00,367.6,7.41,15.8,20.8,1.2
2026-06-04 08:01:00,359.1,7.49,15.9,21.3,1.19
2026-06-04 08:02:00,339.1,7.48,15.6,20.5,1.16
2026-06-04 08:03:00,349.4,7.43,15.7,20.6,1.2
2026-06-04 08:04:00,356.1,7.45,15.6,21.0,1.15
2026-06-04 08:05:00,336.1,7.52,16.0,20.6,1.19
2026-06-04 08:06:00,348.9,7.38,16.0,20.4,1.26
2026-06-04 08:07:00,369.8,7.28,16.2,20.6,1.22
2026-06-04 08:08:00,381.4,7.52,15.9,21.1,1.19
2026-06-04 08:09:00,353.7,7.34,16.2,21.4,1.22
2026-06-04 08:10:00,371.3,7.32,15.7,21.5,1.18
2026-06-04 08:11:00,331.3,7.21,15.9,21.9,1.18
2026-06-04 08:12:00,369.9,7.45,15.6,21.3,1.25
2026-06-04 08:13:00,347.9,7.23,15.9,21.4,1.17
2026-06-04 08:14:00,364.6,7.31,15.9,21.2,1.19
2026-06-04 08:15:00,356.3,7.45,15.3,21.2,1.21
2026-06-04 08:16:00,379.8,7.46,16.1,22.2,1.17
2026-06-04 08:17:00,346.9,7.32,16.0,21.5,1.22
2026-06-04 08:18:00,369.4,7.38,15.7,21.5,1.19
2026-06-04 08:19:00,355.8,7.3,15.9,21.0,1.22
2026-06-04 08:20:00,357.6,7.34,15.6,21.6,1.22
2026-06-04 08:21:00,357.2,7.42,15.7,21.7,1.19
2026-06-04 08:22:00,347.3,7.34,16.2,21.9,1.25
2026-06-04 08:23:00,359.8,7.37,15.7,21.8,1.18
2026-06-04 08:24:00,359.1,7.24,15.9,21.5,1.24
2026-06-04 08:25:00,363.6,7.5,15.6,21.5,1.24
2026-06-04 08:26:00,361.3,7.44,16.0,21.5,1.25
2026-06-04 08:27:00,372.0,7.47,16.0,21.6,1.21
2026-06-04 08:28:00,373.9,7.52,16.1,22.1,1.18
2026-06-04 08:29:00,344.2,7.31,16.0,22.1,1.26
2026-06-04 08:30:00,373.0,7.35,16.2,22.0,1.19
2026-06-04 08:31:00,342.2,7.2,15.8,22.5,1.18
2026-06-04 08:32:00,368.8,7.7,15.7,20.6,1.19
2026-06-04 08:33:00,369.3,7.38,15.8,21.5,1.17
2026-06-04 08:34:00,331.3,7.49,15.7,21.7,1.22
2026-06-04 08:35:00,361.4,7.27,16.0,21.5,1.18
2026-06-04 08:36:00,353.0,7.49,15.9,21.4,1.19
2026-06-04 08:37:00,348.6,7.58,16.1,21.1,1.23
2026-06-04 08:38:00,380.3,7.38,15.7,21.7,1.22
2026-06-04 08:39:00,350.2,7.29,16.0,22.2,1.2
2026-06-04 08:40:00,347.9,7.38,16.2,22.2,1.21
2026-06-04 08:41:00,361.1,7.17,16.1,21.6,1.2
2026-06-04 08:42:00,370.3,7.39,15.6,22.0,1.19
2026-06-04 08:43:00,357.9,7.47,16.0,22.5,1.2
2026-06-04 08:44:00,377.5,7.39,15.9,21.3,1.21
2026-06-04 08:45:00,368.0,7.36,16.0,21.9,1.2
2026-06-04 08:46:00,327.3,7.44,15.9,22.1,1.21
2026-06-04 08:47:00,352.1,7.45,16.4,22.0,1.17
2026-06-04 08:48:00,351.6,7.22,16.1,22.4,1.18
2026-06-04 08:49:00,367.2,7.4,16.1,21.5,1.18
2026-06-04 08:50:00,320.6,7.63,16.0,21.7,1.18
2026-06-04 08:51:00,398.2,7.26,16.2,22.4,1.24
2026-06-04 08:52:00,368.0,7.38,16.0,21.4,1.22
2026-06-04 08:53:00,362.2,7.58,16.2,22.5,1.17
2026-06-04 08:54:00,377.7,7.5,16.0,22.3,1.21
2026-06-04 08:55:00,395.2,7.34,16.4,22.5,1.19
2026-06-04 08:56:00,373.1,7.41,16.2,22.0,1.18
2026-06-04 08:57:00,374.2,7.39,16.1,22.4,1.16
2026-06-04 08:58:00,362.0,7.32,16.3,21.8,1.23
2026-06-04 08:59:00,357.9,7.38,16.2,22.1,1.16
2026-06-04 09:00:00,352.9,7.36,16.3,22.3,1.2
2026-06-04 09:01:00,347.6,7.4,16.1,22.0,1.17
2026-06-04 09:02:00,349.7,7.32,16.1,22.4,1.22
2026-06-04 09:03:00,339.7,7.26,16.2,21.9,1.19
2026-06-04 09:04:00,358.9,7.39,16.0,22.5,1.2
2026-06-04 09:05:00,334.7,7.56,16.3,23.1,1.2
2026-06-04 09:06:00,362.9,7.4,16.4,21.9,1.21
2026-06-04 09:07:00,359.5,7.36,16.3,22.4,1.2
2026-06-04 09:08:00,362.2,7.47,16.4,21.8,1.2
2026-06-04 09:09:00,352.2,7.37,16.4,22.1,1.18
2026-06-04 09:10:00,406.2,7.58,16.1,22.8,1.15
2026-06-04 09:11:00,380.4,7.39,16.3,22.4,1.17
2026-06-04 09:12:00,341.3,7.46,15.9,22.8,1.22
2026-06-04 09:13:00,363.5,7.31,16.2,22.7,1.19
2026-06-04 09:14:00,350.9,7.44,16.0,22.6,1.18
2026-06-04 09:15:00,344.8,7.42,16.2,22.2,1.16
2026-06-04 09:16:00,339.9,7.38,15.9,22.9,1.15
2026-06-04 09:17:00,366.5,7.34,16.4,22.8,1.18
2026-06-04 09:18:00,349.8,7.33,16.1,22.1,1.23
2026-06-04 09:19:00,374.5,7.42,16.4,22.3,1.18
2026-06-04 09:20:00,374.9,7.45,16.2,21.6,1.21
2026-06-04 09:21:00,380.6,7.38,15.9,22.2,1.18
2026-06-04 09:22:00,347.2,7.42,16.2,22.6,1.22
2026-06-04 09:23:00,367.1,7.39,16.2,22.3,1.19
2026-06-04 09:24:00,369.5,7.4,16.3,22.5,1.16
2026-06-04 09:25:00,352.9,7.37,16.6,23.4,1.19
2026-06-04 09:26:00,348.4,7.39,16.6,23.2,1.26
2026-06-04 09:27:00,384.1,7.66,16.2,22.6,1.25
2026-06-04 09:28:00,363.4,7.42,16.0,23.2,1.21
2026-06-04 09:29:00,369.5,7.45,16.1,23.4,1.2
2026-06-04 09:30:00,347.7,7.43,16.4,23.2,1.21
2026-06-04 09:31:00,341.7,7.36,16.3,23.1,1.21
2026-06-04 09:32:00,351.5,7.52,16.0,23.4,1.2
2026-06-04 09:33:00,358.1,7.36,16.2,23.3,1.21
2026-06-04 09:34:00,344.0,7.5,16.6,22.5,1.21
2026-06-04 09:35:00,359.9,7.36,16.4,22.9,1.19
2026-06-04 09:36:00,334.7,7.29,16.4,22.8,1.16
2026-06-04 09:37:00,343.2,7.43,16.3,23.5,1.19
2026-06-04 09:38:00,370.1,7.28,16.3,22.8,1.22
2026-06-04 09:39:00,369.1,7.44,16.5,22.8,1.2
2026-06-04 09:40:00,354.1,7.27,16.4,23.5,1.21
2026-06-04 09:41:00,344.7,7.36,16.5,23.2,1.19
2026-06-04 09:42:00,344.6,7.25,16.5,24.0,1.17
2026-06-04 09:43:00,354.4,7.67,16.4,22.8,1.19
2026-06-04 09:44:00,369.7,7.22,16.5,23.0,1.17
2026-06-04 09:45:00,373.9,7.39,16.3,23.7,1.17
2026-06-04 09:46:00,352.6,7.5,16.4,22.7,1.24
2026-06-04 09:47:00,342.7,7.49,16.7,23.8,1.19
2026-06-04 09:48:00,364.0,7.48,16.4,22.8,1.18
2026-06-04 09:49:00,347.6,7.36,16.4,23.5,1.25
2026-06-04 09:50:00,352.2,7.53,16.5,22.6,1.22
2026-06-04 09:51:00,379.9,7.48,16.2,23.3,1.19
2026-06-04 09:52:00,372.4,7.41,16.5,22.8,1.21
2026-06-04 09:53:00,362.4,7.41,16.8,24.1,1.19
2026-06-04 09:54:00,340.9,7.36,16.3,23.0,1.18
2026-06-04 09:55:00,363.2,7.3,16.5,23.1,1.21
2026-06-04 09:56:00,375.9,7.51,16.5,23.6,1.19
2026-06-04 09:57:00,354.4,7.52,16.5,23.2,1.2
2026-06-04 09:58:00,380.3,7.3,16.5,23.7,1.23
2026-06-04 09:59:00,379.4,7.37,16.6,23.2,1.23
2026-06-04 10:00:00,385.0,7.38,16.3,23.2,1.18
2026-06-04 10:01:00,364.6,7.39,16.6,23.5,1.21
2026-06-04 10:02:00,368.8,7.4,16.5,23.1,1.17
2026-06-04 10:03:00,381.2,7.48,16.2,23.7,1.21
2026-06-04 10:04:00,366.7,7.32,16.6,23.9,1.2
2026-06-04 10:05:00,352.5,7.31,16.6,23.8,1.21
2026-06-04 10:06:00,353.3,7.51,16.4,23.9,1.19
2026-06-04 10:07:00,363.6,7.34,16.6,22.9,1.26
2026-06-04 10:08:00,340.6,7.26,16.3,23.5,1.17
2026-06-04 10:09:00,357.9,7.34,16.4,23.6,1.23
2026-06-04 10:10:00,376.4,7.36,16.6,24.3,1.17
2026-06-04 10:11:00,327.1,7.55,16.2,23.5,1.22
2026-06-04 10:12:00,383.0,7.48,16.3,22.8,1.22
2026-06-04 10:13:00,376.8,7.5,16.4,23.3,1.2
2026-06-04 10:14:00,353.1,7.47,16.6,23.5,1.19
2026-06-04 10:15:00,368.2,7.48,16.7,22.9,1.2
2026-06-04 10:16:00,360.0,7.32,16.4,24.2,1.21
2026-06-04 10:17:00,378.4,7.37,16.4,23.2,1.25
2026-06-04 10:18:00,374.7,7.29,16.6,24.0,1.17
2026-06-04 10:19:00,339.0,7.37,16.6,23.4,1.18
2026-06-04 10:20:00,368.8,7.46,16.5,24.5,1.21
2026-06-04 10:21:00,356.9,7.4,17.0,23.8,1.19
2026-06-04 10:22:00,361.2,7.52,16.7,23.7,1.2
2026-06-04 10:23:00,349.1,7.28,16.6,24.1,1.23
2026-06-04 10:24:00,386.2,7.44,16.6,23.5,1.12
2026-06-04 10:25:00,375.6,7.27,16.9,24.2,1.18
2026-06-04 10:26:00,348.9,7.4,16.8,23.8,1.15
2026-06-04 10:27:00,340.0,7.46,16.3,23.8,1.16
2026-06-04 10:28:00,354.2,7.37,16.5,24.0,1.27
2026-06-04 10:29:00,366.5,7.45,16.6,23.6,1.22
2026-06-04 10:30:00,363.6,7.29,16.7,24.0,1.23
2026-06-04 10:31:00,378.8,7.22,16.8,24.2,1.2
2026-06-04 10:32:00,371.8,7.45,16.5,23.2,1.22
2026-06-04 10:33:00,374.5,7.56,16.7,24.5,1.15
2026-06-04 10:34:00,364.9,7.29,17.1,24.4,1.23
2026-06-04 10:35:00,339.2,7.51,16.7,23.4,1.18
2026-06-04 10:36:00,357.1,7.39,16.6,23.3,1.18
2026-06-04 10:37:00,375.9,7.26,16.5,24.5,1.22
2026-06-04 10:38:00,359.2,7.28,16.7,24.5,1.21
2026-06-04 10:39:00,367.5,7.39,16.5,24.4,1.2
2026-06-04 10:40:00,355.2,7.35,16.7,23.6,1.16
2026-06-04 10:41:00,344.6,7.26,16.9,25.0,1.2
2026-06-04 10:42:00,358.1,7.22,16.8,23.9,1.23
2026-06-04 10:43:00,364.6,7.31,16.7,24.4,1.18
2026-06-04 10:44:00,350.2,7.41,16.4,24.4,1.24
2026-06-04 10:45:00,356.5,7.39,17.0,24.9,1.17
2026-06-04 10:46:00,345.9,7.34,16.7,24.4,1.2
2026-06-04 10:47:00,376.8,7.41,16.8,24.5,1.25
2026-06-04 10:48:00,355.6,7.49,16.6,24.3,1.18
2026-06-04 10:49:00,381.8,7.43,16.7,23.9,1.23
2026-06-04 10:50:00,382.9,7.38,16.7,23.5,1.26
2026-06-04 10:51:00,358.8,7.48,16.6,24.4,1.21
2026-06-04 10:52:00,344.9,7.29,16.7,23.8,1.18
2026-06-04 10:53:00,328.7,7.37,16.8,24.6,1.18
2026-06-04 10:54:00,337.9,7.37,16.9,24.5,1.24
2026-06-04 10:55:00,339.4,7.27,16.7,24.5,1.24
2026-06-04 10:56:00,380.7,7.35,16.6,24.1,1.24
2026-06-04 10:57:00,361.7,7.18,16.8,24.9,1.2
2026-06-04 10:58:00,365.8,7.58,17.0,24.7,1.23
2026-06-04 10:59:00,326.7,7.3,16.7,24.0,1.2
2026-06-04 11:00:00,342.0,7.55,16.9,25.4,1.17
2026-06-04 11:01:00,373.3,7.39,16.8,24.5,1.23
2026-06-04 11:02:00,364.3,7.45,17.1,24.0,1.25
2026-06-04 11:03:00,357.8,7.34,16.8,24.3,1.17
2026-06-04 11:04:00,368.5,7.41,17.0,24.0,1.17
2026-06-04 11:05:00,384.5,7.46,17.1,25.2,1.2
2026-06-04 11:06:00,356.7,7.46,17.2,25.1,1.23
2026-06-04 11:07:00,361.0,7.47,16.7,24.9,1.17
2026-06-04 11:08:00,362.9,7.35,16.7,24.9,1.21
2026-06-04 11:09:00,395.9,7.34,17.2,25.2,1.18
2026-06-04 11:10:00,328.5,7.23,17.2,24.6,1.22
2026-06-04 11:11:00,370.2,7.44,16.8,24.9,1.18
2026-06-04 11:12:00,358.3,7.5,16.3,24.4,1.22
2026-06-04 11:13:00,368.5,7.55,17.0,24.7,1.2
2026-06-04 11:14:00,350.1,7.42,16.7,24.9,1.17
2026-06-04 11:15:00,359.3,7.31,16.8,23.5,1.2
2026-06-04 11:16:00,370.7,7.22,17.0,24.5,1.14
2026-06-04 11:17:00,406.7,7.49,17.1,24.9,1.18
2026-06-04 11:18:00,372.1,7.21,17.3,24.8,1.21
2026-06-04 11:19:00,347.3,7.36,16.9,24.6,1.15
2026-06-04 11:20:00,353.6,7.37,16.8,25.1,1.12
2026-06-04 11:21:00,353.2,7.38,17.2,24.6,1.13
2026-06-04 11:22:00,333.1,7.39,17.1,24.4,1.24
2026-06-04 11:23:00,355.0,7.4,17.0,25.3,1.2
2026-06-04 11:24:00,371.0,7.15,17.0,25.3,1.18
2026-06-04 11:25:00,340.9,7.39,17.0,24.7,1.23
2026-06-04 11:26:00,375.7,7.17,17.2,24.9,1.19
2026-06-04 11:27:00,367.3,7.46,17.4,25.3,1.21
2026-06-04 11:28:00,349.0,7.33,16.9,25.0,1.2
2026-06-04 11:29:00,357.9,7.17,17.2,25.2,1.19
2026-06-04 11:30:00,384.0,7.31,16.8,25.2,1.21
2026-06-04 11:31:00,371.0,7.33,16.9,24.9,1.22
2026-06-04 11:32:00,360.1,7.51,17.2,25.2,1.19
2026-06-04 11:33:00,356.4,7.41,17.1,24.6,1.19
2026-06-04 11:34:00,361.1,7.42,16.9,25.2,1.19
2026-06-04 11:35:00,352.3,7.51,17.1,25.0,1.13
2026-06-04 11:36:00,328.4,7.38,17.3,24.9,1.21
2026-06-04 11:37:00,390.6,7.47,16.8,24.6,1.16
2026-06-04 11:38:00,362.3,7.46,17.5,25.1,1.22
2026-06-04 11:39:00,366.0,7.26,17.2,25.1,1.2
2026-06-04 11:40:00,359.1,7.54,17.3,24.8,1.2
2026-06-04 11:41:00,349.0,7.25,17.1,24.5,1.22
2026-06-04 11:42:00,357.2,7.48,17.5,24.5,1.17
2026-06-04 11:43:00,336.0,7.24,17.3,25.0,1.21
2026-06-04 11:44:00,394.2,7.45,17.1,25.3,1.21
2026-06-04 11:45:00,341.5,7.58,17.3,25.9,1.19
2026-06-04 11:46:00,344.5,7.37,17.0,25.2,1.17
2026-06-04 11:47:00,353.4,7.36,17.1,24.5,1.22
2026-06-04 11:48:00,379.3,7.45,17.5,25.1,1.22
2026-06-04 11:49:00,360.2,7.36,17.3,25.7,1.2
2026-06-04 11:50:00,341.5,7.57,17.3,24.9,1.17
2026-06-04 11:51:00,378.8,7.41,17.4,25.7,1.18
2026-06-04 11:52:00,371.0,7.36,17.3,25.3,1.2
2026-06-04 11:53:00,368.1,7.34,17.0,25.5,1.22
2026-06-04 11:54:00,370.7,7.3,17.5,26.0,1.15
2026-06-04 11:55:00,395.9,7.33,17.3,24.5,1.18
2026-06-04 11:56:00,392.8,7.35,17.3,25.6,1.19
2026-06-04 11:57:00,349.7,7.34,17.2,25.3,1.2
2026-06-04 11:58:00,384.4,7.32,17.5,24.9,1.16
2026-06-04 11:59:00,365.7,7.6,17.6,25.3,1.19
2026-06-04 12:00:00,367.5,7.29,17.2,26.0,1.19
2026-06-04 12:01:00,334.6,7.4,17.5,25.9,1.17
2026-06-04 12:02:00,357.4,7.45,17.3,24.6,1.2
2026-06-04 12:03:00,347.8,7.45,16.9,25.1,1.18
2026-06-04 12:04:00,372.4,7.38,17.0,25.8,1.21
2026-06-04 12:05:00,376.1,7.37,17.4,25.4,1.17
2026-06-04 12:06:00,328.9,7.44,17.5,25.4,1.2
2026-06-04 12:07:00,359.7,7.42,17.4,24.8,1.18
2026-06-04 12:08:00,376.8,7.36,17.4,25.1,1.18
2026-06-04 12:09:00,357.2,7.23,17.8,24.9,1.21
2026-06-04 12:10:00,370.9,7.34,17.4,24.8,1.21
2026-06-04 12:11:00,365.3,7.28,17.3,24.9,1.19
2026-06-04 12:12:00,365.1,7.32,17.3,25.1,1.19
2026-06-04 12:13:00,355.9,7.39,17.6,25.2,1.16
2026-06-04 12:14:00,341.8,7.43,17.1,25.1,1.24
2026-06-04 12:15:00,343.2,7.57,17.6,25.9,1.22
2026-06-04 12:16:00,370.6,7.34,17.3,25.1,1.22
2026-06-04 12:17:00,360.3,7.47,17.2,26.1,1.15
2026-06-04 12:18:00,357.9,7.42,17.1,25.3,1.18
2026-06-04 12:19:00,353.6,7.52,17.7,25.7,1.19
2026-06-04 12:20:00,355.4,7.45,17.2,25.7,1.14
2026-06-04 12:21:00,375.7,7.29,17.4,25.2,1.23
2026-06-04 12:22:00,355.0,7.22,17.2,25.4,1.24
2026-06-04 12:23:00,339.9,7.42,17.8,25.4,1.26
2026-06-04 12:24:00,371.2,7.34,17.4,25.7,1.17
2026-06-04 12:25:00,356.9,7.29,17.1,25.5,1.2
2026-06-04 12:26:00,360.5,7.26,17.3,25.3,1.24
2026-06-04 12:27:00,384.1,7.41,17.7,25.6,1.19
2026-06-04 12:28:00,359.7,7.54,17.2,25.7,1.18
2026-06-04 12:29:00,364.3,7.35,17.3,26.4,1.14
2026-06-04 12:30:00,342.3,7.45,17.7,25.6,1.23
2026-06-04 12:31:00,356.7,7.38,17.5,25.6,1.2
2026-06-04 12:32:00,369.1,7.26,17.2,25.8,1.18
2026-06-04 12:33:00,336.7,7.46,17.5,25.3,1.21
2026-06-04 12:34:00,363.0,7.28,17.4,25.0,1.2
2026-06-04 12:35:00,361.5,7.39,17.4,25.5,1.21
2026-06-04 12:36:00,360.6,7.36,17.6,26.1,1.19
2026-06-04 12:37:00,375.6,7.48,17.5,26.2,1.25
2026-06-04 12:38:00,365.0,7.28,17.4,24.9,1.2
2026-06-04 12:39:00,382.2,7.43,17.4,26.0,1.25
2026-06-04 12:40:00,345.1,7.31,17.7,24.8,1.22
2026-06-04 12:41:00,362.0,7.34,17.3,25.9,1.21
2026-06-04 12:42:00,361.3,7.03,17.0,25.9,1.2
2026-06-04 12:43:00,344.0,7.6,17.4,25.0,1.23
2026-06-04 12:44:00,374.3,7.45,17.6,26.1,1.2
2026-06-04 12:45:00,394.9,7.31,17.4,26.4,1.17
2026-06-04 12:46:00,359.7,7.28,17.4,25.7,1.17
2026-06-04 12:47:00,367.6,7.34,17.4,25.8,1.21
2026-06-04 12:48:00,361.3,7.46,17.5,26.3,1.17
2026-06-04 12:49:00,349.3,7.2,17.2,25.3,1.2
2026-06-04 12:50:00,332.7,7.38,17.6,25.3,1.23
2026-06-04 12:51:00,349.4,7.57,17.0,25.4,1.21
2026-06-04 12:52:00,339.1,7.28,17.6,25.8,1.18
2026-06-04 12:53:00,385.6,7.4,17.6,25.8,1.24
2026-06-04 12:54:00,358.3,7.61,17.6,25.6,1.22
2026-06-04 12:55:00,354.8,7.45,17.2,25.7,1.23
2026-06-04 12:56:00,373.3,7.4,17.6,25.6,1.13
2026-06-04 12:57:00,343.2,7.44,17.4,25.6,1.21
2026-06-04 12:58:00,348.5,7.35,17.9,25.5,1.23
2026-06-04 12:59:00,361.0,7.52,17.6,25.5,1.25
2026-06-04 13:00:00,375.4,7.35,17.3,25.0,1.16
2026-06-04 13:01:00,367.5,7.19,17.2,25.7,1.24
2026-06-04 13:02:00,363.7,7.35,17.4,25.1,1.25
2026-06-04 13:03:00,361.2,7.29,17.7,26.1,1.14
2026-06-04 13:04:00,366.0,7.36,17.8,25.6,1.21
2026-06-04 13:05:00,363.0,7.36,17.6,25.8,1.22
2026-06-04 13:06:00,344.6,7.51,17.6,25.7,1.19
2026-06-04 13:07:00,360.7,7.46,17.5,25.8,1.19
2026-06-04 13:08:00,343.9,7.42,17.6,26.4,1.22
2026-06-04 13:09:00,361.2,7.39,17.8,25.3,1.18
2026-06-04 13:10:00,352.8,7.28,17.5,25.2,1.19
2026-06-04 13:11:00,398.1,7.17,17.7,25.9,1.22
2026-06-04 13:12:00,359.4,7.4,17.5,25.7,1.25
2026-06-04 13:13:00,338.9,7.47,17.8,26.0,1.22
2026-06-04 13:14:00,358.0,7.38,17.7,26.2,1.2
2026-06-04 13:15:00,367.8,7.34,17.8,25.5,1.18
2026-06-04 13:16:00,385.1,7.44,18.0,26.1,1.17
2026-06-04 13:17:00,351.2,7.38,17.1,25.5,1.23
2026-06-04 13:18:00,336.3,7.56,17.8,25.9,1.2
2026-06-04 13:19:00,372.3,7.51,17.7,25.4,1.23
2026-06-04 13:20:00,339.3,7.49,17.7,26.0,1.19
2026-06-04 13:21:00,353.5,7.47,17.7,25.9,1.18
2026-06-04 13:22:00,356.1,7.26,17.7,25.5,1.21
2026-06-04 13:23:00,359.0,7.46,17.7,25.4,1.2
2026-06-04 13:24:00,370.3,7.43,17.8,26.2,1.16
2026-06-04 13:25:00,349.7,7.45,17.8,25.8,1.25
2026-06-04 13:26:00,355.9,7.44,17.7,26.3,1.18
2026-06-04 13:27:00,359.8,7.44,17.6,25.7,1.23
2026-06-04 13:28:00,362.2,7.66,17.7,26.5,1.23
2026-06-04 13:29:00,361.5,7.38,17.6,25.6,1.16
2026-06-04 13:30:00,366.5,7.48,18.0,26.5,1.17
2026-06-04 13:31:00,372.7,7.34,17.4,26.0,1.19
2026-06-04 13:32:00,365.9,7.47,17.8,26.1,1.17
2026-06-04 13:33:00,366.8,7.48,17.9,25.6,1.25
2026-06-04 13:34:00,336.3,7.43,17.6,26.3,1.19
2026-06-04 13:35:00,360.8,7.56,17.8,26.3,1.23
2026-06-04 13:36:00,367.2,7.3,18.0,25.8,1.22
2026-06-04 13:37:00,370.9,7.34,17.7,25.1,1.21
2026-06-04 13:38:00,349.6,7.41,18.0,25.5,1.2
2026-06-04 13:39:00,350.1,7.48,17.9,25.5,1.24
2026-06-04 13:40:00,351.4,7.41,17.6,26.2,1.18
2026-06-04 13:41:00,368.0,7.52,17.5,25.8,1.25
2026-06-04 13:42:00,375.5,7.32,17.8,25.8,1.16
2026-06-04 13:43:00,353.9,7.28,17.5,25.8,1.22
2026-06-04 13:44:00,373.6,7.42,17.2,26.6,1.16
2026-06-04 13:45:00,361.9,7.38,17.6,26.0,1.19
2026-06-04 13:46:00,358.1,7.44,18.2,26.1,1.2
2026-06-04 13:47:00,356.8,7.39,17.7,25.7,1.19
2026-06-04 13:48:00,371.2,7.36,17.8,26.0,1.19
2026-06-04 13:49:00,364.9,7.38,17.9,25.6,1.16
2026-06-04 13:50:00,394.1,7.39,17.8,26.1,1.17
2026-06-04 13:51:00,347.2,7.36,17.7,25.5,1.21
2026-06-04 13:52:00,367.8,7.37,18.0,26.3,1.2
2026-06-04 13:53:00,352.1,7.35,17.8,25.7,1.18
2026-06-04 13:54:00,347.0,7.48,17.8,26.4,1.24
2026-06-04 13:55:00,359.8,7.41,17.9,26.8,1.16
2026-06-04 13:56:00,362.1,7.62,17.6,26.0,1.19
2026-06-04 13:57:00,403.8,7.41,17.5,26.5,1.18
2026-06-04 13:58:00,357.2,7.33,17.5,26.3,1.22
2026-06-04 13:59:00,343.0,7.66,17.9,25.4,1.2
2026-06-04 14:00:00,364.1,7.43,17.8,26.0,1.2
2026-06-04 14:01:00,328.9,7.49,18.0,26.2,1.14
2026-06-04 14:02:00,358.6,7.45,17.8,26.2,1.23
2026-06-04 14:03:00,360.2,7.45,17.5,26.1,1.19
2026-06-04 14:04:00,371.9,7.44,17.7,26.1,1.2
2026-06-04 14:05:00,374.6,7.28,18.0,26.0,1.18
2026-06-04 14:06:00,352.4,7.43,17.8,26.1,1.17
2026-06-04 14:07:00,357.7,7.26,18.1,25.5,1.24
2026-06-04 14:08:00,348.5,7.37,17.7,25.9,1.15
2026-06-04 14:09:00,343.1,7.32,18.0,25.4,1.17
2026-06-04 14:10:00,364.6,7.43,17.5,25.8,1.24
2026-06-04 14:11:00,340.9,7.42,17.8,25.8,1.22
2026-06-04 14:12:00,353.8,7.44,17.8,25.7,1.19
2026-06-04 14:13:00,345.1,7.42,17.6,25.6,1.24
2026-06-04 14:14:00,368.2,7.33,18.1,26.1,1.21
2026-06-04 14:15:00,387.0,7.36,17.7,25.9,1.21
2026-06-04 14:16:00,340.5,7.48,17.7,25.8,1.21
2026-06-04 14:17:00,332.2,7.5,18.1,25.4,1.21
2026-06-04 14:18:00,358.1,7.28,17.9,25.9,1.22
2026-06-04 14:19:00,360.2,7.24,18.0,26.4,1.27
2026-06-04 14:20:00,363.3,7.32,17.5,26.4,1.19
2026-06-04 14:21:00,353.3,7.49,17.7,26.1,1.2
2026-06-04 14:22:00,357.0,7.51,18.3,25.9,1.16
2026-06-04 14:23:00,365.5,7.3,18.0,26.2,1.2
2026-06-04 14:24:00,375.6,7.42,17.7,25.7,1.26
2026-06-04 14:25:00,330.7,7.57,17.9,25.9,1.23
2026-06-04 14:26:00,354.5,7.43,17.7,25.7,1.18
2026-06-04 14:27:00,363.2,7.53,18.2,26.3,1.2
2026-06-04 14:28:00,346.2,7.49,17.4,26.3,1.16
2026-06-04 14:29:00,386.0,7.3,17.9,25.9,1.17
2026-06-04 14:30:00,350.5,7.37,17.9,26.6,1.2
2026-06-04 14:31:00,359.4,7.39,17.7,26.1,1.19
2026-06-04 14:32:00,368.3,7.4,17.8,26.1,1.17
2026-06-04 14:33:00,351.1,7.48,18.0,26.0,1.21
2026-06-04 14:34:00,332.3,7.43,17.5,25.4,1.2
2026-06-04 14:35:00,353.6,7.1,17.6,25.6,1.15
2026-06-04 14:36:00,375.4,7.26,17.9,25.9,1.14
2026-06-04 14:37:00,354.9,7.17,17.7,25.9,1.18
2026-06-04 14:38:00,347.3,7.41,17.8,26.2,1.15
2026-06-04 14:39:00,373.9,7.41,17.9,25.7,1.14
2026-06-04 14:40:00,355.0,7.42,17.7,26.0,1.23
2026-06-04 14:41:00,352.3,7.29,17.9,26.0,1.2
2026-06-04 14:42:00,362.2,7.46,18.0,26.0,1.19
2026-06-04 14:43:00,371.6,7.46,18.1,25.9,1.19
2026-06-04 14:44:00,395.7,7.26,17.7,25.3,1.17
2026-06-04 14:45:00,372.4,7.24,17.8,25.0,1.21
2026-06-04 14:46:00,377.4,7.39,18.0,25.5,1.2
2026-06-04 14:47:00,352.4,7.57,17.6,25.7,1.18
2026-06-04 14:48:00,344.6,7.56,17.9,25.4,1.18
2026-06-04 14:49:00,360.9,7.45,17.9,25.9,1.16
2026-06-04 14:50:00,361.6,7.32,17.4,26.3,1.19
2026-06-04 14:51:00,343.8,7.48,17.8,26.2,1.19
2026-06-04 14:52:00,357.4,7.34,18.0,26.1,1.19
2026-06-04 14:53:00,366.0,7.31,17.9,26.3,1.2
2026-06-04 14:54:00,365.4,7.18,17.8,25.5,1.2
2026-06-04 14:55:00,367.6,7.4,18.0,25.7,1.21
2026-06-04 14:56:00,364.4,7.33,18.1,26.1,1.23
2026-06-04 14:57:00,352.4,7.4,18.1,25.7,1.22
2026-06-04 14:58:00,352.3,7.16,17.8,25.7,1.23
2026-06-04 14:59:00,342.0,7.41,17.7,26.6,1.17
2026-06-04 15:00:00,386.8,7.15,18.1,25.9,1.18
2026-06-04 15:01:00,360.2,7.5,17.7,26.5,1.22
2026-06-04 15:02:00,356.6,7.44,17.8,25.1,1.22
2026-06-04 15:03:00,346.1,7.36,18.0,25.6,1.18
2026-06-04 15:04:00,404.0,7.45,18.2,26.0,1.22
2026-06-04 15:05:00,343.9,7.29,18.2,25.8,1.17
2026-06-04 15:06:00,353.6,7.4,18.0,25.0,1.21
2026-06-04 15:07:00,366.2,7.47,17.9,25.7,1.2
2026-06-04 15:08:00,369.0,7.08,17.7,26.8,1.16
2026-06-04 15:09:00,374.4,7.35,18.4,25.9,1.19
2026-06-04 15:10:00,387.1,7.39,17.9,26.0,1.27
2026-06-04 15:11:00,367.6,7.37,18.1,25.5,1.21
2026-06-04 15:12:00,344.2,7.54,18.0,25.9,1.27
2026-06-04 15:13:00,356.1,7.28,17.9,25.7,1.16
2026-06-04 15:14:00,364.6,7.33,17.9,26.2,1.22
2026-06-04 15:15:00,391.0,7.2,17.7,26.2,1.12
2026-06-04 15:16:00,339.0,7.54,18.2,25.9,1.2
2026-06-04 15:17:00,378.0,7.37,17.9,25.7,1.22
2026-06-04 15:18:00,362.7,7.35,18.3,25.0,1.23
2026-06-04 15:19:00,372.6,7.38,17.9,25.0,1.18
2026-06-04 15:20:00,358.5,7.45,17.9,25.7,1.23
2026-06-04 15:21:00,347.4,7.42,17.8,26.0,1.18
2026-06-04 15:22:00,371.3,7.65,17.9,26.2,1.2
2026-06-04 15:23:00,369.8,7.44,17.7,25.3,1.19
2026-06-04 15:24:00,374.6,7.34,18.1,25.1,1.17
2026-06-04 15:25:00,359.8,7.33,18.0,26.0,1.25
2026-06-04 15:26:00,351.0,7.35,18.3,25.3,1.2
2026-06-04 15:27:00,336.6,7.24,17.7,25.0,1.23
2026-06-04 15:28:00,372.3,7.39,18.2,25.4,1.23
2026-06-04 15:29:00,366.4,7.47,17.8,25.4,1.17
2026-06-04 15:30:00,345.5,7.33,18.1,26.1,1.24
2026-06-04 15:31:00,351.9,7.31,17.8,26.0,1.22
2026-06-04 15:32:00,353.0,7.54,18.0,25.3,1.17
2026-06-04 15:33:00,337.8,7.25,17.5,26.2,1.21
2026-06-04 15:34:00,347.7,7.18,17.9,25.6,1.17
2026-06-04 15:35:00,343.0,7.27,18.0,26.0,1.25
2026-06-04 15:36:00,353.8,7.24,18.3,26.1,1.22
2026-06-04 15:37:00,348.9,7.43,17.6,25.5,1.2
2026-06-04 15:38:00,335.6,7.35,18.0,25.8,1.24
2026-06-04 15:39:00,390.3,7.37,17.9,25.4,1.15
2026-06-04 15:40:00,378.8,7.51,17.6,25.9,1.18
2026-06-04 15:41:00,348.3,7.32,17.8,25.6,1.19
2026-06-04 15:42:00,364.1,7.47,17.9,25.9,1.27
2026-06-04 15:43:00,366.3,7.54,18.1,26.1,1.17
2026-06-04 15:44:00,377.9,7.34,18.0,25.7,1.15
2026-06-04 15:45:00,347.7,7.46,17.7,25.4,1.16
2026-06-04 15:46:00,376.4,7.37,17.6,25.4,1.23
2026-06-04 15:47:00,351.8,7.48,18.1,24.3,1.18
2026-06-04 15:48:00,340.0,7.23,18.0,25.2,1.2
2026-06-04 15:49:00,370.9,7.23,18.3,25.8,1.22
2026-06-04 15:50:00,379.4,7.35,17.9,25.8,1.2
2026-06-04 15:51:00,398.8,7.3,18.2,25.1,1.21
2026-06-04 15:52:00,342.0,7.34,18.1,25.5,1.22
2026-06-04 15:53:00,370.5,7.37,18.2,25.3,1.19
2026-06-04 15:54:00,353.9,7.46,18.1,25.7,1.2
2026-06-04 15:55:00,371.8,7.35,18.1,26.3,1.21
2026-06-04 15:56:00,337.9,7.31,17.5,25.7,1.23
2026-06-04 15:57:00,341.1,7.35,18.0,25.1,1.18
2026-06-04 15:58:00,348.4,7.31,17.9,25.3,1.11
2026-06-04 15:59:00,361.2,7.3,18.3,25.9,1.22
2026-06-04 16:00:00,350.4,7.23,17.8,24.8,1.23
2026-06-04 16:01:00,369.9,7.4,17.9,25.1,1.21
2026-06-04 16:02:00,375.4,7.33,18.2,25.6,1.21
2026-06-04 16:03:00,369.0,7.49,18.1,25.8,1.18
2026-06-04 16:04:00,384.3,7.25,18.0,25.5,1.22
2026-06-04 16:05:00,366.2,7.34,18.2,25.0,1.23
2026-06-04 16:06:00,341.7,7.57,18.1,25.5,1.2
2026-06-04 16:07:00,380.5,7.3,17.9,25.4,1.27
2026-06-04 16:08:00,350.9,7.37,17.7,25.4,1.15
2026-06-04 16:09:00,373.7,7.27,18.1,25.2,1.2
2026-06-04 16:10:00,383.6,7.26,17.8,25.2,1.16
2026-06-04 16:11:00,366.9,7.54,18.0,24.8,1.23
2026-06-04 16:12:00,337.6,7.41,18.2,26.2,1.15
2026-06-04 16:13:00,346.2,7.4,18.0,25.2,1.16
2026-06-04 16:14:00,379.8,7.22,17.9,25.4,1.18
2026-06-04 16:15:00,357.5,7.43,17.9,25.1,1.21
2026-06-04 16:16:00,361.2,7.51,17.9,25.5,1.18
2026-06-04 16:17:00,371.4,7.5,17.8,24.6,1.18
2026-06-04 16:18:00,370.4,7.46,18.3,24.4,1.19
2026-06-04 16:19:00,364.2,7.28,17.9,25.1,1.19
2026-06-04 16:20:00,356.9,7.42,18.2,25.9,1.24
2026-06-04 16:21:00,355.3,7.46,17.8,25.6,1.22
2026-06-04 16:22:00,372.9,7.21,18.1,24.7,1.19
2026-06-04 16:23:00,368.3,7.28,18.0,25.3,1.26
2026-06-04 16:24:00,356.1,7.48,18.0,24.8,1.21
2026-06-04 16:25:00,376.2,7.48,18.0,25.2,1.17
2026-06-04 16:26:00,358.1,7.24,18.1,25.2,1.21
2026-06-04 16:27:00,347.2,7.47,17.9,25.4,1.22
2026-06-04 16:28:00,348.6,7.4,18.0,24.4,1.18
2026-06-04 16:29:00,345.3,7.47,18.1,24.5,1.17
2026-06-04 16:30:00,355.9,7.33,17.8,24.9,1.2
2026-06-04 16:31:00,378.5,7.45,17.7,24.5,1.19
2026-06-04 16:32:00,347.9,7.47,18.0,24.5,1.24
2026-06-04 16:33:00,362.8,7.35,17.6,25.0,1.22
2026-06-04 16:34:00,350.1,7.39,17.6,24.5,1.18
2026-06-04 16:35:00,356.1,7.33,18.3,25.8,1.21
2026-06-04 16:36:00,337.3,7.56,18.3,24.7,1.24
2026-06-04 16:37:00,356.7,7.38,17.9,24.8,1.16
2026-06-04 16:38:00,357.1,7.3,18.2,25.0,1.17
2026-06-04 16:39:00,368.1,7.32,18.2,24.2,1.2
2026-06-04 16:40:00,363.3,7.4,18.1,25.0,1.2
2026-06-04 16:41:00,342.0,7.47,18.0,25.0,1.2
2026-06-04 16:42:00,376.3,7.26,18.1,24.7,1.19
2026-06-04 16:43:00,363.2,7.57,18.1,24.9,1.19
2026-06-04 16:44:00,363.0,7.42,18.1,24.9,1.21
2026-06-04 16:45:00,359.9,7.44,17.7,25.3,1.23
2026-06-04 16:46:00,352.2,7.38,18.4,25.7,1.19
2026-06-04 16:47:00,363.3,7.39,18.4,24.3,1.27
2026-06-04 16:48:00,367.1,7.38,17.6,24.2,1.26
2026-06-04 16:49:00,333.8,7.49,18.1,24.7,1.24
2026-06-04 16:50:00,351.9,7.39,18.4,23.9,1.22
2026-06-04 16:51:00,356.2,7.47,18.2,24.9,1.26
2026-06-04 16:52:00,363.8,7.35,18.2,24.7,1.19
2026-06-04 16:53:00,377.9,7.41,17.7,24.8,1.18
2026-06-04 16:54:00,348.4,7.31,18.1,24.5,1.18
2026-06-04 16:55:00,352.5,7.51,18.0,24.7,1.17
2026-06-04 16:56:00,352.3,7.31,18.1,24.8,1.2
2026-06-04 16:57:00,348.0,7.36,17.7,24.7,1.21
2026-06-04 16:58:00,354.8,7.36,17.7,24.0,1.21
2026-06-04 16:59:00,371.6,7.35,17.9,24.6,1.2
2026-06-04 17:00:00,344.2,7.46,17.9,25.3,1.2
2026-06-04 17:01:00,366.4,7.36,17.9,24.6,1.25
2026-06-04 17:02:00,334.5,7.53,17.8,24.6,1.22
2026-06-04 17:03:00,351.6,7.31,17.9,25.1,1.23
2026-06-04 17:04:00,355.1,7.41,17.8,24.2,1.21
2026-06-04 17:05:00,385.1,7.31,17.9,24.8,1.15
2026-06-04 17:06:00,355.9,7.43,17.7,24.2,1.15
2026-06-04 17:07:00,327.0,7.39,18.0,24.9,1.26
2026-06-04 17:08:00,330.0,7.37,18.0,24.7,1.18
2026-06-04 17:09:00,360.5,7.51,17.7,24.2,1.18
2026-06-04 17:10:00,369.2,7.32,18.2,24.3,1.21
2026-06-04 17:11:00,365.6,7.45,17.8,24.8,1.22
2026-06-04 17:12:00,362.5,7.31,18.2,23.6,1.22
2026-06-04 17:13:00,377.4,7.4,18.0,24.2,1.25
2026-06-04 17:14:00,351.9,7.27,18.1,24.6,1.25
2026-06-04 17:15:00,373.4,7.32,18.0,24.2,1.18
2026-06-04 17:16:00,335.5,7.38,18.0,24.3,1.23
2026-06-04 17:17:00,346.4,7.57,18.1,23.4,1.19
2026-06-04 17:18:00,332.9,7.4,18.3,23.9,1.2
2026-06-04 17:19:00,355.9,7.56,18.1,24.5,1.17
2026-06-04 17:20:00,359.3,7.41,18.0,23.9,1.15
2026-06-04 17:21:00,361.7,7.35,17.6,23.7,1.2
2026-06-04 17:22:00,360.9,7.54,17.4,24.6,1.17
2026-06-04 17:23:00,346.1,7.43,17.9,24.4,1.23
2026-06-04 17:24:00,357.1,7.33,17.8,23.7,1.19
2026-06-04 17:25:00,337.5,7.44,17.8,24.2,1.21
2026-06-04 17:26:00,380.4,7.36,17.9,23.7,1.24
2026-06-04 17:27:00,355.4,7.19,18.0,24.0,1.16
2026-06-04 17:28:00,352.7,7.48,17.8,24.1,1.18
2026-06-04 17:29:00,383.8,7.5,18.1,23.7,1.21
2026-06-04 17:30:00,341.4,7.57,17.9,24.3,1.21
2026-06-04 17:31:00,343.1,7.43,17.9,24.4,1.23
2026-06-04 17:32:00,343.6,7.37,18.3,24.1,1.23
2026-06-04 17:33:00,359.0,7.47,17.9,24.2,1.2
2026-06-04 17:34:00,366.5,7.47,17.9,23.4,1.21
2026-06-04 17:35:00,371.1,7.55,18.0,24.5,1.21
2026-06-04 17:36:00,398.6,7.39,18.2,23.9,1.16
2026-06-04 17:37:00,326.3,7.37,17.9,23.5,1.2
2026-06-04 17:38:00,369.1,7.32,18.0,24.0,1.21
2026-06-04 17:39:00,351.6,7.44,17.8,24.2,1.21
2026-06-04 17:40:00,351.2,7.24,17.8,24.1,1.17
2026-06-04 17:41:00,350.7,7.47,17.8,23.4,1.16
2026-06-04 17:42:00,346.4,7.45,17.7,24.1,1.19
2026-06-04 17:43:00,385.3,7.45,18.2,23.8,1.26
2026-06-04 17:44:00,372.6,7.4,17.7,24.0,1.18
2026-06-04 17:45:00,360.3,7.54,17.5,23.5,1.24
2026-06-04 17:46:00,380.3,7.48,17.9,24.2,1.25
2026-06-04 17:47:00,337.3,7.33,18.0,23.8,1.2
2026-06-04 17:48:00,340.0,7.33,18.1,24.2,1.18
2026-06-04 17:49:00,327.3,7.3,17.6,23.1,1.22
2026-06-04 17:50:00,349.5,7.45,18.1,23.1,1.21
2026-06-04 17:51:00,362.4,7.29,18.2,23.6,1.17
2026-06-04 17:52:00,361.5,7.5,17.7,24.2,1.18
2026-06-04 17:53:00,362.2,7.52,17.8,24.4,1.21
2026-06-04 17:54:00,338.8,7.3,17.6,23.3,1.23
2026-06-04 17:55:00,372.0,7.37,18.2,23.6,1.19
2026-06-04 17:56:00,363.6,7.39,17.5,23.6,1.2
2026-06-04 17:57:00,371.0,7.48,17.7,23.8,1.22
2026-06-04 17:58:00,331.6,7.55,18.0,23.9,1.19
2026-06-04 17:59:00,364.7,7.22,17.7,23.1,1.19
2026-06-04 18:00:00,342.2,7.36,17.6,23.5,1.18
2026-06-04 18:01:00,354.0,7.36,17.8,22.7,1.18
2026-06-04 18:02:00,368.0,7.25,18.3,23.8,1.28
2026-06-04 18:03:00,361.4,7.34,17.7,23.3,1.19
2026-06-04 18:04:00,347.2,7.43,17.7,22.9,1.24
2026-06-04 18:05:00,360.1,7.36,17.6,23.5,1.25
2026-06-04 18:06:00,337.0,7.24,17.9,23.2,1.19
2026-06-04 18:07:00,377.3,7.68,18.0,23.9,1.21
2026-06-04 18:08:00,356.9,7.42,17.7,23.0,1.2
2026-06-04 18:09:00,376.8,7.4,17.9,24.2,1.15
2026-06-04 18:10:00,352.1,7.28,17.6,23.7,1.15
2026-06-04 18:11:00,352.1,7.42,17.4,23.8,1.2
2026-06-04 18:12:00,348.5,7.37,17.8,22.9,1.19
2026-06-04 18:13:00,373.1,7.2,18.2,24.0,1.26
2026-06-04 18:14:00,349.4,7.28,17.5,22.7,1.19
2026-06-04 18:15:00,369.7,7.47,17.8,23.1,1.26
2026-06-04 18:16:00,354.3,7.58,18.0,23.7,1.19
2026-06-04 18:17:00,330.4,7.43,17.7,23.4,1.26
2026-06-04 18:18:00,351.4,7.5,17.5,22.7,1.22
2026-06-04 18:19:00,342.3,7.37,17.7,23.6,1.22
2026-06-04 18:20:00,360.5,7.38,18.0,23.2,1.18
2026-06-04 18:21:00,342.1,7.5,17.6,22.9,1.22
2026-06-04 18:22:00,373.9,7.56,17.8,22.5,1.25
2026-06-04 18:23:00,358.6,7.52,17.5,23.2,1.2
2026-06-04 18:24:00,357.3,7.28,17.7,23.0,1.19
2026-06-04 18:25:00,369.8,7.38,17.8,23.1,1.19
2026-06-04 18:26:00,374.5,7.42,17.7,22.4,1.25
2026-06-04 18:27:00,359.7,7.36,17.6,22.8,1.23
2026-06-04 18:28:00,348.4,7.43,17.8,23.1,1.24
2026-06-04 18:29:00,333.4,7.47,17.8,23.7,1.21
2026-06-04 18:30:00,349.7,7.49,17.8,22.8,1.2
2026-06-04 18:31:00,350.7,7.56,17.6,23.5,1.21
2026-06-04 18:32:00,361.6,7.36,17.6,23.2,1.23
2026-06-04 18:33:00,354.8,7.25,18.1,22.9,1.19
2026-06-04 18:34:00,370.3,7.43,17.7,22.4,1.24
2026-06-04 18:35:00,350.8,7.58,17.6,22.4,1.21
2026-06-04 18:36:00,359.1,7.34,17.4,23.0,1.13
2026-06-04 18:37:00,377.8,7.46,17.5,22.6,1.23
2026-06-04 18:38:00,365.1,7.46,17.5,22.5,1.16
2026-06-04 18:39:00,359.1,7.41,17.7,22.7,1.23
2026-06-04 18:40:00,351.0,7.39,17.6,22.6,1.23
2026-06-04 18:41:00,350.5,7.3,17.6,23.0,1.21
2026-06-04 18:42:00,347.2,7.16,17.4,22.5,1.22
2026-06-04 18:43:00,351.9,7.28,17.9,23.0,1.23
2026-06-04 18:44:00,371.3,7.35,17.5,22.8,1.19
2026-06-04 18:45:00,356.7,7.5,17.7,21.9,1.22
2026-06-04 18:46:00,339.8,7.38,17.5,22.7,1.23
2026-06-04 18:47:00,386.5,7.34,17.6,21.5,1.25
2026-06-04 18:48:00,364.8,7.3,17.5,22.2,1.17
2026-06-04 18:49:00,338.9,7.46,17.7,22.7,1.21
2026-06-04 18:50:00,353.4,7.53,17.4,22.5,1.17
2026-06-04 18:51:00,361.7,7.5,17.7,21.8,1.17
2026-06-04 18:52:00,385.6,7.45,17.6,22.0,1.21
2026-06-04 18:53:00,343.4,7.24,17.7,21.4,1.2
2026-06-04 18:54:00,374.6,7.35,17.7,21.9,1.23
2026-06-04 18:55:00,381.0,7.58,17.5,22.6,1.19
2026-06-04 18:56:00,350.6,7.5,17.7,22.2,1.2
2026-06-04 18:57:00,355.8,7.24,17.5,22.4,1.21
2026-06-04 18:58:00,344.5,7.38,17.8,22.3,1.17
2026-06-04 18:59:00,356.9,7.43,17.5,22.3,1.18
2026-06-04 19:00:00,359.5,7.31,17.5,22.7,1.23
2026-06-04 19:01:00,369.9,7.16,17.5,22.2,1.18
2026-06-04 19:02:00,376.4,7.4,17.4,22.6,1.24
2026-06-04 19:03:00,348.8,7.31,18.0,21.2,1.22
2026-06-04 19:04:00,330.5,7.31,17.6,22.7,1.15
2026-06-04 19:05:00,359.7,7.35,17.6,21.7,1.22
2026-06-04 19:06:00,364.4,7.38,17.4,21.7,1.22
2026-06-04 19:07:00,363.7,7.39,17.8,21.9,1.21
2026-06-04 19:08:00,355.1,7.3,17.4,22.6,1.2
2026-06-04 19:09:00,361.9,7.37,17.5,21.7,1.17
2026-06-04 19:10:00,382.7,7.21,18.0,21.8,1.24
2026-06-04 19:11:00,365.7,7.42,17.3,21.7,1.2
2026-06-04 19:12:00,354.4,7.1,17.6,22.1,1.17
2026-06-04 19:13:00,352.5,7.36,17.6,22.3,1.21
2026-06-04 19:14:00,357.5,7.48,17.6,22.7,1.18
2026-06-04 19:15:00,384.6,7.28,17.4,22.9,1.17
2026-06-04 19:16:00,357.3,7.46,17.4,22.2,1.19
2026-06-04 19:17:00,359.7,7.51,17.5,22.1,1.18
2026-06-04 19:18:00,352.8,7.06,17.4,21.4,1.17
2026-06-04 19:19:00,376.5,7.37,17.0,22.7,1.22
2026-06-04 19:20:00,389.4,7.1,17.3,22.0,1.2
2026-06-04 19:21:00,366.8,7.38,17.4,21.7,1.24
2026-06-04 19:22:00,361.2,7.39,17.2,22.0,1.17
2026-06-04 19:23:00,360.6,7.14,17.5,21.5,1.15
2026-06-04 19:24:00,324.2,7.58,17.3,20.8,1.2
2026-06-04 19:25:00,371.2,7.42,17.4,22.0,1.26
2026-06-04 19:26:00,362.0,7.31,17.9,22.3,1.22
2026-06-04 19:27:00,366.4,7.54,17.7,21.9,1.3
2026-06-04 19:28:00,349.3,7.21,17.5,21.7,1.21
2026-06-04 19:29:00,354.2,7.27,17.8,21.7,1.21
2026-06-04 19:30:00,353.8,7.16,17.4,21.7,1.14
2026-06-04 19:31:00,375.3,7.57,17.4,21.7,1.21
2026-06-04 19:32:00,354.3,7.42,17.2,21.6,1.21
2026-06-04 19:33:00,391.2,7.46,17.7,21.6,1.19
2026-06-04 19:34:00,366.5,7.42,17.8,22.2,1.2
2026-06-04 19:35:00,340.9,7.45,17.6,21.7,1.2
2026-06-04 19:36:00,358.1,7.4,17.7,21.6,1.19
2026-06-04 19:37:00,350.2,7.42,16.8,21.8,1.26
2026-06-04 19:38:00,327.1,7.4,17.8,21.7,1.19
2026-06-04 19:39:00,384.0,7.33,17.3,21.8,1.21
2026-06-04 19:40:00,370.5,7.39,17.8,21.1,1.19
2026-06-04 19:41:00,368.0,7.42,17.7,21.2,1.22
2026-06-04 19:42:00,362.5,7.4,17.5,21.1,1.21
2026-06-04 19:43:00,339.3,7.24,17.3,21.7,1.19
2026-06-04 19:44:00,352.7,7.26,17.4,21.6,1.14
2026-06-04 19:45:00,372.6,7.5,17.0,20.8,1.21
2026-06-04 19:46:00,344.2,7.36,17.5,21.5,1.19
2026-06-04 19:47:00,322.0,7.45,16.8,21.8,1.2
2026-06-04 19:48:00,356.6,7.28,17.3,21.2,1.16
2026-06-04 19:49:00,357.9,7.24,17.6,21.4,1.24
2026-06-04 19:50:00,362.0,7.31,17.5,21.5,1.23
2026-06-04 19:51:00,370.9,7.37,17.0,20.7,1.24
2026-06-04 19:52:00,369.6,7.32,17.0,21.2,1.23
2026-06-04 19:53:00,363.9,7.52,17.2,21.7,1.22
2026-06-04 19:54:00,377.9,7.41,17.3,20.9,1.17
2026-06-04 19:55:00,337.2,7.57,17.5,21.4,1.26
2026-06-04 19:56:00,367.6,7.43,17.4,21.1,1.17
2026-06-04 19:57:00,369.4,7.15,17.1,20.8,1.19
2026-06-04 19:58:00,341.4,7.5,17.4,21.0,1.22
2026-06-04 19:59:00,337.5,7.24,17.4,20.8,1.22
2026-06-04 20:00:00,348.8,7.41,17.3,20.6,1.22
2026-06-04 20:01:00,350.1,7.31,17.7,20.9,1.19
2026-06-04 20:02:00,371.3,7.6,17.4,21.0,1.18
2026-06-04 20:03:00,350.8,7.53,17.4,20.9,1.28
2026-06-04 20:04:00,347.2,7.32,17.6,20.8,1.2
2026-06-04 20:05:00,350.8,7.38,17.4,21.0,1.2
2026-06-04 20:06:00,376.8,7.41,17.1,21.1,1.18
2026-06-04 20:07:00,360.2,7.48,17.5,20.4,1.21
2026-06-04 20:08:00,357.3,7.39,17.1,20.7,1.21
2026-06-04 20:09:00,358.3,7.29,17.0,20.0,1.2
2026-06-04 20:10:00,379.4,7.32,17.0,20.7,1.21
2026-06-04 20:11:00,348.8,7.39,17.4,20.8,1.25
2026-06-04 20:12:00,379.7,7.51,17.3,21.0,1.18
2026-06-04 20:13:00,363.2,7.43,17.4,20.8,1.2
2026-06-04 20:14:00,357.6,7.31,17.3,20.9,1.18
2026-06-04 20:15:00,397.5,7.45,17.2,20.7,1.21
2026-06-04 20:16:00,344.2,7.35,17.2,20.4,1.18
2026-06-04 20:17:00,354.7,7.48,17.3,20.2,1.18
2026-06-04 20:18:00,341.5,7.64,17.0,20.5,1.16
2026-06-04 20:19:00,374.3,7.35,16.9,20.3,1.2
2026-06-04 20:20:00,385.3,7.47,17.0,20.5,1.21
2026-06-04 20:21:00,385.0,7.32,17.2,20.3,1.26
2026-06-04 20:22:00,378.4,7.38,17.0,20.7,1.21
2026-06-04 20:23:00,357.0,7.39,17.5,20.5,1.19
2026-06-04 20:24:00,354.5,7.37,17.2,20.7,1.16
2026-06-04 20:25:00,334.9,7.64,17.1,20.6,1.16
2026-06-04 20:26:00,390.5,7.36,17.0,20.4,1.16
2026-06-04 20:27:00,367.0,7.45,17.3,20.4,1.26
2026-06-04 20:28:00,352.6,7.2,16.8,20.6,1.21
2026-06-04 20:29:00,379.9,7.43,17.1,21.3,1.18
2026-06-04 20:30:00,345.4,7.5,17.0,20.0,1.17
2026-06-04 20:31:00,366.1,7.34,17.1,20.3,1.17
2026-06-04 20:32:00,357.4,7.14,17.2,19.8,1.18
2026-06-04 20:33:00,369.6,7.39,16.8,20.3,1.24
2026-06-04 20:34:00,359.0,7.39,16.7,20.0,1.2
2026-06-04 20:35:00,338.2,7.46,16.9,20.2,1.16
2026-06-04 20:36:00,361.1,7.59,17.2,20.3,1.27
2026-06-04 20:37:00,375.7,7.35,17.1,20.0,1.17
2026-06-04 20:38:00,359.6,7.3,16.9,19.5,1.18
2026-06-04 20:39:00,371.6,7.27,17.4,20.7,1.24
2026-06-04 20:40:00,344.3,7.41,17.3,20.5,1.21
2026-06-04 20:41:00,359.6,7.44,17.2,20.1,1.19
2026-06-04 20:42:00,350.6,7.34,16.9,19.7,1.16
2026-06-04 20:43:00,371.2,7.47,17.2,20.1,1.17
2026-06-04 20:44:00,360.5,7.44,17.1,20.2,1.17
2026-06-04 20:45:00,370.4,7.39,16.8,20.3,1.2
2026-06-04 20:46:00,376.3,7.3,17.0,20.3,1.21
2026-06-04 20:47:00,370.4,7.34,16.8,20.4,1.2
2026-06-04 20:48:00,364.1,7.15,16.8,19.3,1.2
2026-06-04 20:49:00,345.0,7.41,16.7,19.8,1.17
2026-06-04 20:50:00,360.0,7.39,17.1,20.3,1.21
2026-06-04 20:51:00,352.0,7.41,16.9,19.5,1.24
2026-06-04 20:52:00,354.8,7.44,16.8,20.4,1.2
2026-06-04 20:53:00,354.4,7.43,17.0,20.6,1.19
2026-06-04 20:54:00,345.3,7.38,16.9,20.3,1.2
2026-06-04 20:55:00,330.6,7.39,17.1,20.1,1.23
2026-06-04 20:56:00,350.0,7.25,16.9,19.6,1.17
2026-06-04 20:57:00,362.9,7.33,16.6,19.9,1.24
2026-06-04 20:58:00,339.8,7.4,16.8,19.2,1.21
2026-06-04 20:59:00,360.2,7.32,16.7,19.4,1.2
2026-06-04 21:00:00,388.5,7.48,17.0,19.4,1.24
2026-06-04 21:01:00,375.3,7.32,17.1,19.7,1.16
2026-06-04 21:02:00,384.7,7.41,16.6,19.5,1.22
2026-06-04 21:03:00,365.9,7.4,16.8,19.7,1.21
2026-06-04 21:04:00,377.5,7.46,17.1,20.0,1.17
2026-06-04 21:05:00,349.1,7.48,16.5,19.3,1.21
2026-06-04 21:06:00,350.3,7.46,16.8,19.6,1.21
2026-06-04 21:07:00,318.9,7.18,16.8,19.4,1.19
2026-06-04 21:08:00,377.8,7.51,17.1,19.6,1.23
2026-06-04 21:09:00,383.1,7.54,16.9,19.8,1.18
2026-06-04 21:10:00,351.7,7.34,17.0,19.9,1.21
2026-06-04 21:11:00,356.2,7.41,16.9,19.7,1.2
2026-06-04 21:12:00,348.7,7.3,16.7,19.6,1.18
2026-06-04 21:13:00,365.7,7.2,17.1,18.9,1.22
2026-06-04 21:14:00,376.9,7.32,16.7,19.0,1.19
2026-06-04 21:15:00,333.9,7.34,16.2,19.1,1.16
2026-06-04 21:16:00,366.1,7.35,16.4,19.5,1.15
2026-06-04 21:17:00,355.8,7.29,16.8,18.8,1.22
2026-06-04 21:18:00,361.7,7.32,16.7,19.5,1.16
2026-06-04 21:19:00,366.9,7.39,16.7,19.4,1.21
2026-06-04 21:20:00,357.2,7.31,16.8,18.5,1.2
2026-06-04 21:21:00,358.4,7.44,17.0,18.8,1.19
2026-06-04 21:22:00,356.8,7.46,16.8,19.7,1.26
2026-06-04 21:23:00,374.6,7.63,16.9,19.5,1.21
2026-06-04 21:24:00,366.3,7.5,16.5,18.9,1.22
2026-06-04 21:25:00,363.3,7.41,16.6,18.8,1.21
2026-06-04 21:26:00,340.9,7.33,16.9,18.2,1.19
2026-06-04 21:27:00,354.3,7.42,16.7,19.7,1.2
2026-06-04 21:28:00,373.5,7.42,16.8,19.1,1.24
2026-06-04 21:29:00,360.6,7.34,16.8,19.9,1.23
2026-06-04 21:30:00,369.9,7.47,16.7,19.0,1.26
2026-06-04 21:31:00,386.5,7.25,17.0,19.2,1.21
2026-06-04 21:32:00,375.6,7.37,16.6,19.4,1.17
2026-06-04 21:33:00,361.4,7.45,16.5,19.7,1.19
2026-06-04 21:34:00,352.3,7.36,16.3,19.2,1.16
2026-06-04 21:35:00,321.7,7.37,16.8,19.0,1.22
2026-06-04 21:36:00,357.5,7.38,16.5,19.0,1.18
2026-06-04 21:37:00,355.1,7.31,16.9,18.5,1.11
2026-06-04 21:38:00,365.9,7.51,16.7,18.8,1.27
2026-06-04 21:39:00,357.7,7.29,16.6,18.9,1.18
2026-06-04 21:40:00,355.2,7.42,16.4,19.4,1.18
2026-06-04 21:41:00,333.3,7.43,16.8,18.7,1.25
2026-06-04 21:42:00,345.9,7.3,16.6,19.3,1.16
2026-06-04 21:43:00,367.1,7.4,16.7,18.8,1.23
2026-06-04 21:44:00,385.7,7.3,16.7,19.3,1.18
2026-06-04 21:45:00,358.5,7.53,16.7,19.1,1.16
2026-06-04 21:46:00,364.9,7.28,16.4,19.0,1.25
2026-06-04 21:47:00,374.3,7.32,16.7,19.1,1.23
2026-06-04 21:48:00,347.8,7.27,16.7,19.1,1.23
2026-06-04 21:49:00,365.5,7.25,16.6,19.1,1.21
2026-06-04 21:50:00,348.9,7.55,16.7,19.5,1.22
2026-06-04 21:51:00,373.0,7.44,16.7,19.3,1.16
2026-06-04 21:52:00,362.3,7.4,16.5,18.8,1.2
2026-06-04 21:53:00,364.5,7.32,16.5,18.5,1.17
2026-06-04 21:54:00,348.3,7.48,17.0,18.8,1.16
2026-06-04 21:55:00,370.6,7.31,16.8,17.8,1.21
2026-06-04 21:56:00,391.3,7.47,16.5,18.9,1.23
2026-06-04 21:57:00,344.9,7.3,16.7,18.1,1.19
2026-06-04 21:58:00,354.9,7.33,16.3,19.0,1.19
2026-06-04 21:59:00,363.5,7.47,16.4,19.3,1.17
2026-06-04 22:00:00,371.8,7.48,16.3,17.9,1.2
2026-06-04 22:01:00,351.6,7.45,16.6,18.5,1.22
2026-06-04 22:02:00,317.5,7.29,16.5,18.0,1.22
2026-06-04 22:03:00,380.4,7.35,16.7,17.8,1.22
2026-06-04 22:04:00,371.4,7.41,16.4,18.4,1.18
2026-06-04 22:05:00,333.9,7.31,16.7,18.7,1.18
2026-06-04 22:06:00,350.9,7.53,16.6,18.7,1.22
2026-06-04 22:07:00,383.5,7.15,16.9,18.4,1.22
2026-06-04 22:08:00,381.7,7.31,16.8,17.7,1.19
2026-06-04 22:09:00,374.1,7.34,16.7,18.4,1.19
2026-06-04 22:10:00,357.4,7.11,16.6,17.7,1.24
2026-06-04 22:11:00,361.2,7.25,16.2,17.7,1.19
2026-06-04 22:12:00,358.0,7.45,16.5,17.9,1.22
2026-06-04 22:13:00,376.9,7.39,16.9,18.7,1.2
2026-06-04 22:14:00,346.9,7.55,16.5,18.5,1.17
2026-06-04 22:15:00,347.9,7.54,16.2,18.4,1.25
2026-06-04 22:16:00,375.2,7.43,16.5,17.9,1.2
2026-06-04 22:17:00,359.3,7.42,16.2,18.0,1.18
2026-06-04 22:18:00,380.7,7.4,16.2,17.6,1.16
2026-06-04 22:19:00,349.9,7.12,16.5,18.7,1.16
2026-06-04 22:20:00,359.2,7.25,16.5,19.0,1.19
2026-06-04 22:21:00,346.2,7.4,16.2,18.3,1.26
2026-06-04 22:22:00,360.1,7.45,16.2,18.4,1.18
2026-06-04 22:23:00,337.8,7.42,16.1,18.0,1.24
2026-06-04 22:24:00,352.7,7.3,16.3,17.4,1.2
2026-06-04 22:25:00,338.5,7.48,15.9,17.7,1.16
2026-06-04 22:26:00,370.4,7.54,16.3,17.8,1.19
2026-06-04 22:27:00,370.7,7.48,16.3,17.9,1.16
2026-06-04 22:28:00,334.0,7.49,16.0,17.7,1.17
2026-06-04 22:29:00,380.0,7.33,16.1,18.0,1.17
2026-06-04 22:30:00,397.5,7.5,16.3,17.6,1.14
2026-06-04 22:31:00,360.7,7.4,16.3,18.8,1.25
2026-06-04 22:32:00,350.4,7.44,16.3,17.4,1.21
2026-06-04 22:33:00,402.4,7.43,16.3,18.3,1.18
2026-06-04 22:34:00,340.2,7.38,15.9,17.8,1.21
2026-06-04 22:35:00,360.3,7.3,16.4,18.1,1.17
2026-06-04 22:36:00,362.7,7.38,16.2,18.1,1.12
2026-06-04 22:37:00,380.2,7.49,16.1,17.9,1.29
2026-06-04 22:38:00,365.4,7.35,15.9,17.4,1.21
2026-06-04 22:39:00,352.5,7.48,16.2,17.7,1.18
2026-06-04 22:40:00,345.7,7.46,16.3,17.9,1.14
2026-06-04 22:41:00,354.9,7.36,16.3,17.8,1.16
2026-06-04 22:42:00,344.9,7.53,16.3,17.3,1.25
2026-06-04 22:43:00,360.7,7.35,16.2,18.3,1.25
2026-06-04 22:44:00,351.5,7.54,16.2,16.7,1.22
2026-06-04 22:45:00,337.6,7.43,16.0,17.6,1.17
2026-06-04 22:46:00,378.8,7.39,16.2,17.3,1.25
2026-06-04 22:47:00,352.5,7.3,16.1,17.7,1.21
2026-06-04 22:48:00,341.0,7.38,16.0,18.1,1.22
2026-06-04 22:49:00,357.5,7.37,16.3,17.1,1.21
2026-06-04 22:50:00,361.0,7.26,15.9,18.6,1.15
2026-06-04 22:51:00,333.8,7.37,16.3,17.7,1.16
2026-06-04 22:52:00,365.0,7.31,16.3,17.7,1.18
2026-06-04 22:53:00,344.3,7.45,16.1,17.0,1.22
2026-06-04 22:54:00,385.7,7.52,16.4,17.5,1.16
2026-06-04 22:55:00,367.9,7.27,16.0,17.9,1.19
2026-06-04 22:56:00,354.0,7.56,16.0,17.6,1.19
2026-06-04 22:57:00,348.8,7.38,15.9,17.6,1.22
2026-06-04 22:58:00,358.4,7.29,16.1,17.5,1.22
2026-06-04 22:59:00,369.2,7.47,15.9,16.9,1.17
2026-06-04 23:00:00,359.6,7.35,16.0,16.9,1.24
2026-06-04 23:01:00,356.7,7.38,16.1,17.9,1.17
2026-06-04 23:02:00,360.9,7.35,16.1,17.8,1.23
2026-06-04 23:03:00,350.9,7.31,16.3,17.8,1.18
2026-06-04 23:04:00,354.9,7.46,16.3,17.1,1.2
2026-06-04 23:05:00,328.7,7.36,16.2,17.3,1.21
2026-06-04 23:06:00,374.6,7.25,16.0,17.9,1.21
2026-06-04 23:07:00,364.5,7.45,16.0,16.9,1.22
2026-06-04 23:08:00,348.4,7.27,16.1,17.8,1.21
2026-06-04 23:09:00,388.5,7.27,15.9,17.1,1.22
2026-06-04 23:10:00,361.3,7.51,15.9,17.0,1.21
2026-06-04 23:11:00,344.5,7.27,16.0,17.3,1.16
2026-06-04 23:12:00,372.9,7.16,15.9,16.8,1.21
2026-06-04 23:13:00,366.0,7.45,15.9,16.5,1.18
2026-06-04 23:14:00,365.9,7.36,16.2,17.3,1.17
2026-06-04 23:15:00,353.6,7.37,15.7,17.5,1.19
2026-06-04 23:16:00,366.8,7.36,15.8,17.7,1.21
2026-06-04 23:17:00,356.1,7.41,16.3,17.5,1.21
2026-06-04 23:18:00,368.3,7.31,15.9,18.0,1.23
2026-06-04 23:19:00,331.4,7.54,16.3,17.7,1.24
2026-06-04 23:20:00,353.5,7.24,15.8,17.5,1.21
2026-06-04 23:21:00,385.8,7.43,16.0,17.3,1.22
2026-06-04 23:22:00,348.5,7.45,16.1,17.6,1.2
2026-06-04 23:23:00,350.9,7.31,15.8,16.2,1.22
2026-06-04 23:24:00,353.3,7.29,16.3,16.9,1.21
2026-06-04 23:25:00,341.8,7.49,15.9,16.4,1.2
2026-06-04 23:26:00,326.9,7.29,16.1,17.4,1.26
2026-06-04 23:27:00,356.5,7.33,15.8,16.8,1.18
2026-06-04 23:28:00,362.0,7.48,16.2,18.3,1.24
2026-06-04 23:29:00,359.2,7.39,16.0,16.8,1.16
2026-06-04 23:30:00,357.8,7.21,16.3,17.1,1.22
2026-06-04 23:31:00,360.6,7.56,16.2,16.9,1.24
2026-06-04 23:32:00,375.3,7.34,16.1,16.8,1.14
2026-06-04 23:33:00,357.1,7.35,15.7,16.5,1.2
2026-06-04 23:34:00,351.4,7.42,15.9,16.5,1.22
2026-06-04 23:35:00,355.8,7.45,15.8,16.1,1.21
2026-06-04 23:36:00,368.7,7.59,15.9,17.2,1.21
2026-06-04 23:37:00,381.2,7.22,15.9,16.8,1.2
2026-06-04 23:38:00,350.6,7.47,15.7,17.7,1.17
2026-06-04 23:39:00,361.5,7.46,15.8,16.4,1.27
2026-06-04 23:40:00,365.1,7.38,15.8,17.5,1.18
2026-06-04 23:41:00,345.1,7.47,15.7,17.5,1.21
2026-06-04 23:42:00,360.3,7.48,16.0,17.4,1.18
2026-06-04 23:43:00,338.0,7.25,15.9,17.0,1.13
2026-06-04 23:44:00,333.5,7.56,16.0,16.7,1.17
2026-06-04 23:45:00,365.5,7.23,15.9,17.4,1.16
2026-06-04 23:46:00,354.2,7.28,15.5,16.5,1.23
2026-06-04 23:47:00,363.0,7.36,15.7,16.9,1.18
2026-06-04 23:48:00,359.7,7.58,16.1,16.8,1.18
2026-06-04 23:49:00,345.4,7.36,16.0,16.4,1.17
2026-06-04 23:50:00,359.3,7.39,15.5,16.9,1.2
2026-06-04 23:51:00,341.5,7.53,15.9,17.1,1.18
2026-06-04 23:52:00,380.9,7.36,15.6,16.4,1.23
2026-06-04 23:53:00,339.7,7.27,15.4,16.9,1.21
2026-06-04 23:54:00,357.1,7.35,16.1,15.8,1.18
2026-06-04 23:55:00,344.4,7.53,15.8,16.3,1.23
2026-06-04 23:56:00,368.6,7.4,15.8,16.5,1.2
2026-06-04 23:57:00,355.0,7.58,15.5,16.8,1.2
2026-06-04 23:58:00,352.2,7.46,15.5,17.0,1.16
2026-06-04 23:59:00,372.8,7.33,15.4,16.7,1.2
2026-06-05 00:00:00,360.4,7.4,16.0,16.9,1.21
2026-06-05 00:01:00,367.7,7.3,15.4,16.6,1.24
2026-06-05 00:02:00,345.3,7.32,16.1,16.8,1.18
2026-06-05 00:03:00,338.9,7.84,15.5,16.8,1.27
2026-06-05 00:04:00,361.6,7.49,15.5,16.4,1.22
2026-06-05 00:05:00,355.2,7.48,15.7,16.5,1.15
2026-06-05 00:06:00,369.4,7.33,15.6,16.8,1.17
2026-06-05 00:07:00,358.8,7.55,15.7,17.3,1.24
2026-06-05 00:08:00,363.1,7.5,15.5,17.1,1.24
2026-06-05 00:09:00,335.6,7.58,15.6,16.1,1.2
2026-06-05 00:10:00,388.3,7.57,15.5,16.1,1.2
2026-06-05 00:11:00,357.5,7.24,15.9,16.3,1.17
2026-06-05 00:12:00,370.5,7.28,15.8,16.6,1.24
2026-06-05 00:13:00,347.5,7.29,15.7,16.6,1.17
2026-06-05 00:14:00,364.6,7.3,15.9,17.0,1.23
2026-06-05 00:15:00,340.5,7.42,15.7,17.0,1.24
2026-06-05 00:16:00,366.8,7.33,15.7,16.5,1.2
2026-06-05 00:17:00,354.7,7.6,15.6,16.4,1.23
2026-06-05 00:18:00,360.4,7.58,15.5,16.7,1.26
2026-06-05 00:19:00,370.5,7.39,15.5,16.9,1.21
2026-06-05 00:20:00,341.5,7.59,15.7,16.7,1.19
2026-06-05 00:21:00,349.7,7.54,15.8,16.3,1.2
2026-06-05 00:22:00,366.9,7.34,15.7,16.2,1.18
2026-06-05 00:23:00,391.5,7.19,15.7,16.0,1.18
2026-06-05 00:24:00,357.9,7.37,15.4,16.5,1.21
2026-06-05 00:25:00,368.9,7.33,15.7,16.7,1.2
2026-06-05 00:26:00,358.4,7.41,15.5,16.7,1.21
2026-06-05 00:27:00,389.1,7.4,15.6,16.9,1.16
2026-06-05 00:28:00,333.8,7.4,15.7,17.0,1.2
2026-06-05 00:29:00,361.4,7.44,15.4,15.8,1.23
2026-06-05 00:30:00,335.6,7.27,15.6,16.5,1.17
2026-06-05 00:31:00,322.4,7.43,15.6,16.5,1.2
2026-06-05 00:32:00,364.5,7.35,15.8,16.3,1.14
2026-06-05 00:33:00,362.1,7.41,15.5,16.0,1.16
2026-06-05 00:34:00,355.7,7.49,15.6,16.9,1.22
2026-06-05 00:35:00,358.4,7.27,15.6,16.1,1.19
2026-06-05 00:36:00,406.5,7.36,15.5,15.5,1.25
2026-06-05 00:37:00,356.1,7.38,15.4,16.3,1.21
2026-06-05 00:38:00,367.7,7.34,15.4,16.2,1.22
2026-06-05 00:39:00,350.3,7.48,15.5,17.1,1.17
2026-06-05 00:40:00,364.4,7.32,15.9,16.5,1.19
2026-06-05 00:41:00,356.4,7.33,15.5,16.2,1.18
2026-06-05 00:42:00,353.8,7.32,15.6,16.2,1.17
2026-06-05 00:43:00,387.3,7.5,15.5,16.2,1.22
2026-06-05 00:44:00,377.7,7.34,15.5,17.2,1.23
2026-06-05 00:45:00,362.1,7.44,15.5,16.5,1.21
2026-06-05 00:46:00,325.4,7.59,15.7,15.7,1.18
2026-06-05 00:47:00,354.6,7.38,15.5,16.2,1.21
2026-06-05 00:48:00,400.5,7.5,15.5,16.2,1.14
2026-06-05 00:49:00,356.5,7.56,15.4,15.8,1.24
2026-06-05 00:50:00,376.5,7.49,15.3,15.5,1.16
2026-06-05 00:51:00,381.6,7.39,15.7,16.5,1.17
2026-06-05 00:52:00,363.3,7.45,15.4,15.9,1.2
2026-06-05 00:53:00,347.4,7.26,15.8,16.7,1.21
2026-06-05 00:54:00,323.5,7.31,15.5,16.2,1.2
2026-06-05 00:55:00,370.3,7.33,15.7,16.0,1.17
2026-06-05 00:56:00,347.8,7.61,15.4,15.2,1.23
2026-06-05 00:57:00,362.6,7.31,15.3,16.7,1.15
2026-06-05 00:58:00,341.3,7.31,15.7,16.3,1.16
2026-06-05 00:59:00,356.0,7.29,15.3,16.0,1.2
2026-06-05 01:00:00,360.5,7.45,15.7,15.8,1.16
2026-06-05 01:01:00,364.0,7.4,15.6,16.8,1.24
2026-06-05 01:02:00,343.3,7.5,15.7,15.7,1.16
2026-06-05 01:03:00,378.0,7.46,15.2,16.0,1.25
2026-06-05 01:04:00,351.0,7.25,15.6,16.4,1.23
2026-06-05 01:05:00,334.9,7.31,15.3,16.7,1.24
2026-06-05 01:06:00,358.4,7.53,14.9,16.1,1.26
2026-06-05 01:07:00,360.5,7.37,15.6,15.8,1.2
2026-06-05 01:08:00,362.4,7.51,15.4,16.1,1.17
2026-06-05 01:09:00,380.4,7.38,15.6,16.5,1.2
2026-06-05 01:10:00,356.5,7.29,15.4,16.6,1.18
2026-06-05 01:11:00,358.2,7.36,15.4,15.6,1.18
2026-06-05 01:12:00,343.5,7.29,15.7,16.2,1.2
2026-06-05 01:13:00,372.3,7.33,15.4,15.5,1.19
2026-06-05 01:14:00,362.8,7.41,15.3,16.5,1.18
2026-06-05 01:15:00,353.7,7.44,15.4,16.3,1.19
2026-06-05 01:16:00,331.4,7.23,15.4,15.7,1.22
2026-06-05 01:17:00,381.7,7.39,14.8,16.7,1.23
2026-06-05 01:18:00,341.6,7.33,15.5,16.2,1.15
2026-06-05 01:19:00,351.1,7.33,15.6,16.2,1.19
2026-06-05 01:20:00,365.4,7.4,15.3,16.0,1.2
2026-06-05 01:21:00,342.1,7.33,15.3,16.1,1.16
2026-06-05 01:22:00,337.6,7.53,15.4,15.9,1.2
2026-06-05 01:23:00,328.1,7.51,15.7,15.8,1.2
2026-06-05 01:24:00,370.8,7.51,15.4,16.6,1.22
2026-06-05 01:25:00,351.8,7.34,15.4,15.9,1.2
2026-06-05 01:26:00,403.9,7.29,15.2,15.8,1.17
2026-06-05 01:27:00,345.1,7.4,15.1,16.0,1.26
2026-06-05 01:28:00,346.2,7.37,15.3,16.6,1.22
2026-06-05 01:29:00,351.5,7.33,15.3,16.5,1.22
2026-06-05 01:30:00,363.6,7.27,14.9,15.9,1.23
2026-06-05 01:31:00,352.9,7.39,15.2,16.5,1.21
2026-06-05 01:32:00,369.2,7.35,15.5,16.1,1.24
2026-06-05 01:33:00,345.3,7.46,15.2,15.7,1.2
2026-06-05 01:34:00,339.3,7.46,14.8,15.8,1.2
2026-06-05 01:35:00,333.0,7.5,15.6,16.6,1.22
2026-06-05 01:36:00,326.6,7.26,15.1,16.9,1.25
2026-06-05 01:37:00,352.2,7.43,15.2,16.2,1.25
2026-06-05 01:38:00,355.5,7.32,15.5,15.8,1.22
2026-06-05 01:39:00,350.5,7.27,15.1,16.0,1.22
2026-06-05 01:40:00,378.7,7.35,14.9,15.7,1.22
2026-06-05 01:41:00,378.4,7.5,15.3,15.8,1.23
2026-06-05 01:42:00,355.0,7.35,15.4,15.7,1.24
2026-06-05 01:43:00,333.1,7.55,15.2,16.0,1.19
2026-06-05 01:44:00,351.5,7.44,15.2,16.1,1.24
2026-06-05 01:45:00,351.0,7.35,15.0,16.0,1.21
2026-06-05 01:46:00,350.1,7.51,15.1,15.9,1.22
2026-06-05 01:47:00,349.5,7.43,15.2,16.3,1.24
2026-06-05 01:48:00,350.2,7.3,15.4,15.9,1.22
2026-06-05 01:49:00,354.2,7.58,15.3,15.9,1.23
2026-06-05 01:50:00,350.5,7.42,15.4,15.9,1.19
2026-06-05 01:51:00,363.1,7.39,15.6,16.6,1.24
2026-06-05 01:52:00,365.4,7.3,15.4,15.8,1.22
2026-06-05 01:53:00,346.3,7.51,14.9,16.2,1.2
2026-06-05 01:54:00,379.1,7.44,15.2,15.7,1.23
2026-06-05 01:55:00,345.3,7.45,15.4,16.1,1.28
2026-06-05 01:56:00,335.7,7.34,15.2,16.2,1.16
2026-06-05 01:57:00,365.7,7.47,14.9,16.4,1.18
2026-06-05 01:58:00,347.7,7.48,15.1,15.8,1.28
2026-06-05 01:59:00,364.8,7.32,14.7,15.6,1.21
2026-06-05 02:00:00,323.9,7.25,15.1,15.7,1.21
2026-06-05 02:01:00,380.9,7.45,15.1,16.4,1.2
2026-06-05 02:02:00,370.1,7.23,15.1,16.8,1.24
2026-06-05 02:03:00,337.5,7.41,15.4,16.3,1.28
2026-06-05 02:04:00,337.8,7.35,14.9,15.5,1.18
2026-06-05 02:05:00,385.1,7.51,15.0,16.3,1.2
2026-06-05 02:06:00,348.9,7.35,15.0,15.6,1.19
2026-06-05 02:07:00,347.5,7.5,15.4,15.9,1.22
2026-06-05 02:08:00,326.0,7.34,15.4,16.1,1.24
2026-06-05 02:09:00,354.7,7.49,15.2,16.1,1.25
2026-06-05 02:10:00,356.6,7.6,15.2,16.0,1.22
2026-06-05 02:11:00,370.7,7.28,14.9,15.8,1.28
2026-06-05 02:12:00,339.0,7.42,15.2,16.4,1.18
2026-06-05 02:13:00,337.2,7.66,14.9,15.8,1.17
2026-06-05 02:14:00,366.8,7.4,15.2,16.5,1.24
2026-06-05 02:15:00,375.1,7.4,15.1,15.5,1.2
2026-06-05 02:16:00,336.4,7.47,15.0,16.1,1.16
2026-06-05 02:17:00,376.2,7.39,15.2,15.5,1.19
2026-06-05 02:18:00,360.6,7.22,15.3,15.7,1.21
2026-06-05 02:19:00,376.4,7.5,15.5,15.8,1.18
2026-06-05 02:20:00,358.9,7.19,15.3,16.6,1.17
2026-06-05 02:21:00,322.2,7.35,15.6,16.5,1.19
2026-06-05 02:22:00,357.7,7.51,15.2,16.4,1.17
2026-06-05 02:23:00,375.9,7.35,15.5,16.0,1.22
2026-06-05 02:24:00,346.6,7.32,15.2,16.1,1.14
2026-06-05 02:25:00,354.2,7.48,15.2,16.5,1.2
2026-06-05 02:26:00,357.4,7.3,15.1,16.3,1.22
2026-06-05 02:27:00,316.5,7.27,15.2,16.0,1.2
2026-06-05 02:28:00,385.1,7.42,15.2,16.6,1.23
2026-06-05 02:29:00,346.5,7.37,14.8,16.4,1.16
2026-06-05 02:30:00,367.6,7.27,15.3,16.1,1.18
2026-06-05 02:31:00,358.7,7.45,14.8,15.9,1.19
2026-06-05 02:32:00,378.9,7.44,15.2,15.8,1.22
2026-06-05 02:33:00,366.1,7.35,15.2,15.9,1.21
2026-06-05 02:34:00,356.5,7.36,15.4,16.2,1.26
2026-06-05 02:35:00,346.6,7.44,14.9,16.4,1.18
2026-06-05 02:36:00,372.0,7.51,14.9,15.5,1.16
2026-06-05 02:37:00,331.9,7.36,15.3,15.3,1.25
2026-06-05 02:38:00,369.7,7.46,14.9,15.7,1.16
2026-06-05 02:39:00,343.5,7.45,14.9,15.9,1.22
2026-06-05 02:40:00,378.8,7.48,15.1,16.6,1.17
2026-06-05 02:41:00,362.4,7.39,15.1,16.0,1.14
2026-06-05 02:42:00,369.7,7.3,15.1,16.2,1.19
2026-06-05 02:43:00,361.2,7.34,15.2,16.3,1.23
2026-06-05 02:44:00,333.7,7.42,15.2,15.7,1.16
2026-06-05 02:45:00,347.1,7.57,15.1,16.7,1.22
2026-06-05 02:46:00,370.1,7.34,15.1,15.8,1.22
2026-06-05 02:47:00,362.5,7.47,15.1,16.7,1.16
2026-06-05 02:48:00,377.7,7.36,15.1,16.1,1.19
2026-06-05 02:49:00,366.0,7.4,14.8,16.0,1.25
2026-06-05 02:50:00,345.5,7.54,15.2,15.7,1.22
2026-06-05 02:51:00,348.1,7.47,15.3,16.2,1.19
2026-06-05 02:52:00,361.5,7.27,15.2,17.0,1.21
2026-06-05 02:53:00,325.3,7.33,15.2,16.3,1.18
2026-06-05 02:54:00,385.1,7.52,14.9,16.2,1.23
2026-06-05 02:55:00,366.6,7.4,14.8,15.9,1.23
2026-06-05 02:56:00,378.4,7.28,15.2,16.4,1.2
2026-06-05 02:57:00,336.3,7.31,15.1,16.2,1.21
2026-06-05 02:58:00,378.7,7.46,15.1,16.1,1.17
2026-06-05 02:59:00,393.5,7.49,15.1,16.4,1.16
2026-06-05 03:00:00,340.2,7.39,15.1,15.4,1.19
2026-06-05 03:01:00,371.6,7.64,15.2,16.1,1.2
2026-06-05 03:02:00,360.0,7.47,15.0,15.7,1.23
2026-06-05 03:03:00,336.8,7.37,14.7,16.2,1.23
2026-06-05 03:04:00,367.4,7.31,15.2,15.9,1.21
2026-06-05 03:05:00,372.5,7.29,15.2,15.9,1.24
2026-06-05 03:06:00,351.0,7.42,14.8,15.7,1.17
2026-06-05 03:07:00,377.5,7.34,14.8,16.7,1.23
2026-06-05 03:08:00,335.0,7.56,15.2,15.9,1.18
2026-06-05 03:09:00,337.6,7.54,15.3,16.0,1.24
2026-06-05 03:10:00,362.0,7.45,14.5,16.8,1.2
2026-06-05 03:11:00,360.4,7.27,15.1,16.5,1.14
2026-06-05 03:12:00,349.3,7.32,15.0,15.4,1.22
2026-06-05 03:13:00,372.1,7.52,15.0,16.8,1.22
2026-06-05 03:14:00,368.0,7.33,15.1,16.9,1.19
2026-06-05 03:15:00,372.9,7.5,14.9,16.9,1.19
2026-06-05 03:16:00,358.2,7.44,15.2,16.5,1.2
2026-06-05 03:17:00,369.0,7.4,14.9,15.8,1.14
2026-06-05 03:18:00,353.3,7.32,15.2,16.3,1.13
2026-06-05 03:19:00,390.8,7.38,15.2,15.7,1.24
2026-06-05 03:20:00,347.8,7.41,14.8,16.0,1.18
2026-06-05 03:21:00,391.6,7.49,14.9,15.9,1.26
2026-06-05 03:22:00,360.5,7.3,15.0,16.1,1.24
2026-06-05 03:23:00,339.4,7.36,15.3,16.4,1.25
2026-06-05 03:24:00,380.5,7.39,14.9,16.2,1.18
2026-06-05 03:25:00,361.9,7.46,14.9,16.1,1.15
2026-06-05 03:26:00,372.8,7.3,15.1,16.2,1.17
2026-06-05 03:27:00,378.4,7.26,15.1,17.0,1.19
2026-06-05 03:28:00,365.1,7.46,15.1,17.2,1.13
2026-06-05 03:29:00,351.1,7.24,15.0,16.2,1.19
2026-06-05 03:30:00,374.6,7.52,15.0,16.5,1.19
2026-06-05 03:31:00,360.0,7.37,15.1,16.1,1.16
2026-06-05 03:32:00,370.3,7.24,14.4,16.7,1.17
2026-06-05 03:33:00,327.7,7.34,15.4,16.2,1.19
2026-06-05 03:34:00,366.7,7.43,15.0,16.1,1.21
2026-06-05 03:35:00,350.4,7.34,15.0,17.2,1.17
2026-06-05 03:36:00,384.8,7.39,15.4,15.9,1.21
2026-06-05 03:37:00,369.3,7.46,14.9,15.5,1.2
2026-06-05 03:38:00,363.6,7.37,15.5,16.7,1.2
2026-06-05 03:39:00,367.3,7.3,15.2,16.3,1.18
2026-06-05 03:40:00,345.0,7.36,15.1,16.2,1.16
2026-06-05 03:41:00,384.3,7.53,15.1,17.6,1.25
2026-06-05 03:42:00,389.9,7.56,14.8,16.8,1.22
2026-06-05 03:43:00,365.9,7.19,14.7,16.5,1.23
2026-06-05 03:44:00,383.9,7.5,14.8,16.2,1.2
2026-06-05 03:45:00,351.5,7.42,15.2,16.7,1.2
2026-06-05 03:46:00,348.0,7.48,14.8,15.8,1.21
2026-06-05 03:47:00,360.6,7.33,14.7,16.3,1.14
2026-06-05 03:48:00,366.5,7.21,15.0,16.5,1.17
2026-06-05 03:49:00,354.1,7.45,15.1,16.6,1.18
2026-06-05 03:50:00,368.1,7.3,15.0,16.5,1.19
2026-06-05 03:51:00,364.6,7.25,15.1,16.3,1.17
2026-06-05 03:52:00,345.0,7.26,15.2,17.0,1.21
2026-06-05 03:53:00,367.8,7.45,15.1,15.9,1.2
2026-06-05 03:54:00,373.0,7.4,15.0,16.5,1.24
2026-06-05 03:55:00,362.6,7.47,14.9,16.4,1.27
2026-06-05 03:56:00,377.3,7.46,15.2,17.0,1.16
2026-06-05 03:57:00,341.7,7.35,15.1,16.5,1.2
2026-06-05 03:58:00,367.0,7.38,14.8,16.8,1.2
2026-06-05 03:59:00,342.4,7.34,15.3,16.8,1.2
2026-06-05 04:00:00,343.3,7.37,15.1,15.9,1.17
2026-06-05 04:01:00,350.5,7.29,15.1,16.7,1.17
2026-06-05 04:02:00,345.9,7.43,14.9,16.0,1.21
2026-06-05 04:03:00,351.8,7.5,15.2,16.8,1.17
2026-06-05 04:04:00,356.8,7.31,14.7,16.4,1.2
2026-06-05 04:05:00,372.6,7.52,15.3,17.2,1.19
2026-06-05 04:06:00,355.2,7.4,14.6,16.7,1.2
2026-06-05 04:07:00,336.2,7.41,14.7,16.4,1.17
2026-06-05 04:08:00,377.1,7.22,15.1,17.2,1.2
2026-06-05 04:09:00,347.4,7.21,14.9,16.4,1.17
2026-06-05 04:10:00,359.1,7.4,14.9,17.1,1.2
2026-06-05 04:11:00,366.7,7.47,14.9,17.0,1.24
2026-06-05 04:12:00,363.0,7.32,14.8,16.7,1.21
2026-06-05 04:13:00,376.4,7.56,15.1,16.3,1.21
2026-06-05 04:14:00,367.2,7.46,15.0,17.3,1.22
2026-06-05 04:15:00,347.1,7.3,15.2,17.0,1.16
2026-06-05 04:16:00,392.7,7.39,15.0,16.5,1.25
2026-06-05 04:17:00,362.9,7.64,14.9,17.0,1.17
2026-06-05 04:18:00,357.8,7.27,15.2,17.3,1.23
2026-06-05 04:19:00,374.5,7.44,14.6,16.9,1.22
2026-06-05 04:20:00,363.7,7.36,14.5,17.0,1.17
2026-06-05 04:21:00,366.0,7.46,14.7,17.3,1.23
2026-06-05 04:22:00,397.4,7.52,14.9,17.5,1.21
2026-06-05 04:23:00,355.9,7.35,15.1,16.9,1.26
2026-06-05 04:24:00,355.2,7.5,14.5,16.4,1.21
2026-06-05 04:25:00,361.7,7.61,15.0,16.4,1.2
2026-06-05 04:26:00,376.1,7.4,14.9,16.7,1.18
2026-06-05 04:27:00,337.4,7.47,15.0,16.6,1.15
2026-06-05 04:28:00,330.5,7.33,14.6,16.3,1.19
2026-06-05 04:29:00,351.2,7.39,15.5,17.8,1.19
2026-06-05 04:30:00,335.5,7.37,15.0,17.2,1.21
2026-06-05 04:31:00,353.6,7.47,14.8,16.8,1.16
2026-06-05 04:32:00,367.5,7.51,15.0,17.0,1.19
2026-06-05 04:33:00,346.6,7.38,15.3,16.4,1.22
2026-06-05 04:34:00,338.6,7.54,14.8,17.5,1.22
2026-06-05 04:35:00,361.0,7.54,14.7,16.3,1.14
2026-06-05 04:36:00,372.9,7.47,15.0,17.3,1.22
2026-06-05 04:37:00,334.6,7.34,15.0,16.4,1.19
2026-06-05 04:38:00,372.3,7.33,15.2,17.0,1.19
2026-06-05 04:39:00,372.3,7.31,15.3,17.7,1.13
2026-06-05 04:40:00,374.3,7.48,15.2,16.5,1.24
2026-06-05 04:41:00,378.3,7.27,14.7,17.1,1.21
2026-06-05 04:42:00,393.0,7.46,14.8,17.4,1.15
2026-06-05 04:43:00,354.7,7.28,14.9,17.4,1.21
2026-06-05 04:44:00,361.6,7.47,15.2,17.3,1.21
2026-06-05 04:45:00,353.8,7.39,15.2,17.4,1.24
2026-06-05 04:46:00,360.0,7.52,15.3,17.0,1.19
2026-06-05 04:47:00,383.0,7.5,15.1,18.0,1.2
2026-06-05 04:48:00,339.8,7.53,14.9,16.6,1.18
2026-06-05 04:49:00,347.1,7.54,15.0,17.8,1.22
2026-06-05 04:50:00,380.7,7.4,14.7,17.4,1.18
2026-06-05 04:51:00,375.3,7.27,15.2,17.6,1.17
2026-06-05 04:52:00,354.6,7.28,14.9,17.7,1.2
2026-06-05 04:53:00,372.8,7.18,15.3,17.6,1.16
2026-06-05 04:54:00,365.1,7.28,15.2,17.0,1.25
2026-06-05 04:55:00,382.5,7.4,15.4,17.3,1.26
2026-06-05 04:56:00,361.1,7.33,15.1,16.8,1.19
2026-06-05 04:57:00,375.4,7.37,15.1,17.3,1.16
2026-06-05 04:58:00,399.6,7.44,15.0,17.6,1.21
2026-06-05 04:59:00,369.0,7.36,15.0,17.7,1.19
2026-06-05 05:00:00,360.7,7.28,15.0,17.6,1.24
2026-06-05 05:01:00,370.8,7.38,15.3,16.8,1.18
2026-06-05 05:02:00,354.5,7.3,14.8,17.3,1.22
2026-06-05 05:03:00,395.8,7.36,15.1,17.2,1.2
2026-06-05 05:04:00,362.7,7.52,14.7,17.0,1.18
2026-06-05 05:05:00,355.9,7.36,15.1,17.2,1.21
2026-06-05 05:06:00,347.5,7.57,15.0,17.6,1.23
2026-06-05 05:07:00,376.5,7.53,15.2,18.1,1.2
2026-06-05 05:08:00,373.0,7.33,14.9,17.2,1.2
2026-06-05 05:09:00,352.5,7.28,15.0,17.2,1.17
2026-06-05 05:10:00,368.6,7.38,15.2,17.4,1.23
2026-06-05 05:11:00,337.4,7.51,15.1,17.8,1.23
2026-06-05 05:12:00,362.8,7.34,15.4,18.1,1.19
2026-06-05 05:13:00,366.8,7.48,15.0,17.6,1.2
2026-06-05 05:14:00,385.6,7.51,15.0,17.1,1.24
2026-06-05 05:15:00,348.4,7.31,15.3,17.2,1.17
2026-06-05 05:16:00,340.8,7.32,15.0,17.8,1.22
2026-06-05 05:17:00,346.6,7.46,15.0,18.1,1.18
2026-06-05 05:18:00,340.0,7.41,15.2,18.5,1.25
2026-06-05 05:19:00,380.0,7.32,15.1,17.3,1.2
2026-06-05 05:20:00,383.2,7.35,15.0,17.8,1.24
2026-06-05 05:21:00,364.8,7.38,15.0,17.4,1.18
2026-06-05 05:22:00,378.3,7.23,15.4,17.5,1.16
2026-06-05 05:23:00,362.0,7.47,15.1,17.4,1.19
2026-06-05 05:24:00,358.6,7.34,15.0,17.7,1.21
2026-06-05 05:25:00,355.0,7.11,15.0,17.5,1.18
2026-06-05 05:26:00,355.3,7.39,15.2,18.9,1.22
2026-06-05 05:27:00,336.8,7.32,15.4,17.7,1.19
2026-06-05 05:28:00,364.0,7.56,15.1,18.3,1.14
2026-06-05 05:29:00,359.4,7.33,14.9,17.7,1.22
2026-06-05 05:30:00,371.2,7.28,15.5,18.8,1.17
2026-06-05 05:31:00,361.4,7.44,15.1,18.1,1.19
2026-06-05 05:32:00,357.6,7.32,15.1,18.3,1.25
2026-06-05 05:33:00,346.9,7.31,15.1,17.8,1.25
2026-06-05 05:34:00,361.1,7.44,14.9,18.4,1.18
2026-06-05 05:35:00,371.1,7.29,15.1,18.2,1.22
2026-06-05 05:36:00,342.8,7.24,15.3,17.9,1.18
2026-06-05 05:37:00,361.3,7.56,15.4,17.6,1.19
2026-06-05 05:38:00,363.5,7.45,15.1,18.0,1.18
2026-06-05 05:39:00,349.2,7.36,15.2,18.0,1.15
2026-06-05 05:40:00,351.2,7.39,15.4,18.5,1.2
2026-06-05 05:41:00,363.5,7.44,15.2,18.1,1.21
2026-06-05 05:42:00,343.0,7.49,15.3,17.4,1.18
2026-06-05 05:43:00,365.2,7.31,15.2,18.4,1.23
2026-06-05 05:44:00,346.6,7.43,15.0,18.7,1.19
2026-06-05 05:45:00,375.9,7.34,15.0,17.6,1.18
2026-06-05 05:46:00,395.1,7.37,15.4,19.0,1.22
2026-06-05 05:47:00,347.1,7.41,14.6,18.8,1.15
2026-06-05 05:48:00,368.0,7.39,15.0,18.0,1.23
2026-06-05 05:49:00,349.1,7.46,14.9,17.8,1.19
2026-06-05 05:50:00,375.6,7.44,15.4,18.7,1.23
2026-06-05 05:51:00,341.0,7.24,15.4,17.8,1.24
2026-06-05 05:52:00,367.2,7.25,15.0,18.1,1.22
2026-06-05 05:53:00,346.9,7.35,15.7,17.8,1.18
2026-06-05 05:54:00,356.9,7.57,15.5,18.4,1.16
2026-06-05 05:55:00,344.5,7.3,15.2,19.0,1.16
2026-06-05 05:56:00,372.3,7.37,15.5,18.6,1.23
2026-06-05 05:57:00,347.4,7.34,15.1,18.9,1.2
2026-06-05 05:58:00,368.3,7.33,15.1,18.3,1.18
2026-06-05 05:59:00,354.8,7.41,15.3,18.5,1.2
2026-06-05 06:00:00,358.3,7.53,15.1,18.0,1.23
2026-06-05 06:01:00,362.2,7.44,14.9,18.5,1.22
2026-06-05 06:02:00,348.6,7.31,15.0,18.2,1.21
2026-06-05 06:03:00,363.2,7.67,15.2,18.5,1.22
2026-06-05 06:04:00,383.0,7.4,15.3,18.5,1.21
2026-06-05 06:05:00,348.3,7.33,15.2,18.5,1.21
2026-06-05 06:06:00,377.6,7.53,14.9,19.5,1.21
2026-06-05 06:07:00,382.5,7.34,15.3,19.3,1.2
2026-06-05 06:08:00,347.8,7.56,15.5,19.2,1.22
2026-06-05 06:09:00,338.2,7.3,15.1,19.4,1.21
2026-06-05 06:10:00,364.5,7.53,15.6,19.3,1.17
2026-06-05 06:11:00,351.8,7.41,15.4,18.7,1.22
2026-06-05 06:12:00,388.0,7.52,15.0,18.7,1.21
2026-06-05 06:13:00,360.5,7.58,15.1,18.8,1.22
2026-06-05 06:14:00,348.0,7.28,15.2,18.7,1.2
2026-06-05 06:15:00,342.8,7.52,15.2,18.4,1.22
2026-06-05 06:16:00,376.3,7.25,14.8,18.9,1.2
2026-06-05 06:17:00,351.4,7.29,15.1,18.2,1.22
2026-06-05 06:18:00,360.7,7.31,15.2,18.9,1.19
2026-06-05 06:19:00,374.3,7.44,15.6,18.5,1.19
2026-06-05 06:20:00,352.7,7.39,15.3,18.9,1.22
2026-06-05 06:21:00,359.3,7.37,15.1,19.0,1.19
2026-06-05 06:22:00,359.8,7.4,15.2,18.8,1.27
2026-06-05 06:23:00,370.2,7.45,15.4,18.3,1.22
2026-06-05 06:24:00,368.9,7.46,15.2,18.5,1.2
2026-06-05 06:25:00,356.7,7.5,15.2,19.2,1.22
2026-06-05 06:26:00,361.0,7.57,15.2,18.8,1.19
2026-06-05 06:27:00,354.4,7.39,15.4,19.3,1.23
2026-06-05 06:28:00,337.8,7.34,15.0,19.1,1.23
2026-06-05 06:29:00,363.9,7.45,15.1,19.0,1.24
2026-06-05 06:30:00,388.4,7.28,15.1,19.2,1.19
2026-06-05 06:31:00,346.7,7.32,15.1,18.8,1.16
2026-06-05 06:32:00,348.4,7.49,15.2,19.3,1.18
2026-06-05 06:33:00,346.9,7.38,15.5,19.0,1.19
2026-06-05 06:34:00,370.9,7.27,15.5,20.2,1.25
2026-06-05 06:35:00,366.7,7.24,15.4,18.7,1.27
2026-06-05 06:36:00,357.6,7.39,15.4,19.1,1.21
2026-06-05 06:37:00,346.2,7.5,15.2,19.1,1.2
2026-06-05 06:38:00,361.4,7.5,14.9,18.7,1.19
2026-06-05 06:39:00,336.5,7.4,15.4,19.6,1.22
2026-06-05 06:40:00,362.2,7.59,15.4,19.1,1.27
2026-06-05 06:41:00,373.1,7.38,15.2,18.4,1.25
2026-06-05 06:42:00,341.2,7.38,15.1,19.6,1.23
2026-06-05 06:43:00,337.0,7.13,15.1,19.1,1.23
2026-06-05 06:44:00,383.7,7.35,15.4,19.3,1.22
2026-06-05 06:45:00,350.8,7.48,15.4,19.7,1.2
2026-06-05 06:46:00,377.0,7.55,15.6,19.3,1.18
2026-06-05 06:47:00,357.7,7.31,15.2,19.3,1.2
2026-06-05 06:48:00,357.6,7.44,15.3,20.4,1.21
2026-06-05 06:49:00,366.6,7.49,15.4,18.6,1.16
2026-06-05 06:50:00,346.7,7.39,15.3,19.0,1.2
2026-06-05 06:51:00,362.0,7.16,15.6,19.1,1.18
2026-06-05 06:52:00,354.3,7.41,15.7,20.3,1.23
2026-06-05 06:53:00,340.2,7.47,15.2,19.3,1.18
2026-06-05 06:54:00,365.1,7.3,15.3,19.7,1.21
2026-06-05 06:55:00,356.1,7.36,15.7,19.4,1.18
2026-06-05 06:56:00,357.6,7.27,15.5,19.9,1.25
2026-06-05 06:57:00,341.8,7.13,15.4,19.6,1.15
2026-06-05 06:58:00,383.9,7.49,15.5,19.8,1.21
2026-06-05 06:59:00,373.2,7.39,15.6,20.2,1.16
2026-06-05 07:00:00,374.5,7.55,15.5,19.9,1.18
2026-06-05 07:01:00,355.4,7.48,15.5,19.4,1.21
2026-06-05 07:02:00,334.1,7.35,15.5,19.9,1.21
2026-06-05 07:03:00,389.3,7.38,15.7,20.7,1.21
2026-06-05 07:04:00,359.1,7.45,15.4,20.0,1.2
2026-06-05 07:05:00,348.8,7.49,15.5,19.9,1.18
2026-06-05 07:06:00,366.3,7.42,15.8,19.3,1.2
2026-06-05 07:07:00,377.5,7.5,15.5,20.1,1.2
2026-06-05 07:08:00,359.7,7.36,15.5,20.2,1.21
2026-06-05 07:09:00,379.2,7.29,15.6,20.0,1.2
2026-06-05 07:10:00,376.2,7.38,15.5,20.0,1.22
2026-06-05 07:11:00,343.9,7.41,15.3,21.1,1.2
2026-06-05 07:12:00,349.9,7.27,15.5,20.3,1.21
2026-06-05 07:13:00,374.4,7.26,15.3,20.5,1.19
2026-06-05 07:14:00,319.3,7.43,15.9,20.0,1.17
2026-06-05 07:15:00,357.8,7.35,15.6,20.0,1.2
2026-06-05 07:16:00,338.5,7.37,15.3,20.3,1.24
2026-06-05 07:17:00,352.9,7.35,15.4,20.0,1.21
2026-06-05 07:18:00,355.5,7.54,15.7,20.1,1.18
2026-06-05 07:19:00,354.6,7.52,15.3,20.3,1.22
2026-06-05 07:20:00,351.7,7.27,16.1,19.9,1.19
2026-06-05 07:21:00,343.5,7.34,15.2,20.2,1.22
2026-06-05 07:22:00,394.4,7.48,15.7,20.2,1.19
2026-06-05 07:23:00,388.0,7.45,15.5,20.6,1.21
2026-06-05 07:24:00,342.6,7.39,15.4,20.0,1.18
2026-06-05 07:25:00,383.7,7.28,15.7,19.4,1.19
2026-06-05 07:26:00,354.0,7.32,15.5,20.1,1.15
2026-06-05 07:27:00,361.9,7.34,15.9,20.4,1.22
2026-06-05 07:28:00,359.1,7.42,15.3,20.7,1.21
2026-06-05 07:29:00,350.1,7.56,15.7,20.0,1.21
2026-06-05 07:30:00,374.8,7.32,15.5,20.6,1.21
2026-06-05 07:31:00,361.9,7.29,15.7,20.8,1.18
2026-06-05 07:32:00,352.9,7.38,15.7,20.7,1.23
2026-06-05 07:33:00,340.4,7.49,15.3,20.1,1.23
2026-06-05 07:34:00,346.6,7.25,15.7,20.2,1.18
2026-06-05 07:35:00,335.4,7.54,15.8,20.6,1.22
2026-06-05 07:36:00,360.2,7.37,15.7,21.1,1.23
2026-06-05 07:37:00,342.1,7.32,15.5,20.5,1.19
2026-06-05 07:38:00,356.0,7.23,15.3,20.5,1.19
2026-06-05 07:39:00,380.6,7.46,15.7,20.0,1.22
2026-06-05 07:40:00,378.0,7.37,16.0,20.4,1.15
2026-06-05 07:41:00,359.5,7.41,15.8,20.3,1.17
2026-06-05 07:42:00,358.7,7.3,15.9,20.6,1.17
2026-06-05 07:43:00,388.2,7.36,15.8,20.0,1.15
2026-06-05 07:44:00,367.8,7.34,15.6,20.5,1.23
2026-06-05 07:45:00,355.1,7.38,15.7,20.3,1.14
2026-06-05 07:46:00,338.6,7.32,15.8,21.1,1.21
2026-06-05 07:47:00,365.9,7.24,15.4,20.4,1.22
2026-06-05 07:48:00,372.4,7.66,15.8,20.5,1.19
2026-06-05 07:49:00,350.5,7.25,15.9,20.9,1.18
2026-06-05 07:50:00,364.4,7.41,15.7,20.6,1.21
2026-06-05 07:51:00,354.5,7.21,15.9,21.7,1.2
2026-06-05 07:52:00,357.2,7.19,15.6,21.2,1.23
2026-06-05 07:53:00,322.7,7.4,15.7,20.9,1.12
2026-06-05 07:54:00,356.7,7.41,15.7,21.0,1.17
2026-06-05 07:55:00,374.5,7.52,15.8,19.9,1.22
2026-06-05 07:56:00,350.5,7.43,15.7,21.4,1.2
2026-06-05 07:57:00,360.8,7.38,15.4,21.1,1.22
2026-06-05 07:58:00,348.7,7.3,15.6,20.9,1.21
2026-06-05 07:59:00,365.4,7.54,16.1,21.2,1.2
2026-06-05 08:00:00,356.8,7.48,15.9,21.3,1.19
2026-06-05 08:01:00,345.9,7.27,15.3,20.9,1.27
2026-06-05 08:02:00,380.0,7.39,16.0,21.2,1.25
2026-06-05 08:03:00,373.9,7.4,15.5,21.5,1.21
2026-06-05 08:04:00,350.9,7.36,16.0,21.3,1.2
2026-06-05 08:05:00,367.5,7.47,16.0,21.0,1.22
2026-06-05 08:06:00,368.1,7.47,15.8,21.2,1.22
2026-06-05 08:07:00,369.6,7.37,15.6,21.7,1.21
2026-06-05 08:08:00,334.6,7.36,15.7,21.5,1.18
2026-06-05 08:09:00,375.1,7.54,15.9,20.7,1.25
2026-06-05 08:10:00,351.5,7.48,15.6,21.5,1.21
2026-06-05 08:11:00,354.6,7.4,15.7,21.4,1.26
2026-06-05 08:12:00,399.6,7.23,15.9,21.7,1.21
2026-06-05 08:13:00,364.5,7.42,15.7,21.3,1.19
2026-06-05 08:14:00,354.2,7.46,16.1,21.2,1.24
2026-06-05 08:15:00,326.9,7.11,15.6,20.8,1.21
2026-06-05 08:16:00,380.8,7.42,15.2,21.1,1.2
2026-06-05 08:17:00,339.8,7.35,15.7,21.9,1.16
2026-06-05 08:18:00,344.9,7.37,15.9,21.5,1.22
2026-06-05 08:19:00,355.0,7.3,16.0,21.4,1.19
2026-06-05 08:20:00,381.2,7.38,15.8,22.0,1.19
2026-06-05 08:21:00,371.6,7.53,15.8,21.9,1.19
2026-06-05 08:22:00,357.6,7.35,15.9,21.2,1.21
2026-06-05 08:23:00,364.6,7.49,16.2,22.0,1.15
2026-06-05 08:24:00,351.0,7.31,16.0,20.9,1.19
2026-06-05 08:25:00,362.1,7.47,15.8,21.7,1.23
2026-06-05 08:26:00,361.1,7.39,16.3,21.7,1.16
2026-06-05 08:27:00,374.5,7.43,15.9,22.0,1.21
2026-06-05 08:28:00,374.5,7.39,15.5,21.8,1.18
2026-06-05 08:29:00,367.4,7.45,15.6,21.5,1.19
2026-06-05 08:30:00,354.6,7.13,16.0,21.6,1.25
2026-06-05 08:31:00,371.1,7.25,15.6,22.8,1.15
2026-06-05 08:32:00,358.6,7.43,16.0,21.7,1.22
2026-06-05 08:33:00,343.8,7.19,15.8,22.0,1.19
2026-06-05 08:34:00,354.0,7.34,16.2,20.9,1.18
2026-06-05 08:35:00,361.3,7.38,16.0,21.4,1.17
2026-06-05 08:36:00,373.7,7.31,15.6,22.0,1.22
2026-06-05 08:37:00,357.2,7.32,16.2,21.2,1.19
2026-06-05 08:38:00,341.9,7.42,16.2,22.0,1.19
2026-06-05 08:39:00,360.9,7.49,15.7,21.6,1.2
2026-06-05 08:40:00,361.7,7.29,15.8,21.5,1.19
2026-06-05 08:41:00,362.8,7.33,16.1,21.6,1.14
2026-06-05 08:42:00,373.8,7.32,16.1,22.5,1.19
2026-06-05 08:43:00,375.3,7.15,16.5,22.1,1.23
2026-06-05 08:44:00,351.1,7.4,16.2,21.6,1.15
2026-06-05 08:45:00,350.8,7.48,16.5,22.3,1.17
2026-06-05 08:46:00,344.4,7.49,16.0,22.3,1.19
2026-06-05 08:47:00,370.5,7.3,16.1,21.9,1.18
2026-06-05 08:48:00,381.7,7.26,15.9,22.4,1.2
2026-06-05 08:49:00,355.3,7.39,15.9,22.5,1.17
2026-06-05 08:50:00,356.4,7.47,16.1,22.4,1.19
2026-06-05 08:51:00,382.0,7.41,15.9,21.8,1.2
2026-06-05 08:52:00,367.6,7.42,15.5,21.7,1.22
2026-06-05 08:53:00,366.5,7.5,15.9,21.5,1.24
2026-06-05 08:54:00,342.1,7.32,16.3,21.9,1.19
2026-06-05 08:55:00,370.2,7.37,16.1,22.0,1.26
2026-06-05 08:56:00,346.1,7.55,16.1,22.1,1.19
2026-06-05 08:57:00,343.0,7.37,15.9,22.2,1.22
2026-06-05 08:58:00,354.8,7.26,16.2,22.9,1.26
2026-06-05 08:59:00,351.2,7.32,16.4,22.1,1.2
2026-06-05 09:00:00,356.7,7.3,16.4,22.3,1.16
2026-06-05 09:01:00,338.4,7.43,16.2,21.6,1.2
2026-06-05 09:02:00,374.4,7.3,16.0,23.2,1.18
2026-06-05 09:03:00,376.9,7.42,16.5,21.8,1.19
2026-06-05 09:04:00,330.8,7.32,16.3,22.1,1.26
2026-06-05 09:05:00,374.7,7.18,15.8,22.7,1.16
2026-06-05 09:06:00,347.8,7.42,15.8,22.5,1.21
2026-06-05 09:07:00,372.9,7.4,15.9,23.1,1.17
2026-06-05 09:08:00,359.0,7.44,16.1,22.7,1.19
2026-06-05 09:09:00,360.4,7.32,16.3,22.5,1.22
2026-06-05 09:10:00,357.2,7.31,16.4,22.9,1.21
2026-06-05 09:11:00,378.2,7.43,16.2,23.0,1.19
2026-06-05 09:12:00,341.4,7.54,16.2,22.3,1.18
2026-06-05 09:13:00,369.1,7.39,16.7,23.0,1.21
2026-06-05 09:14:00,376.5,7.43,16.2,22.5,1.25
2026-06-05 09:15:00,370.7,7.36,16.2,22.6,1.17
2026-06-05 09:16:00,394.9,7.24,16.1,22.7,1.26
2026-06-05 09:17:00,352.1,7.49,16.7,22.5,1.24
2026-06-05 09:18:00,374.4,7.48,16.4,22.5,1.24
2026-06-05 09:19:00,358.4,7.46,16.0,23.1,1.21
2026-06-05 09:20:00,378.5,7.37,16.0,22.1,1.24
2026-06-05 09:21:00,359.9,7.45,15.9,22.3,1.17
2026-06-05 09:22:00,354.2,7.48,16.2,23.0,1.18
2026-06-05 09:23:00,379.6,7.55,16.0,22.7,1.22
2026-06-05 09:24:00,352.6,7.49,16.0,23.2,1.21
2026-06-05 09:25:00,338.8,7.4,16.5,23.0,1.2
2026-06-05 09:26:00,352.2,7.26,16.5,22.3,1.12
2026-06-05 09:27:00,369.3,7.41,16.6,22.9,1.19
2026-06-05 09:28:00,380.9,7.42,16.0,23.1,1.16
2026-06-05 09:29:00,361.7,7.46,16.1,23.0,1.21
2026-06-05 09:30:00,379.8,7.53,16.2,22.7,1.19
2026-06-05 09:31:00,339.6,7.38,16.6,22.8,1.18
2026-06-05 09:32:00,353.4,7.6,16.3,22.7,1.28
2026-06-05 09:33:00,355.7,7.21,16.7,22.4,1.23
2026-06-05 09:34:00,358.3,7.43,16.5,22.4,1.23
2026-06-05 09:35:00,361.3,7.31,16.3,23.2,1.27
2026-06-05 09:36:00,370.4,7.2,16.5,22.7,1.22
2026-06-05 09:37:00,353.3,7.37,16.0,23.3,1.18
2026-06-05 09:38:00,362.1,7.24,15.9,22.8,1.17
2026-06-05 09:39:00,359.3,7.37,16.4,22.6,1.23
2026-06-05 09:40:00,346.1,7.39,16.4,22.9,1.14
2026-06-05 09:41:00,358.3,7.5,16.8,24.0,1.2
2026-06-05 09:42:00,357.8,7.24,16.1,23.1,1.13
2026-06-05 09:43:00,357.5,7.48,16.5,23.4,1.2
2026-06-05 09:44:00,360.5,7.4,16.5,23.3,1.23
2026-06-05 09:45:00,361.1,7.49,16.5,22.6,1.21
2026-06-05 09:46:00,353.5,7.35,16.6,23.8,1.23
2026-06-05 09:47:00,379.1,7.26,16.3,23.2,1.26
2026-06-05 09:48:00,342.5,7.27,16.6,22.7,1.2
2026-06-05 09:49:00,349.2,7.26,16.5,23.1,1.28
2026-06-05 09:50:00,401.7,7.44,16.7,23.2,1.21
2026-06-05 09:51:00,344.4,7.54,16.3,23.6,1.23
2026-06-05 09:52:00,339.7,7.33,16.2,23.1,1.18
2026-06-05 09:53:00,371.0,7.45,16.3,24.4,1.25
2026-06-05 09:54:00,328.8,7.24,16.2,23.0,1.23
2026-06-05 09:55:00,356.5,7.41,16.4,23.6,1.24
2026-06-05 09:56:00,392.2,7.46,16.4,22.6,1.2
2026-06-05 09:57:00,336.8,7.25,16.3,23.4,1.16
2026-06-05 09:58:00,330.3,7.37,16.5,23.6,1.21
2026-06-05 09:59:00,337.5,7.46,16.3,23.0,1.15
2026-06-05 10:00:00,373.5,7.1,16.5,24.1,1.19
2026-06-05 10:01:00,376.9,7.52,16.4,23.7,1.21
2026-06-05 10:02:00,352.3,7.43,16.5,23.4,1.27
2026-06-05 10:03:00,370.2,7.46,16.6,23.7,1.21
2026-06-05 10:04:00,380.9,7.35,16.4,23.3,1.2
2026-06-05 10:05:00,386.8,7.22,16.4,24.1,1.2
2026-06-05 10:06:00,356.3,7.44,16.4,24.0,1.16
2026-06-05 10:07:00,325.5,7.38,16.8,23.8,1.2
2026-06-05 10:08:00,347.7,7.39,16.8,23.9,1.2
2026-06-05 10:09:00,353.6,7.5,16.5,23.1,1.17
2026-06-05 10:10:00,356.1,7.47,16.5,24.3,1.16
2026-06-05 10:11:00,357.2,7.58,16.2,23.7,1.19
2026-06-05 10:12:00,376.8,7.41,16.5,24.1,1.2
2026-06-05 10:13:00,379.1,7.32,16.3,24.0,1.19
2026-06-05 10:14:00,357.4,7.37,16.5,24.2,1.17
2026-06-05 10:15:00,376.5,7.43,16.8,23.4,1.21
2026-06-05 10:16:00,365.4,7.49,16.3,23.4,1.22
2026-06-05 10:17:00,361.0,7.24,16.4,24.7,1.2
2026-06-05 10:18:00,373.6,7.39,16.4,23.2,1.18
2026-06-05 10:19:00,361.1,7.55,16.3,23.4,1.22
2026-06-05 10:20:00,390.9,7.37,16.8,23.9,1.19
2026-06-05 10:21:00,338.4,7.48,16.7,23.9,1.16
2026-06-05 10:22:00,352.3,7.44,17.0,23.7,1.23
2026-06-05 10:23:00,358.1,7.49,16.5,24.2,1.21
2026-06-05 10:24:00,366.6,7.31,16.3,24.3,1.2
2026-06-05 10:25:00,379.0,7.31,16.9,23.9,1.15
2026-06-05 10:26:00,359.6,7.39,16.6,23.9,1.18
2026-06-05 10:27:00,338.7,7.24,16.6,24.0,1.26
2026-06-05 10:28:00,372.6,7.36,17.0,23.8,1.15
2026-06-05 10:29:00,371.3,7.42,16.7,23.3,1.19
2026-06-05 10:30:00,330.9,7.57,16.9,24.2,1.2
2026-06-05 10:31:00,359.9,7.43,16.6,24.4,1.21
2026-06-05 10:32:00,336.1,7.45,16.6,24.0,1.16
2026-06-05 10:33:00,350.0,7.51,16.6,23.2,1.21
2026-06-05 10:34:00,346.5,7.29,16.9,23.9,1.15
2026-06-05 10:35:00,372.1,7.37,16.7,24.5,1.2
2026-06-05 10:36:00,361.8,7.63,16.8,23.6,1.18
2026-06-05 10:37:00,340.7,7.38,16.2,24.4,1.17
2026-06-05 10:38:00,373.2,7.5,16.4,24.0,1.23
2026-06-05 10:39:00,338.5,7.49,16.3,24.2,1.19
2026-06-05 10:40:00,365.0,7.24,16.7,23.9,1.21
2026-06-05 10:41:00,347.8,7.42,16.5,23.8,1.22
2026-06-05 10:42:00,354.5,7.4,17.1,24.8,1.24
2026-06-05 10:43:00,367.6,7.42,16.8,24.6,1.16
2026-06-05 10:44:00,367.8,7.31,16.8,24.5,1.23
2026-06-05 10:45:00,380.1,7.28,16.6,24.7,1.2
2026-06-05 10:46:00,358.8,7.34,16.6,24.5,1.19
2026-06-05 10:47:00,364.6,7.38,17.1,24.7,1.17
2026-06-05 10:48:00,353.4,7.51,17.2,24.1,1.22
2026-06-05 10:49:00,362.7,7.57,16.9,24.9,1.17
2026-06-05 10:50:00,366.6,7.53,16.4,24.9,1.22
2026-06-05 10:51:00,358.5,7.48,16.7,24.5,1.26
2026-06-05 10:52:00,332.9,7.29,16.9,24.3,1.23
2026-06-05 10:53:00,365.0,7.35,16.8,23.9,1.24
2026-06-05 10:54:00,365.5,7.41,16.4,24.5,1.18
2026-06-05 10:55:00,349.8,7.33,17.2,25.1,1.22
2026-06-05 10:56:00,340.7,7.45,16.7,24.0,1.17
2026-06-05 10:57:00,382.1,7.46,16.6,24.9,1.19
2026-06-05 10:58:00,367.4,7.44,16.9,24.3,1.25
2026-06-05 10:59:00,356.6,7.49,17.1,24.4,1.18
2026-06-05 11:00:00,342.9,7.3,17.0,24.1,1.23
2026-06-05 11:01:00,347.7,7.48,16.6,24.2,1.23
2026-06-05 11:02:00,379.5,7.32,16.6,24.8,1.23
2026-06-05 11:03:00,362.1,7.3,16.5,24.9,1.16
2026-06-05 11:04:00,351.7,7.44,16.9,24.7,1.22
2026-06-05 11:05:00,367.6,7.51,16.8,24.4,1.2
2026-06-05 11:06:00,347.8,7.44,17.0,24.2,1.23
2026-06-05 11:07:00,382.5,7.39,16.8,24.7,1.15
2026-06-05 11:08:00,380.3,7.42,17.1,24.5,1.21
2026-06-05 11:09:00,353.0,7.4,17.1,24.8,1.21
2026-06-05 11:10:00,350.6,7.28,16.8,24.6,1.14
2026-06-05 11:11:00,320.7,7.27,17.0,24.6,1.17
2026-06-05 11:12:00,337.8,7.38,17.2,24.8,1.15
2026-06-05 11:13:00,339.9,7.4,16.8,24.9,1.18
2026-06-05 11:14:00,362.0,7.39,16.9,25.2,1.22
2026-06-05 11:15:00,355.1,7.46,16.9,24.6,1.21
2026-06-05 11:16:00,339.8,7.37,16.9,25.0,1.21
2026-06-05 11:17:00,355.8,7.45,17.2,25.5,1.17
2026-06-05 11:18:00,367.6,7.38,17.2,25.0,1.23
2026-06-05 11:19:00,367.9,7.57,17.1,25.3,1.2
2026-06-05 11:20:00,331.5,7.4,17.1,24.6,1.2
2026-06-05 11:21:00,358.1,7.62,16.9,24.6,1.23
2026-06-05 11:22:00,339.2,7.43,17.1,24.8,1.17
2026-06-05 11:23:00,373.5,7.37,16.8,24.9,1.21
2026-06-05 11:24:00,371.8,7.3,17.5,25.3,1.21
2026-06-05 11:25:00,346.5,7.25,17.3,24.6,1.18
2026-06-05 11:26:00,348.5,7.29,17.2,24.9,1.22
2026-06-05 11:27:00,353.1,7.3,17.1,25.4,1.21
2026-06-05 11:28:00,326.2,7.43,17.1,25.0,1.2
2026-06-05 11:29:00,365.0,7.34,16.7,24.9,1.2
2026-06-05 11:30:00,355.9,7.41,16.8,25.1,1.22
2026-06-05 11:31:00,374.6,7.52,16.9,24.5,1.22
2026-06-05 11:32:00,343.5,7.38,17.1,24.5,1.2
2026-06-05 11:33:00,350.7,7.6,17.0,24.4,1.23
2026-06-05 11:34:00,337.4,7.27,17.3,25.1,1.22
2026-06-05 11:35:00,344.9,7.37,16.9,25.4,1.15
2026-06-05 11:36:00,342.3,7.34,17.3,25.4,1.16
2026-06-05 11:37:00,374.9,7.48,17.0,25.5,1.24
2026-06-05 11:38:00,349.5,7.17,17.0,25.7,1.19
2026-06-05 11:39:00,361.9,7.25,17.3,25.1,1.2
2026-06-05 11:40:00,354.3,7.38,17.2,25.1,1.23
2026-06-05 11:41:00,341.0,7.55,16.9,25.7,1.2
2026-06-05 11:42:00,357.5,7.41,17.4,24.8,1.2
2026-06-05 11:43:00,369.0,7.25,17.2,24.7,1.17
2026-06-05 11:44:00,341.9,7.27,16.7,25.0,1.21
2026-06-05 11:45:00,372.1,7.56,17.0,25.0,1.22
2026-06-05 11:46:00,347.3,7.33,17.1,25.2,1.18
2026-06-05 11:47:00,352.8,7.3,16.9,24.8,1.17
2026-06-05 11:48:00,368.0,7.54,17.4,25.3,1.28
2026-06-05 11:49:00,350.0,7.49,17.1,25.0,1.2
2026-06-05 11:50:00,360.6,7.52,17.3,25.7,1.18
2026-06-05 11:51:00,355.3,7.29,17.2,24.8,1.22
2026-06-05 11:52:00,361.9,7.24,17.3,25.2,1.2
2026-06-05 11:53:00,324.3,7.4,17.5,25.1,1.17
2026-06-05 11:54:00,332.6,7.42,17.4,25.4,1.21
2026-06-05 11:55:00,369.2,7.43,17.6,25.6,1.17
2026-06-05 11:56:00,375.6,7.54,17.4,25.4,1.25
2026-06-05 11:57:00,346.3,7.22,17.3,25.2,1.21
2026-06-05 11:58:00,356.3,7.48,17.3,25.6,1.19
2026-06-05 11:59:00,364.4,7.28,16.7,25.7,1.2
2026-06-05 12:00:00,370.4,7.48,17.2,25.4,1.23
2026-06-05 12:01:00,329.6,7.34,17.2,25.5,1.21
2026-06-05 12:02:00,346.7,7.31,17.3,25.6,1.26
2026-06-05 12:03:00,355.0,7.33,17.3,24.7,1.23
2026-06-05 12:04:00,370.5,7.25,17.3,25.2,1.21
2026-06-05 12:05:00,397.5,7.39,17.0,25.5,1.17
2026-06-05 12:06:00,356.6,7.31,17.0,25.3,1.2
2026-06-05 12:07:00,338.9,7.47,17.1,25.3,1.21
2026-06-05 12:08:00,366.0,7.45,17.6,25.6,1.18
2026-06-05 12:09:00,379.8,7.56,17.0,25.6,1.24
2026-06-05 12:10:00,361.6,7.43,17.1,25.6,1.17
2026-06-05 12:11:00,346.4,7.44,17.3,25.1,1.18
2026-06-05 12:12:00,374.4,7.53,17.0,24.9,1.18
2026-06-05 12:13:00,370.0,7.33,17.1,25.8,1.22
2026-06-05 12:14:00,344.6,7.24,17.5,25.2,1.18
2026-06-05 12:15:00,365.7,7.41,17.2,25.2,1.15
2026-06-05 12:16:00,375.0,7.25,17.7,25.1,1.23
2026-06-05 12:17:00,377.7,7.64,17.0,26.0,1.19
2026-06-05 12:18:00,359.0,7.54,17.3,25.6,1.17
2026-06-05 12:19:00,354.6,7.61,17.3,25.7,1.18
2026-06-05 12:20:00,378.4,7.4,17.4,25.8,1.25
2026-06-05 12:21:00,341.8,7.45,17.1,25.5,1.18
2026-06-05 12:22:00,366.6,7.34,17.3,26.0,1.2
2026-06-05 12:23:00,339.4,7.48,17.5,25.1,1.19
2026-06-05 12:24:00,376.0,7.27,17.3,25.1,1.16
2026-06-05 12:25:00,356.1,7.14,17.2,25.1,1.18
2026-06-05 12:26:00,379.0,7.31,17.8,25.8,1.16
2026-06-05 12:27:00,367.4,7.24,17.4,25.8,1.23
2026-06-05 12:28:00,341.7,7.54,17.5,25.4,1.2
2026-06-05 12:29:00,381.4,7.57,17.6,25.5,1.27
2026-06-05 12:30:00,383.3,7.25,17.4,26.1,1.18
2026-06-05 12:31:00,373.2,7.52,17.3,25.3,1.17
2026-06-05 12:32:00,348.6,7.49,17.5,25.8,1.25
2026-06-05 12:33:00,355.4,7.23,17.3,25.4,1.23
2026-06-05 12:34:00,362.2,7.35,17.5,26.1,1.21
2026-06-05 12:35:00,349.4,7.33,17.4,25.9,1.17
2026-06-05 12:36:00,385.4,7.46,17.6,25.1,1.25
2026-06-05 12:37:00,362.2,7.27,17.2,25.6,1.2
2026-06-05 12:38:00,319.4,7.38,17.6,24.9,1.19
2026-06-05 12:39:00,365.1,7.32,17.6,26.1,1.23
2026-06-05 12:40:00,354.8,7.44,17.4,26.5,1.2
2026-06-05 12:41:00,358.9,7.37,17.6,24.8,1.17
2026-06-05 12:42:00,354.5,7.34,17.6,25.1,1.2
2026-06-05 12:43:00,372.1,7.37,17.6,25.8,1.18
2026-06-05 12:44:00,376.8,7.59,17.6,25.7,1.11
2026-06-05 12:45:00,364.2,7.35,17.5,25.6,1.17
2026-06-05 12:46:00,354.9,7.29,17.4,25.0,1.18
2026-06-05 12:47:00,359.4,7.45,17.4,25.9,1.17
2026-06-05 12:48:00,360.3,7.38,17.5,26.1,1.22
2026-06-05 12:49:00,348.0,7.25,17.7,26.9,1.18
2026-06-05 12:50:00,368.7,7.61,17.6,26.3,1.21
2026-06-05 12:51:00,366.9,7.35,17.7,25.3,1.16
2026-06-05 12:52:00,383.1,7.35,17.7,25.8,1.23
2026-06-05 12:53:00,378.8,7.41,17.5,26.0,1.16
2026-06-05 12:54:00,349.7,7.56,17.9,25.5,1.13
2026-06-05 12:55:00,372.3,7.22,17.5,26.1,1.24
2026-06-05 12:56:00,345.7,7.42,17.4,26.1,1.17
2026-06-05 12:57:00,370.4,7.6,17.6,26.3,1.25
2026-06-05 12:58:00,352.3,7.4,17.6,26.1,1.22
2026-06-05 12:59:00,344.7,7.27,17.4,25.9,1.22
2026-06-05 13:00:00,364.2,7.33,17.5,25.6,1.23
2026-06-05 13:01:00,319.9,7.41,17.5,25.3,1.2
2026-06-05 13:02:00,333.7,7.52,17.6,25.9,1.2
2026-06-05 13:03:00,357.3,7.36,17.7,25.7,1.24
2026-06-05 13:04:00,361.2,7.47,17.5,25.7,1.2
2026-06-05 13:05:00,354.5,7.25,17.7,26.3,1.18
2026-06-05 13:06:00,336.3,7.25,17.3,26.4,1.22
2026-06-05 13:07:00,347.7,7.34,17.8,25.4,1.14
2026-06-05 13:08:00,365.9,7.53,17.5,25.8,1.24
2026-06-05 13:09:00,368.7,7.4,17.5,25.7,1.24
2026-06-05 13:10:00,359.8,7.42,17.7,26.0,1.24
2026-06-05 13:11:00,377.4,7.42,17.7,25.0,1.23
2026-06-05 13:12:00,366.0,7.5,17.6,25.3,1.2
2026-06-05 13:13:00,348.8,7.33,17.4,25.8,1.2
2026-06-05 13:14:00,355.8,7.46,17.5,26.2,1.16
2026-06-05 13:15:00,339.0,7.31,17.6,25.9,1.25
2026-06-05 13:16:00,358.4,7.59,17.7,26.2,1.19
2026-06-05 13:17:00,376.7,7.31,17.5,26.0,1.21
2026-06-05 13:18:00,370.3,7.3,17.5,26.4,1.21
2026-06-05 13:19:00,381.0,7.44,17.7,26.5,1.16
2026-06-05 13:20:00,355.5,7.4,17.6,25.6,1.15
2026-06-05 13:21:00,380.2,7.42,17.7,26.3,1.2
2026-06-05 13:22:00,357.1,7.41,17.1,26.1,1.19
2026-06-05 13:23:00,382.1,7.28,17.6,26.9,1.2
2026-06-05 13:24:00,359.7,7.55,17.8,25.6,1.23
2026-06-05 13:25:00,370.6,7.48,17.5,25.9,1.21
2026-06-05 13:26:00,382.1,7.53,17.8,25.5,1.22
2026-06-05 13:27:00,357.1,7.34,17.4,25.6,1.21
2026-06-05 13:28:00,363.3,7.43,17.4,26.1,1.19
2026-06-05 13:29:00,379.3,7.41,17.8,26.0,1.17
2026-06-05 13:30:00,358.0,7.5,17.7,26.2,1.21
2026-06-05 13:31:00,340.2,7.51,17.6,26.2,1.2
2026-06-05 13:32:00,392.1,7.41,17.9,25.9,1.23
2026-06-05 13:33:00,353.0,7.24,17.6,25.9,1.2
2026-06-05 13:34:00,362.4,7.57,17.6,25.6,1.19
2026-06-05 13:35:00,377.3,7.45,17.6,25.7,1.19
2026-06-05 13:36:00,350.9,7.33,17.5,25.9,1.17
2026-06-05 13:37:00,344.9,7.43,17.8,26.1,1.24
2026-06-05 13:38:00,363.8,7.24,17.7,26.3,1.23
2026-06-05 13:39:00,333.1,7.5,18.0,26.2,1.16
2026-06-05 13:40:00,355.7,7.24,17.1,26.6,1.22
2026-06-05 13:41:00,363.7,7.37,17.9,25.6,1.14
2026-06-05 13:42:00,356.0,7.41,17.8,25.9,1.23
2026-06-05 13:43:00,336.8,7.49,17.7,25.6,1.18
2026-06-05 13:44:00,383.9,7.4,17.5,26.5,1.21
2026-06-05 13:45:00,361.6,7.45,17.4,25.8,1.14
2026-06-05 13:46:00,381.5,7.39,17.9,26.5,1.16
2026-06-05 13:47:00,356.1,7.39,17.8,26.6,1.21
2026-06-05 13:48:00,346.8,7.4,17.8,26.2,1.18
2026-06-05 13:49:00,364.0,7.37,17.7,26.1,1.17
2026-06-05 13:50:00,356.8,7.22,17.9,26.0,1.24
2026-06-05 13:51:00,342.3,7.31,17.7,25.9,1.27
2026-06-05 13:52:00,382.0,7.41,17.7,25.8,1.23
2026-06-05 13:53:00,350.7,7.37,17.7,25.9,1.17
2026-06-05 13:54:00,332.4,7.37,17.7,26.7,1.25
2026-06-05 13:55:00,379.9,7.36,18.0,25.6,1.15
2026-06-05 13:56:00,352.4,7.3,17.5,26.1,1.19
2026-06-05 13:57:00,350.9,7.34,17.4,26.3,1.2
2026-06-05 13:58:00,333.5,7.36,17.5,25.9,1.26
2026-06-05 13:59:00,386.1,7.39,17.9,26.2,1.23
2026-06-05 14:00:00,340.7,7.43,17.8,25.4,1.19
2026-06-05 14:01:00,360.9,7.37,17.5,26.5,1.17
2026-06-05 14:02:00,373.7,7.29,17.8,26.5,1.23
2026-06-05 14:03:00,366.3,7.25,17.7,26.0,1.18
2026-06-05 14:04:00,359.1,7.65,17.9,25.6,1.21
2026-06-05 14:05:00,334.5,7.28,18.0,26.3,1.16
2026-06-05 14:06:00,347.9,7.34,18.3,25.5,1.22
2026-06-05 14:07:00,362.8,7.44,17.6,25.6,1.21
2026-06-05 14:08:00,348.2,7.43,17.5,26.0,1.16
2026-06-05 14:09:00,363.1,7.44,17.9,26.6,1.23
2026-06-05 14:10:00,370.2,7.35,18.0,26.3,1.22
2026-06-05 14:11:00,374.4,7.41,17.6,25.7,1.22
2026-06-05 14:12:00,341.6,7.4,17.6,25.3,1.19
2026-06-05 14:13:00,392.9,7.36,17.9,26.0,1.21
2026-06-05 14:14:00,371.5,7.41,18.2,26.1,1.2
2026-06-05 14:15:00,360.0,7.5,17.7,26.0,1.2
2026-06-05 14:16:00,376.3,7.39,17.9,26.7,1.21
2026-06-05 14:17:00,395.5,7.39,17.5,25.9,1.24
2026-06-05 14:18:00,338.4,7.5,17.8,25.1,1.23
2026-06-05 14:19:00,356.6,7.49,17.8,25.8,1.16
2026-06-05 14:20:00,324.3,7.55,18.2,26.2,1.23
2026-06-05 14:21:00,362.9,7.21,17.7,26.1,1.24
2026-06-05 14:22:00,365.5,7.48,18.0,25.9,1.2
2026-06-05 14:23:00,359.4,7.45,17.7,25.8,1.22
2026-06-05 14:24:00,350.2,7.3,17.9,25.2,1.21
2026-06-05 14:25:00,329.3,7.42,18.3,26.0,1.17
2026-06-05 14:26:00,365.6,7.5,18.2,25.8,1.19
2026-06-05 14:27:00,381.8,7.31,18.3,26.1,1.22
2026-06-05 14:28:00,351.1,7.43,18.0,26.2,1.19
2026-06-05 14:29:00,366.6,7.48,17.8,26.5,1.23
2026-06-05 14:30:00,336.5,7.28,17.9,25.6,1.24
2026-06-05 14:31:00,366.9,7.38,18.0,25.4,1.23
2026-06-05 14:32:00,354.1,7.42,18.0,25.7,1.26
2026-06-05 14:33:00,348.6,7.31,17.8,25.7,1.2
2026-06-05 14:34:00,348.6,7.3,17.7,25.6,1.21
2026-06-05 14:35:00,354.1,7.38,17.8,26.5,1.21
2026-06-05 14:36:00,365.7,7.47,18.1,26.0,1.2
2026-06-05 14:37:00,340.3,7.45,18.1,26.7,1.22
2026-06-05 14:38:00,354.0,7.3,18.5,25.9,1.15
2026-06-05 14:39:00,359.4,7.46,18.0,25.5,1.21
2026-06-05 14:40:00,343.5,7.31,17.8,25.6,1.16
2026-06-05 14:41:00,386.9,7.23,17.8,26.3,1.17
2026-06-05 14:42:00,347.2,7.35,17.9,25.5,1.22
2026-06-05 14:43:00,350.0,7.5,18.2,26.1,1.19
2026-06-05 14:44:00,345.3,7.46,18.1,25.8,1.22
2026-06-05 14:45:00,387.0,7.39,17.7,25.5,1.19
2026-06-05 14:46:00,368.3,7.35,17.9,26.5,1.23
2026-06-05 14:47:00,346.0,7.35,17.6,25.7,1.19
2026-06-05 14:48:00,376.6,7.4,18.0,25.6,1.14
2026-06-05 14:49:00,363.0,7.28,17.8,25.9,1.21
2026-06-05 14:50:00,363.9,7.36,17.8,25.7,1.13
2026-06-05 14:51:00,354.8,7.37,17.6,26.8,1.16
2026-06-05 14:52:00,348.8,7.25,18.1,26.3,1.17
2026-06-05 14:53:00,365.1,7.31,18.2,25.6,1.17
2026-06-05 14:54:00,351.8,7.43,17.8,25.7,1.18
2026-06-05 14:55:00,387.3,7.39,17.9,25.0,1.17
2026-06-05 14:56:00,341.0,7.36,17.8,25.9,1.16
2026-06-05 14:57:00,383.0,7.3,17.9,25.5,1.25
2026-06-05 14:58:00,358.3,7.55,17.8,25.9,1.18
2026-06-05 14:59:00,364.5,7.31,17.7,25.0,1.13
2026-06-05 15:00:00,372.5,7.42,18.2,25.8,2.29
2026-06-05 15:01:00,350.5,7.34,17.4,26.5,2.27
2026-06-05 15:02:00,373.0,7.39,18.1,25.8,2.27
2026-06-05 15:03:00,319.4,7.44,18.0,25.5,2.32
2026-06-05 15:04:00,349.2,7.25,18.3,25.8,2.29
2026-06-05 15:05:00,346.1,7.39,17.9,25.8,2.27
2026-06-05 15:06:00,341.2,7.51,17.9,26.7,2.31
2026-06-05 15:07:00,356.8,7.57,17.8,25.7,2.33
2026-06-05 15:08:00,365.8,7.38,18.0,25.3,2.32
2026-06-05 15:09:00,370.5,7.39,17.8,25.8,2.23
2026-06-05 15:10:00,363.6,7.61,17.7,25.8,2.27
2026-06-05 15:11:00,350.0,7.5,17.8,26.0,2.3
2026-06-05 15:12:00,365.5,7.33,17.8,26.1,2.29
2026-06-05 15:13:00,361.9,7.33,17.8,26.5,2.29
2026-06-05 15:14:00,374.0,7.49,18.0,25.5,2.27
2026-06-05 15:15:00,371.7,7.29,17.9,25.5,2.26
2026-06-05 15:16:00,360.5,7.5,18.1,25.0,2.36
2026-06-05 15:17:00,346.5,7.42,18.0,26.0,2.3
2026-06-05 15:18:00,350.2,7.44,17.7,25.4,2.32
2026-06-05 15:19:00,351.8,7.36,17.6,26.1,2.3
2026-06-05 15:20:00,355.3,7.33,17.8,25.5,2.3
2026-06-05 15:21:00,364.0,7.54,18.1,26.4,2.3
2026-06-05 15:22:00,370.7,7.37,18.1,25.1,2.27
2026-06-05 15:23:00,359.2,7.35,18.2,26.1,2.25
2026-06-05 15:24:00,360.2,7.38,18.1,26.0,2.31
2026-06-05 15:25:00,362.1,7.41,18.2,25.9,2.31
2026-06-05 15:26:00,352.3,7.29,18.1,25.2,2.33
2026-06-05 15:27:00,346.1,7.33,18.3,25.9,2.32
2026-06-05 15:28:00,333.7,7.33,18.0,25.7,2.28
2026-06-05 15:29:00,349.6,7.47,18.4,24.9,2.33
2026-06-05 15:30:00,367.1,7.3,17.9,26.2,2.32
2026-06-05 15:31:00,349.5,7.21,17.9,25.5,2.32
2026-06-05 15:32:00,356.4,7.19,18.0,26.2,2.37
2026-06-05 15:33:00,367.0,7.24,18.0,25.6,2.36
2026-06-05 15:34:00,367.8,7.53,17.9,26.0,2.32
2026-06-05 15:35:00,343.8,7.39,18.1,25.2,2.32
2026-06-05 15:36:00,375.0,7.44,18.0,25.7,2.33
2026-06-05 15:37:00,376.9,7.44,17.9,25.6,2.28
2026-06-05 15:38:00,343.1,7.4,17.9,25.4,2.28
2026-06-05 15:39:00,347.6,7.38,18.2,25.2,2.32
2026-06-05 15:40:00,377.9,7.49,18.1,24.3,2.27
2026-06-05 15:41:00,357.8,7.4,17.7,25.2,2.32
2026-06-05 15:42:00,326.7,7.53,18.3,25.8,2.3
2026-06-05 15:43:00,339.0,7.45,18.1,24.9,2.27
2026-06-05 15:44:00,356.3,7.33,18.1,25.0,2.3
2026-06-05 15:45:00,342.6,7.34,18.2,24.9,2.34
2026-06-05 15:46:00,353.8,7.32,18.2,25.6,2.3
2026-06-05 15:47:00,360.5,7.51,17.8,25.1,2.3
2026-06-05 15:48:00,381.9,7.35,17.8,25.9,2.31
2026-06-05 15:49:00,355.6,7.31,18.5,25.7,2.31
2026-06-05 15:50:00,376.1,7.42,17.9,25.5,2.29
2026-06-05 15:51:00,381.4,7.38,18.1,25.5,2.31
2026-06-05 15:52:00,381.5,7.42,18.3,25.1,2.27
2026-06-05 15:53:00,364.3,7.58,17.9,25.1,2.28
2026-06-05 15:54:00,330.6,7.48,17.9,25.7,2.28
2026-06-05 15:55:00,366.9,7.39,18.2,25.7,2.31
2026-06-05 15:56:00,375.7,7.25,18.0,25.7,2.3
2026-06-05 15:57:00,358.8,7.34,18.1,25.2,2.3
2026-06-05 15:58:00,386.2,7.46,18.0,25.2,2.32
2026-06-05 15:59:00,372.9,7.27,17.9,25.0,2.31
2026-06-05 16:00:00,368.5,7.6,17.9,25.6,2.29
2026-06-05 16:01:00,376.3,7.39,18.2,24.5,2.27
2026-06-05 16:02:00,365.0,7.39,17.9,24.4,2.28
2026-06-05 16:03:00,322.6,7.32,18.1,24.5,2.26
2026-06-05 16:04:00,352.5,7.44,17.8,24.4,2.3
2026-06-05 16:05:00,378.0,7.27,18.4,25.8,2.27
2026-06-05 16:06:00,347.9,7.61,18.1,25.6,2.29
2026-06-05 16:07:00,356.6,7.52,18.1,24.8,2.3
2026-06-05 16:08:00,344.3,7.49,18.2,25.2,2.33
2026-06-05 16:09:00,386.8,7.25,17.9,25.8,2.33
2026-06-05 16:10:00,385.2,7.41,18.2,25.4,2.3
2026-06-05 16:11:00,346.7,7.51,17.7,26.1,2.34
2026-06-05 16:12:00,362.2,7.45,17.9,25.1,2.24
2026-06-05 16:13:00,349.8,7.29,17.8,24.9,2.36
2026-06-05 16:14:00,369.2,7.32,17.6,24.7,2.32
2026-06-05 16:15:00,367.6,7.34,17.9,25.2,2.3
2026-06-05 16:16:00,372.2,7.33,18.0,25.5,2.27
2026-06-05 16:17:00,365.0,7.54,17.8,25.2,2.29
2026-06-05 16:18:00,404.0,7.2,17.7,25.0,2.32
2026-06-05 16:19:00,344.6,7.46,18.0,25.6,2.32
2026-06-05 16:20:00,334.3,7.26,18.0,25.3,2.32
2026-06-05 16:21:00,354.1,7.29,17.9,25.0,2.28
2026-06-05 16:22:00,336.5,7.19,17.7,24.8,2.27
2026-06-05 16:23:00,337.6,7.34,17.9,25.0,2.31
2026-06-05 16:24:00,345.0,7.54,17.9,25.2,2.32
2026-06-05 16:25:00,346.2,7.42,18.0,24.7,2.3
2026-06-05 16:26:00,345.7,7.27,17.9,24.5,2.34
2026-06-05 16:27:00,367.8,7.49,18.0,24.8,2.3
2026-06-05 16:28:00,352.4,7.51,17.7,25.0,2.3
2026-06-05 16:29:00,357.3,7.4,17.7,25.5,2.32
2026-06-05 16:30:00,373.4,7.59,18.1,24.5,2.34
2026-06-05 16:31:00,348.5,7.47,18.1,25.0,2.26
2026-06-05 16:32:00,356.0,7.46,17.9,24.8,2.27
2026-06-05 16:33:00,365.5,7.31,18.0,24.8,2.29
2026-06-05 16:34:00,330.9,7.45,17.9,25.5,2.39
2026-06-05 16:35:00,324.2,7.41,18.2,24.9,2.29
2026-06-05 16:36:00,365.2,7.44,17.9,24.5,2.3
2026-06-05 16:37:00,367.4,7.32,17.9,25.2,2.32
2026-06-05 16:38:00,391.0,7.4,18.2,25.2,2.33
2026-06-05 16:39:00,362.4,7.31,17.8,24.4,2.31
2026-06-05 16:40:00,372.3,7.18,18.0,24.4,2.33
2026-06-05 16:41:00,357.1,7.49,17.8,25.0,2.26
2026-06-05 16:42:00,364.5,7.24,18.1,24.8,2.28
2026-06-05 16:43:00,385.0,7.4,18.1,24.6,2.33
2026-06-05 16:44:00,328.1,7.42,17.7,25.2,2.3
2026-06-05 16:45:00,366.2,7.42,17.7,24.5,2.26
2026-06-05 16:46:00,392.0,7.36,18.0,24.9,2.26
2026-06-05 16:47:00,364.2,7.42,18.4,25.2,2.28
2026-06-05 16:48:00,384.8,7.44,18.1,24.6,2.3
2026-06-05 16:49:00,350.6,7.46,17.9,24.0,2.31
2026-06-05 16:50:00,359.5,7.56,17.8,24.5,2.29
2026-06-05 16:51:00,360.5,7.41,17.7,24.7,2.31
2026-06-05 16:52:00,326.7,7.4,18.1,25.1,2.29
2026-06-05 16:53:00,342.5,7.3,18.1,24.4,2.34
2026-06-05 16:54:00,343.5,7.43,17.8,25.3,2.38
2026-06-05 16:55:00,372.3,7.46,17.9,24.1,2.29
2026-06-05 16:56:00,373.1,7.37,18.0,24.7,2.31
2026-06-05 16:57:00,364.9,7.44,18.3,24.5,2.31
2026-06-05 16:58:00,372.4,7.36,18.0,25.1,2.3
2026-06-05 16:59:00,357.5,7.46,17.8,24.0,2.32
2026-06-05 17:00:00,378.0,7.48,17.7,24.7,2.31
2026-06-05 17:01:00,360.1,7.48,17.8,24.4,2.29
2026-06-05 17:02:00,360.9,7.4,18.2,25.1,2.34
2026-06-05 17:03:00,356.0,7.29,18.0,24.2,2.31
2026-06-05 17:04:00,370.3,7.33,17.9,24.6,2.29
2026-06-05 17:05:00,353.7,7.45,17.4,24.1,2.37
2026-06-05 17:06:00,374.6,7.63,17.8,24.5,2.3
2026-06-05 17:07:00,343.0,7.36,18.0,24.3,2.31
2026-06-05 17:08:00,343.5,7.44,18.0,24.3,2.31
2026-06-05 17:09:00,370.3,7.33,18.0,23.6,2.3
2026-06-05 17:10:00,358.7,7.29,17.7,24.5,2.31
2026-06-05 17:11:00,353.2,7.32,18.0,23.9,2.27
2026-06-05 17:12:00,373.4,7.18,17.7,23.9,2.32
2026-06-05 17:13:00,350.9,7.53,17.9,23.7,2.25
2026-06-05 17:14:00,357.0,7.17,17.8,23.9,2.26
2026-06-05 17:15:00,381.0,7.36,18.1,24.5,2.35
2026-06-05 17:16:00,383.1,7.27,18.0,24.5,2.26
2026-06-05 17:17:00,383.6,7.3,17.9,24.5,2.24
2026-06-05 17:18:00,355.8,7.53,18.2,23.8,2.26
2026-06-05 17:19:00,378.5,7.41,17.8,24.3,2.35
2026-06-05 17:20:00,345.8,7.29,17.6,24.0,2.25
2026-06-05 17:21:00,346.4,7.33,18.1,24.6,2.27
2026-06-05 17:22:00,324.7,7.31,18.0,24.4,2.26
2026-06-05 17:23:00,385.1,7.39,17.8,23.9,2.29
2026-06-05 17:24:00,347.0,7.41,17.8,24.6,2.29
2026-06-05 17:25:00,358.1,7.58,18.0,24.3,2.29
2026-06-05 17:26:00,346.3,7.2,18.1,23.6,2.36
2026-06-05 17:27:00,370.4,7.39,17.7,23.4,2.26
2026-06-05 17:28:00,354.4,7.36,18.0,23.5,2.3
2026-06-05 17:29:00,340.4,7.48,17.9,24.7,2.31
2026-06-05 17:30:00,366.6,7.43,17.7,23.6,2.27
2026-06-05 17:31:00,338.5,7.45,17.9,24.8,2.31
2026-06-05 17:32:00,347.4,7.42,17.8,23.6,2.29
2026-06-05 17:33:00,328.4,7.3,18.1,23.5,2.31
2026-06-05 17:34:00,338.6,7.51,17.7,24.3,2.3
2026-06-05 17:35:00,362.7,7.47,18.2,24.3,2.24
2026-06-05 17:36:00,330.5,7.48,17.9,24.2,2.34
2026-06-05 17:37:00,337.8,7.52,17.5,24.2,2.36
2026-06-05 17:38:00,360.0,7.43,17.4,23.6,2.29
2026-06-05 17:39:00,351.8,7.54,17.8,24.2,2.27
2026-06-05 17:40:00,389.9,7.43,18.1,24.0,2.35
2026-06-05 17:41:00,387.5,7.37,18.1,23.7,2.36
2026-06-05 17:42:00,347.0,7.39,17.9,23.9,2.29
2026-06-05 17:43:00,368.4,7.39,17.7,24.2,2.29
2026-06-05 17:44:00,371.2,7.34,17.8,24.0,2.3
2026-06-05 17:45:00,351.0,7.55,17.9,22.9,2.25
2026-06-05 17:46:00,337.6,7.42,18.1,24.1,2.29
2026-06-05 17:47:00,359.8,7.4,18.0,24.1,2.35
2026-06-05 17:48:00,357.4,7.43,18.0,23.6,2.29
2026-06-05 17:49:00,353.5,7.69,18.0,23.8,2.27
2026-06-05 17:50:00,366.6,7.28,18.0,23.7,2.31
2026-06-05 17:51:00,348.7,7.31,17.4,22.9,2.28
2026-06-05 17:52:00,342.7,7.25,17.6,23.5,2.3
2026-06-05 17:53:00,361.6,7.37,17.6,23.5,2.26
2026-06-05 17:54:00,365.8,7.41,17.6,23.5,2.27
2026-06-05 17:55:00,342.4,7.34,17.8,23.4,2.32
2026-06-05 17:56:00,373.9,7.34,17.5,23.8,2.3
2026-06-05 17:57:00,333.4,7.4,17.6,23.2,2.28
2026-06-05 17:58:00,351.3,7.34,17.8,23.9,2.3
2026-06-05 17:59:00,356.1,7.42,17.5,23.8,2.28
2026-06-05 18:00:00,350.5,7.5,17.7,24.0,2.28
2026-06-05 18:01:00,351.5,7.46,17.9,24.2,2.33
2026-06-05 18:02:00,388.1,7.48,17.5,24.2,2.32
2026-06-05 18:03:00,347.2,7.5,17.9,23.0,2.3
2026-06-05 18:04:00,396.6,7.42,17.6,23.6,2.3
2026-06-05 18:05:00,366.6,7.37,17.8,23.1,2.3
2026-06-05 18:06:00,361.4,7.31,17.6,24.7,2.31
2026-06-05 18:07:00,367.1,7.35,17.9,23.6,2.28
2026-06-05 18:08:00,397.9,7.34,17.7,23.9,2.33
2026-06-05 18:09:00,345.1,7.46,17.9,23.5,2.31
2026-06-05 18:10:00,343.2,7.42,17.7,22.3,2.29
2026-06-05 18:11:00,348.7,7.46,17.9,23.0,2.29
2026-06-05 18:12:00,360.5,7.27,17.9,23.0,2.33
2026-06-05 18:13:00,334.1,7.53,17.8,23.1,2.3
2026-06-05 18:14:00,360.3,7.35,17.7,23.4,2.28
2026-06-05 18:15:00,385.4,7.28,17.7,23.4,2.29
2026-06-05 18:16:00,362.3,7.35,17.5,22.1,2.32
2026-06-05 18:17:00,355.6,7.64,17.8,23.1,2.25
2026-06-05 18:18:00,350.7,7.35,17.9,23.0,2.29
2026-06-05 18:19:00,373.5,7.36,18.0,23.7,2.33
2026-06-05 18:20:00,347.6,7.37,18.0,23.3,2.29
2026-06-05 18:21:00,387.7,7.38,17.5,23.0,2.31
2026-06-05 18:22:00,389.0,7.31,17.8,23.2,2.33
2026-06-05 18:23:00,363.9,7.4,17.7,22.4,2.33
2026-06-05 18:24:00,359.8,7.5,18.0,23.3,2.29
2026-06-05 18:25:00,375.5,7.42,17.6,22.9,2.3
2026-06-05 18:26:00,376.4,7.28,17.9,22.7,2.33
2026-06-05 18:27:00,347.9,7.36,17.5,23.5,2.33
2026-06-05 18:28:00,352.1,7.33,17.7,23.1,2.3
2026-06-05 18:29:00,340.2,7.4,17.5,22.7,2.3
2026-06-05 18:30:00,366.1,7.52,17.3,22.7,2.31
2026-06-05 18:31:00,370.0,7.38,17.5,23.0,2.34
2026-06-05 18:32:00,339.8,7.38,17.6,23.0,2.33
2026-06-05 18:33:00,353.2,7.57,18.0,22.9,2.32
2026-06-05 18:34:00,339.8,7.48,17.5,22.4,2.27
2026-06-05 18:35:00,346.5,7.45,17.5,22.4,2.29
2026-06-05 18:36:00,368.3,7.59,17.4,22.5,2.29
2026-06-05 18:37:00,349.0,7.44,17.9,22.7,2.34
2026-06-05 18:38:00,355.5,7.19,17.6,22.7,2.29
2026-06-05 18:39:00,335.6,7.47,17.6,22.7,2.34
2026-06-05 18:40:00,362.8,7.23,17.6,22.7,2.28
2026-06-05 18:41:00,359.3,7.44,17.3,23.4,2.29
2026-06-05 18:42:00,349.1,7.22,17.3,23.0,2.31
2026-06-05 18:43:00,357.2,7.34,17.4,23.1,2.35
2026-06-05 18:44:00,362.7,7.35,17.8,22.8,2.29
2026-06-05 18:45:00,347.8,7.31,17.1,22.6,2.22
2026-06-05 18:46:00,337.9,7.36,17.7,22.8,2.25
2026-06-05 18:47:00,387.1,7.49,17.7,22.7,2.31
2026-06-05 18:48:00,350.5,7.32,17.3,22.9,2.26
2026-06-05 18:49:00,358.5,7.44,17.5,22.1,2.27
2026-06-05 18:50:00,375.2,7.29,17.8,22.8,2.3
2026-06-05 18:51:00,412.9,7.37,17.4,22.5,2.23
2026-06-05 18:52:00,341.3,7.42,17.5,21.7,2.29
2026-06-05 18:53:00,366.7,7.29,18.1,22.5,2.27
2026-06-05 18:54:00,349.4,7.26,17.7,21.9,2.26
2026-06-05 18:55:00,351.9,7.44,17.5,22.2,2.28
2026-06-05 18:56:00,349.2,7.5,17.5,22.3,2.27
2026-06-05 18:57:00,343.1,7.38,17.6,21.8,2.31
2026-06-05 18:58:00,359.4,7.34,17.7,22.3,2.34
2026-06-05 18:59:00,337.9,7.41,17.1,22.3,2.29
2026-06-05 19:00:00,374.2,7.4,17.1,22.6,1.18
2026-06-05 19:01:00,360.8,7.41,17.4,22.1,1.19
2026-06-05 19:02:00,366.3,7.14,17.5,22.4,1.17
2026-06-05 19:03:00,353.0,7.28,17.6,22.2,1.16
2026-06-05 19:04:00,354.5,7.31,17.2,22.0,1.15
2026-06-05 19:05:00,364.3,7.41,17.5,21.5,1.16
2026-06-05 19:06:00,342.5,7.41,17.5,22.1,1.25
2026-06-05 19:07:00,354.6,7.45,17.4,22.4,1.18
2026-06-05 19:08:00,347.1,7.42,17.4,21.8,1.11
2026-06-05 19:09:00,346.6,7.26,17.4,22.0,1.18
2026-06-05 19:10:00,328.4,7.53,17.6,22.1,1.15
2026-06-05 19:11:00,380.1,7.52,17.5,22.5,1.2
2026-06-05 19:12:00,349.7,7.26,17.3,22.1,1.2
2026-06-05 19:13:00,377.5,7.42,17.7,22.1,1.2
2026-06-05 19:14:00,376.0,7.33,17.2,22.0,1.2
2026-06-05 19:15:00,340.7,7.4,17.1,21.8,1.19
2026-06-05 19:16:00,343.7,7.5,17.4,21.5,1.16
2026-06-05 19:17:00,398.4,7.6,17.4,21.8,1.2
2026-06-05 19:18:00,386.3,7.47,17.5,22.1,1.23
2026-06-05 19:19:00,359.5,7.42,17.2,21.9,1.25
2026-06-05 19:20:00,363.9,7.36,17.6,22.5,1.19
2026-06-05 19:21:00,350.5,7.41,17.8,22.2,1.2
2026-06-05 19:22:00,366.5,7.53,17.4,22.3,1.22
2026-06-05 19:23:00,349.2,7.39,17.5,21.0,1.24
2026-06-05 19:24:00,329.5,7.3,17.0,22.4,1.19
2026-06-05 19:25:00,340.2,7.23,17.4,21.9,1.22
2026-06-05 19:26:00,360.3,7.44,17.3,21.9,1.18
2026-06-05 19:27:00,343.0,7.41,17.3,22.1,1.21
2026-06-05 19:28:00,359.0,7.33,17.3,21.7,1.23
2026-06-05 19:29:00,343.9,7.49,17.3,21.2,1.16
2026-06-05 19:30:00,348.3,7.35,17.1,22.2,1.18
2026-06-05 19:31:00,372.8,7.38,17.3,21.3,1.23
2026-06-05 19:32:00,363.7,7.39,17.2,21.2,1.22
2026-06-05 19:33:00,359.9,7.35,17.6,21.5,1.23
2026-06-05 19:34:00,373.2,7.41,17.5,21.4,1.23
2026-06-05 19:35:00,367.2,7.51,17.5,21.5,1.19
2026-06-05 19:36:00,381.7,7.28,17.6,21.5,1.27
2026-06-05 19:37:00,353.1,7.44,17.2,22.0,1.2
2026-06-05 19:38:00,353.6,7.41,17.4,21.7,1.11
2026-06-05 19:39:00,340.5,7.41,17.6,21.1,1.19
2026-06-05 19:40:00,353.6,7.48,17.2,21.1,1.19
2026-06-05 19:41:00,374.5,7.39,16.9,21.3,1.22
2026-06-05 19:42:00,379.5,7.44,17.2,21.2,1.19
2026-06-05 19:43:00,374.4,7.46,17.5,21.2,1.23
2026-06-05 19:44:00,333.1,7.34,17.1,20.9,1.22
2026-06-05 19:45:00,376.2,7.42,17.2,21.4,1.17
2026-06-05 19:46:00,332.4,7.36,17.2,21.1,1.2
2026-06-05 19:47:00,373.5,7.38,17.3,20.9,1.18
2026-06-05 19:48:00,354.5,7.36,17.1,21.5,1.21
2026-06-05 19:49:00,370.5,7.44,17.0,21.6,1.18
2026-06-05 19:50:00,340.0,7.4,17.2,21.1,1.2
2026-06-05 19:51:00,377.6,7.43,17.2,21.9,1.19
2026-06-05 19:52:00,338.0,7.39,17.5,22.1,1.2
2026-06-05 19:53:00,350.0,7.23,17.3,21.4,1.26
2026-06-05 19:54:00,345.0,7.39,17.0,20.9,1.19
2026-06-05 19:55:00,333.7,7.4,17.1,21.2,1.14
2026-06-05 19:56:00,361.4,7.41,17.4,20.6,1.23
2026-06-05 19:57:00,387.1,7.33,17.2,20.7,1.23
2026-06-05 19:58:00,400.0,7.27,17.0,20.4,1.14
2026-06-05 19:59:00,361.5,7.45,17.3,20.8,1.18
2026-06-05 20:00:00,376.8,7.36,17.1,20.5,1.21
2026-06-05 20:01:00,363.5,7.41,17.3,21.2,1.22
2026-06-05 20:02:00,367.5,7.36,17.3,20.7,1.2
2026-06-05 20:03:00,354.9,7.39,17.0,21.0,1.2
2026-06-05 20:04:00,362.9,7.35,17.6,21.2,1.17
2026-06-05 20:05:00,368.1,7.29,17.2,21.4,1.13
2026-06-05 20:06:00,351.3,7.44,16.7,20.7,1.26
2026-06-05 20:07:00,358.8,7.33,17.3,21.0,1.17
2026-06-05 20:08:00,359.1,7.41,16.7,21.0,1.21
2026-06-05 20:09:00,372.4,7.43,17.4,21.3,1.2
2026-06-05 20:10:00,344.0,7.33,17.2,21.1,1.23
2026-06-05 20:11:00,359.2,7.27,17.2,21.3,1.2
2026-06-05 20:12:00,388.7,7.63,17.2,20.1,1.2
2026-06-05 20:13:00,377.5,7.34,17.3,20.5,1.12
2026-06-05 20:14:00,380.2,7.45,17.1,21.1,1.17
2026-06-05 20:15:00,360.4,7.58,17.1,20.9,1.22
2026-06-05 20:16:00,364.8,7.47,17.2,20.6,1.22
2026-06-05 20:17:00,375.0,7.36,16.6,20.4,1.17
2026-06-05 20:18:00,383.4,7.38,17.2,20.9,1.15
2026-06-05 20:19:00,330.7,7.31,17.3,19.8,1.2
2026-06-05 20:20:00,340.3,7.48,17.2,20.9,1.11
2026-06-05 20:21:00,379.6,7.45,17.2,20.6,1.17
2026-06-05 20:22:00,355.8,7.34,17.4,20.3,1.25
2026-06-05 20:23:00,349.9,7.29,17.1,20.7,1.24
2026-06-05 20:24:00,341.2,7.26,17.1,20.3,1.21
2026-06-05 20:25:00,351.7,7.49,17.0,20.5,1.21
2026-06-05 20:26:00,339.0,7.4,16.7,20.4,1.14
2026-06-05 20:27:00,391.4,7.41,17.2,20.7,1.18
2026-06-05 20:28:00,359.7,7.31,17.0,20.5,1.19
2026-06-05 20:29:00,359.1,7.24,16.7,19.6,1.18
2026-06-05 20:30:00,368.8,7.49,17.0,19.8,1.19
2026-06-05 20:31:00,374.4,7.39,17.0,19.9,1.24
2026-06-05 20:32:00,374.2,7.48,17.0,20.5,1.18
2026-06-05 20:33:00,376.1,7.35,17.1,20.5,1.19
2026-06-05 20:34:00,350.5,7.37,16.7,20.9,1.22
2026-06-05 20:35:00,355.5,7.46,17.2,19.8,1.16
2026-06-05 20:36:00,371.5,7.46,17.1,20.7,1.17
2026-06-05 20:37:00,352.1,7.47,17.3,19.4,1.18
2026-06-05 20:38:00,359.9,7.36,16.9,20.2,1.2
2026-06-05 20:39:00,366.0,7.45,17.1,20.3,1.19
2026-06-05 20:40:00,371.8,7.5,16.6,20.2,1.19
2026-06-05 20:41:00,333.3,7.38,16.8,20.0,1.18
2026-06-05 20:42:00,370.7,7.34,16.7,20.1,1.17
2026-06-05 20:43:00,356.5,7.52,17.0,19.6,1.22
2026-06-05 20:44:00,370.6,7.32,16.8,20.4,1.19
2026-06-05 20:45:00,371.7,7.45,16.9,20.1,1.22
2026-06-05 20:46:00,384.1,7.38,17.0,20.1,1.17
2026-06-05 20:47:00,380.3,7.21,16.9,19.9,1.18
2026-06-05 20:48:00,380.2,7.5,16.7,19.8,1.19
2026-06-05 20:49:00,381.7,7.11,17.3,20.1,1.2
2026-06-05 20:50:00,364.4,7.19,17.0,20.6,1.22
2026-06-05 20:51:00,360.5,7.44,17.3,19.3,1.19
2026-06-05 20:52:00,373.1,7.44,16.7,19.3,1.22
2026-06-05 20:53:00,371.0,7.33,16.8,20.0,1.21
2026-06-05 20:54:00,355.4,7.4,16.9,19.7,1.2
2026-06-05 20:55:00,366.1,7.14,17.2,19.9,1.17
2026-06-05 20:56:00,359.5,7.46,17.2,19.8,1.22
2026-06-05 20:57:00,347.2,7.41,16.8,20.0,1.17
2026-06-05 20:58:00,379.4,7.39,16.7,19.6,1.2
2026-06-05 20:59:00,360.8,7.39,16.9,19.2,1.2
2026-06-05 21:00:00,390.7,7.44,17.1,19.4,1.19
2026-06-05 21:01:00,335.6,7.39,16.9,19.6,1.19
2026-06-05 21:02:00,351.6,7.2,16.9,19.2,1.18
2026-06-05 21:03:00,360.5,7.61,17.1,19.6,1.15
2026-06-05 21:04:00,377.1,7.51,17.1,19.6,1.24
2026-06-05 21:05:00,366.0,7.26,17.1,19.5,1.19
2026-06-05 21:06:00,364.7,7.36,17.0,19.7,1.2
2026-06-05 21:07:00,343.1,7.37,17.1,18.9,1.2
2026-06-05 21:08:00,342.6,7.5,16.6,19.2,1.23
2026-06-05 21:09:00,364.8,7.17,17.3,19.1,1.26
2026-06-05 21:10:00,339.5,7.34,17.0,19.8,1.2
2026-06-05 21:11:00,352.0,7.21,16.8,20.4,1.2
2026-06-05 21:12:00,367.5,7.36,17.0,19.1,1.17
2026-06-05 21:13:00,345.3,7.34,16.7,19.3,1.16
2026-06-05 21:14:00,384.1,7.4,16.9,19.1,1.15
2026-06-05 21:15:00,378.4,7.33,16.9,19.5,1.18
2026-06-05 21:16:00,336.4,7.31,17.0,19.1,1.14
2026-06-05 21:17:00,346.0,7.45,16.7,19.5,1.23
2026-06-05 21:18:00,325.7,7.44,17.0,19.6,1.21
2026-06-05 21:19:00,348.3,7.45,16.7,18.8,1.19
2026-06-05 21:20:00,371.5,7.37,16.9,19.4,1.23
2026-06-05 21:21:00,353.8,7.33,16.8,18.6,1.17
2026-06-05 21:22:00,366.9,7.38,16.4,19.1,1.18
2026-06-05 21:23:00,337.2,7.44,16.6,19.1,1.14
2026-06-05 21:24:00,372.0,7.17,16.9,19.1,1.22
2026-06-05 21:25:00,351.7,7.43,16.7,19.1,1.18
2026-06-05 21:26:00,360.2,7.42,17.0,19.0,1.2
2026-06-05 21:27:00,358.6,7.4,16.5,19.0,1.23
2026-06-05 21:28:00,340.9,7.38,16.8,19.2,1.24
2026-06-05 21:29:00,342.7,7.13,16.7,19.2,1.2
2026-06-05 21:30:00,374.5,7.35,16.6,19.1,1.21
2026-06-05 21:31:00,366.0,7.57,16.5,18.8,1.17
2026-06-05 21:32:00,375.8,7.39,16.7,19.5,1.25
2026-06-05 21:33:00,364.9,7.36,16.5,19.6,1.2
2026-06-05 21:34:00,362.1,7.39,16.5,18.5,1.2
2026-06-05 21:35:00,334.1,7.43,16.6,19.1,1.19
2026-06-05 21:36:00,355.9,7.46,16.6,18.8,1.24
2026-06-05 21:37:00,359.6,7.37,16.9,19.3,1.21
2026-06-05 21:38:00,389.3,7.43,16.1,18.9,1.22
2026-06-05 21:39:00,370.3,7.56,16.6,18.9,1.21
2026-06-05 21:40:00,383.0,7.49,16.6,19.1,1.19
2026-06-05 21:41:00,369.0,7.62,16.6,18.7,1.23
2026-06-05 21:42:00,349.3,7.32,16.5,19.5,1.21
2026-06-05 21:43:00,361.8,7.56,16.8,19.0,1.17
2026-06-05 21:44:00,363.5,7.31,16.6,19.2,1.17
2026-06-05 21:45:00,345.9,7.43,16.6,18.7,1.2
2026-06-05 21:46:00,354.2,7.46,16.8,18.7,1.23
2026-06-05 21:47:00,356.9,7.34,16.6,19.1,1.25
2026-06-05 21:48:00,384.1,7.4,16.3,19.0,1.15
2026-06-05 21:49:00,328.8,7.48,16.5,18.2,1.2
2026-06-05 21:50:00,378.1,7.32,16.5,18.7,1.21
2026-06-05 21:51:00,345.9,7.56,16.2,18.9,1.21
2026-06-05 21:52:00,339.4,7.25,16.4,18.6,1.23
2026-06-05 21:53:00,377.7,7.58,16.5,18.8,1.22
2026-06-05 21:54:00,371.0,7.49,16.9,18.6,1.17
2026-06-05 21:55:00,378.8,7.38,16.6,17.7,1.17
2026-06-05 21:56:00,372.0,7.35,16.6,18.1,1.21
2026-06-05 21:57:00,390.9,7.34,16.9,18.9,1.23
2026-06-05 21:58:00,368.4,7.38,16.6,18.4,1.2
2026-06-05 21:59:00,357.7,7.39,16.7,18.6,1.15
2026-06-05 22:00:00,365.1,7.52,16.4,18.5,1.17
2026-06-05 22:01:00,378.7,7.59,16.2,18.2,1.22
2026-06-05 22:02:00,348.3,7.41,16.5,18.3,1.19
2026-06-05 22:03:00,350.2,7.31,16.8,18.6,1.2
2026-06-05 22:04:00,355.4,7.34,16.8,18.6,1.23
2026-06-05 22:05:00,328.4,7.37,16.6,19.3,1.16
2026-06-05 22:06:00,362.1,7.29,16.3,18.2,1.19
2026-06-05 22:07:00,331.7,7.27,16.1,19.0,1.18
2026-06-05 22:08:00,360.8,7.6,16.3,18.0,1.21
2026-06-05 22:09:00,373.0,7.42,16.5,18.5,1.22
2026-06-05 22:10:00,352.8,7.31,16.3,18.4,1.16
2026-06-05 22:11:00,385.2,7.47,16.6,18.2,1.2
2026-06-05 22:12:00,338.1,7.27,16.1,18.3,1.23
2026-06-05 22:13:00,377.9,7.28,16.4,18.0,1.14
2026-06-05 22:14:00,370.1,7.31,16.3,18.6,1.2
2026-06-05 22:15:00,334.3,7.56,16.6,17.9,1.16
2026-06-05 22:16:00,400.7,7.36,16.5,18.3,1.18
2026-06-05 22:17:00,359.0,7.15,16.2,18.5,1.12
2026-06-05 22:18:00,346.8,7.51,16.6,18.7,1.24
2026-06-05 22:19:00,338.9,7.36,16.1,18.5,1.19
2026-06-05 22:20:00,356.7,7.21,16.0,18.4,1.18
2026-06-05 22:21:00,358.1,7.36,16.2,17.9,1.21
2026-06-05 22:22:00,361.5,7.44,16.0,17.8,1.17
2026-06-05 22:23:00,355.5,7.43,16.3,17.6,1.17
2026-06-05 22:24:00,369.5,7.57,16.3,17.6,1.25
2026-06-05 22:25:00,354.2,7.3,16.3,18.0,1.25
2026-06-05 22:26:00,331.0,7.39,16.4,17.7,1.18
2026-06-05 22:27:00,357.8,7.32,16.2,18.5,1.23
2026-06-05 22:28:00,324.5,7.24,16.1,17.8,1.21
2026-06-05 22:29:00,365.3,7.48,16.2,18.0,1.16
2026-06-05 22:30:00,345.3,7.44,16.1,17.9,1.17
2026-06-05 22:31:00,362.5,7.42,16.2,17.4,1.25
2026-06-05 22:32:00,379.7,7.43,16.4,18.4,1.16
2026-06-05 22:33:00,345.8,7.32,15.9,18.2,1.27
2026-06-05 22:34:00,375.9,7.29,16.2,18.2,1.18
2026-06-05 22:35:00,353.5,7.39,16.5,18.1,1.25
2026-06-05 22:36:00,386.3,7.51,16.5,17.5,1.19
2026-06-05 22:37:00,354.5,7.55,16.1,17.5,1.22
2026-06-05 22:38:00,347.4,7.47,16.7,18.0,1.24
2026-06-05 22:39:00,370.3,7.39,16.0,18.4,1.24
2026-06-05 22:40:00,353.5,7.42,16.2,17.9,1.18
2026-06-05 22:41:00,347.4,7.39,16.0,18.2,1.17
2026-06-05 22:42:00,352.8,7.29,16.3,17.5,1.2
2026-06-05 22:43:00,359.3,7.39,16.8,18.2,1.16
2026-06-05 22:44:00,380.1,7.26,16.6,17.6,1.21
2026-06-05 22:45:00,331.0,7.38,16.4,17.8,1.18
2026-06-05 22:46:00,360.3,7.55,16.1,17.5,1.23
2026-06-05 22:47:00,369.4,7.47,16.2,18.0,1.18
2026-06-05 22:48:00,362.9,7.3,16.4,18.0,1.15
2026-06-05 22:49:00,379.6,7.38,16.3,17.0,1.24
2026-06-05 22:50:00,358.9,7.31,16.2,18.2,1.21
2026-06-05 22:51:00,357.2,7.38,16.2,18.6,1.2
2026-06-05 22:52:00,368.9,7.49,16.4,17.4,1.23
2026-06-05 22:53:00,361.5,7.46,16.4,17.5,1.23
2026-06-05 22:54:00,354.1,7.64,15.8,18.1,1.18
2026-06-05 22:55:00,367.7,7.51,16.2,17.6,1.19
2026-06-05 22:56:00,350.2,7.41,16.3,17.5,1.17
2026-06-05 22:57:00,350.8,7.46,16.0,18.3,1.16
2026-06-05 22:58:00,352.1,7.37,16.4,17.0,1.22
2026-06-05 22:59:00,380.3,7.28,16.1,17.2,1.21
2026-06-05 23:00:00,311.7,7.52,16.4,17.6,1.22
2026-06-05 23:01:00,365.9,7.49,16.0,16.8,1.24
2026-06-05 23:02:00,360.5,7.37,16.2,17.3,1.22
2026-06-05 23:03:00,334.8,7.42,16.1,17.3,1.23
2026-06-05 23:04:00,364.6,7.51,16.4,17.8,1.14
2026-06-05 23:05:00,367.1,7.47,16.2,17.7,1.19
2026-06-05 23:06:00,368.8,7.24,16.0,16.7,1.23
2026-06-05 23:07:00,320.2,7.41,16.0,17.1,1.16
2026-06-05 23:08:00,380.5,7.37,16.0,17.1,1.2
2026-06-05 23:09:00,348.9,7.5,16.1,17.2,1.22
2026-06-05 23:10:00,370.3,7.49,15.9,16.9,1.21
2026-06-05 23:11:00,371.1,7.52,16.0,17.5,1.21
2026-06-05 23:12:00,346.8,7.28,16.3,17.0,1.22
2026-06-05 23:13:00,369.9,7.31,16.3,17.5,1.21
2026-06-05 23:14:00,354.2,7.5,15.7,17.3,1.16
2026-06-05 23:15:00,328.9,7.33,15.7,16.9,1.22
2026-06-05 23:16:00,377.5,7.24,15.9,17.8,1.21
2026-06-05 23:17:00,348.4,7.44,15.6,17.8,1.16
2026-06-05 23:18:00,347.2,7.34,15.7,17.3,1.24
2026-06-05 23:19:00,354.0,7.57,16.1,17.1,1.22
2026-06-05 23:20:00,364.1,7.42,16.0,16.7,1.16
2026-06-05 23:21:00,359.1,7.41,15.6,17.6,1.18
2026-06-05 23:22:00,368.2,7.35,16.2,17.5,1.18
2026-06-05 23:23:00,339.9,7.55,15.9,16.8,1.18
2026-06-05 23:24:00,348.9,7.43,15.9,16.8,1.21
2026-06-05 23:25:00,358.3,7.35,16.2,17.3,1.17
2026-06-05 23:26:00,388.5,7.31,16.0,16.6,1.23
2026-06-05 23:27:00,358.3,7.38,15.9,16.8,1.23
2026-06-05 23:28:00,376.3,7.29,15.8,16.6,1.22
2026-06-05 23:29:00,360.6,7.49,16.0,16.6,1.2
2026-06-05 23:30:00,352.7,7.21,15.8,16.7,1.23
2026-06-05 23:31:00,356.3,7.38,15.9,17.4,1.19
2026-06-05 23:32:00,357.5,7.45,15.7,16.3,1.18
2026-06-05 23:33:00,369.1,7.42,16.1,17.2,1.24
2026-06-05 23:34:00,380.6,7.32,16.2,17.1,1.21
2026-06-05 23:35:00,365.4,7.46,15.9,17.4,1.18
2026-06-05 23:36:00,377.8,7.3,15.8,17.1,1.19
2026-06-05 23:37:00,345.5,7.39,16.1,16.8,1.18
2026-06-05 23:38:00,353.8,7.46,16.0,16.6,1.26
2026-06-05 23:39:00,349.1,7.44,15.8,17.3,1.2
2026-06-05 23:40:00,364.7,7.32,16.1,17.1,1.2
2026-06-05 23:41:00,354.6,7.51,15.8,16.7,1.22
2026-06-05 23:42:00,370.9,7.4,15.6,17.2,1.16
2026-06-05 23:43:00,346.0,7.46,15.8,16.7,1.23
2026-06-05 23:44:00,360.6,7.54,16.1,16.9,1.18
2026-06-05 23:45:00,370.3,7.5,15.9,16.6,1.25
2026-06-05 23:46:00,329.0,7.5,15.6,17.0,1.19
2026-06-05 23:47:00,391.8,7.41,15.7,16.4,1.23
2026-06-05 23:48:00,355.8,7.47,16.1,16.7,1.13
2026-06-05 23:49:00,329.6,7.41,15.9,16.5,1.16
2026-06-05 23:50:00,362.4,7.27,15.8,16.9,1.19
2026-06-05 23:51:00,360.5,7.42,15.8,16.9,1.14
2026-06-05 23:52:00,358.8,7.42,16.0,16.3,1.22
2026-06-05 23:53:00,374.9,7.45,16.0,16.9,1.21
2026-06-05 23:54:00,371.2,7.38,15.5,16.1,1.17
2026-06-05 23:55:00,364.5,7.31,16.0,17.6,1.2
2026-06-05 23:56:00,366.8,7.46,15.9,16.5,1.22
2026-06-05 23:57:00,358.4,7.26,16.1,17.1,1.14
2026-06-05 23:58:00,386.6,7.54,15.7,16.8,1.16
2026-06-05 23:59:00,337.8,7.37,16.0,16.8,1.19
2026-06-06 00:00:00,362.1,7.41,15.8,16.2,1.2
2026-06-06 00:01:00,361.0,7.45,15.5,17.0,1.2
2026-06-06 00:02:00,372.2,7.45,15.9,16.7,1.23
2026-06-06 00:03:00,347.3,7.25,15.9,16.8,1.21
2026-06-06 00:04:00,333.8,7.47,15.6,16.6,1.22
2026-06-06 00:05:00,362.4,7.42,15.8,16.7,1.16
2026-06-06 00:06:00,364.2,7.33,16.1,16.3,1.2
2026-06-06 00:07:00,382.3,7.32,15.6,16.5,1.19
2026-06-06 00:08:00,340.9,7.36,15.9,16.4,1.24
2026-06-06 00:09:00,377.3,7.26,15.5,16.3,1.21
2026-06-06 00:10:00,395.5,7.56,15.6,16.6,1.18
2026-06-06 00:11:00,354.3,7.54,15.9,16.7,1.23
2026-06-06 00:12:00,340.6,7.44,15.7,16.6,1.22
2026-06-06 00:13:00,353.9,7.37,15.6,16.5,1.18
2026-06-06 00:14:00,360.2,7.37,16.0,16.7,1.19
2026-06-06 00:15:00,368.5,7.47,15.5,16.6,1.19
2026-06-06 00:16:00,351.1,7.57,15.6,16.5,1.24
2026-06-06 00:17:00,383.3,7.33,15.8,16.6,1.21
2026-06-06 00:18:00,343.3,7.28,15.5,17.0,1.22
2026-06-06 00:19:00,333.9,7.54,15.7,16.0,1.19
2026-06-06 00:20:00,376.6,7.21,15.9,16.3,1.21
2026-06-06 00:21:00,325.9,7.29,15.6,16.6,1.24
2026-06-06 00:22:00,356.9,7.37,15.5,15.8,1.19
2026-06-06 00:23:00,406.8,7.23,15.6,17.0,1.2
2026-06-06 00:24:00,359.8,7.5,15.1,16.5,1.16
2026-06-06 00:25:00,343.2,7.48,15.8,16.8,1.18
2026-06-06 00:26:00,359.1,7.33,15.7,16.9,1.19
2026-06-06 00:27:00,359.2,7.52,15.6,16.6,1.17
2026-06-06 00:28:00,362.4,7.53,15.3,15.5,1.24
2026-06-06 00:29:00,369.9,7.38,15.8,16.4,1.17
2026-06-06 00:30:00,344.4,7.34,15.5,16.5,1.22
2026-06-06 00:31:00,385.3,7.62,15.7,15.9,1.21
2026-06-06 00:32:00,363.7,7.46,15.6,15.6,1.2
2026-06-06 00:33:00,370.9,7.42,15.2,16.5,1.24
2026-06-06 00:34:00,350.6,7.53,15.8,15.8,1.13
2026-06-06 00:35:00,379.3,7.42,15.8,17.2,1.19
2026-06-06 00:36:00,356.1,7.34,15.7,16.4,1.17
2026-06-06 00:37:00,364.2,7.4,15.6,16.9,1.14
2026-06-06 00:38:00,346.0,7.49,15.3,16.3,1.16
2026-06-06 00:39:00,345.0,7.19,15.7,16.6,1.2
2026-06-06 00:40:00,370.3,7.36,16.0,16.3,1.18
2026-06-06 00:41:00,353.3,7.53,15.6,16.7,1.23
2026-06-06 00:42:00,347.2,7.34,15.6,15.5,1.19
2026-06-06 00:43:00,350.4,7.54,15.3,16.6,1.19
2026-06-06 00:44:00,370.5,7.53,15.1,16.5,1.19
2026-06-06 00:45:00,350.6,7.38,15.4,16.2,1.2
2026-06-06 00:46:00,358.2,7.33,15.8,16.1,1.19
2026-06-06 00:47:00,360.2,7.36,15.8,16.1,1.17
2026-06-06 00:48:00,331.2,7.66,15.5,16.4,1.23
2026-06-06 00:49:00,337.9,7.58,15.6,16.7,1.18
2026-06-06 00:50:00,365.0,7.4,15.2,16.0,1.19
2026-06-06 00:51:00,348.9,7.33,15.5,15.5,1.21
2026-06-06 00:52:00,375.9,7.4,15.4,17.2,1.21
2026-06-06 00:53:00,374.5,7.41,15.5,16.5,1.17
2026-06-06 00:54:00,370.8,7.27,15.4,16.0,1.22
2026-06-06 00:55:00,387.3,7.4,15.4,16.7,1.22
2026-06-06 00:56:00,358.8,7.52,15.7,16.6,1.21
2026-06-06 00:57:00,369.7,7.21,15.8,16.4,1.19
2026-06-06 00:58:00,351.2,7.47,15.4,16.0,1.19
2026-06-06 00:59:00,396.8,7.53,15.7,16.4,1.19
2026-06-06 01:00:00,389.8,7.33,15.2,16.6,1.16
2026-06-06 01:01:00,360.2,7.56,15.4,15.5,1.2
2026-06-06 01:02:00,365.8,7.32,15.2,16.2,1.23
2026-06-06 01:03:00,380.4,7.43,15.4,16.3,1.23
2026-06-06 01:04:00,357.8,7.36,15.6,16.3,1.19
2026-06-06 01:05:00,350.2,7.36,15.6,16.2,1.23
2026-06-06 01:06:00,373.1,7.33,15.3,16.6,1.26
2026-06-06 01:07:00,361.2,7.46,15.5,16.0,1.19
2026-06-06 01:08:00,362.7,7.47,15.6,16.1,1.22
2026-06-06 01:09:00,347.5,7.38,15.6,16.2,1.13
2026-06-06 01:10:00,334.2,7.25,15.4,16.0,1.16
2026-06-06 01:11:00,363.5,7.43,15.3,15.6,1.2
2026-06-06 01:12:00,373.6,7.43,15.2,16.2,1.17
2026-06-06 01:13:00,356.6,7.37,15.2,16.2,1.26
2026-06-06 01:14:00,381.5,7.58,15.4,16.0,1.22
2026-06-06 01:15:00,349.4,7.23,15.2,16.0,1.23
2026-06-06 01:16:00,344.2,7.17,15.5,14.8,1.2
2026-06-06 01:17:00,359.0,7.32,15.4,16.6,1.17
2026-06-06 01:18:00,358.8,7.46,15.4,16.4,1.18
2026-06-06 01:19:00,371.5,7.28,15.0,15.5,1.21
2026-06-06 01:20:00,348.4,7.29,15.4,15.8,1.18
2026-06-06 01:21:00,380.5,7.49,15.3,16.7,1.22
2026-06-06 01:22:00,389.5,7.44,15.8,15.6,1.22
2026-06-06 01:23:00,359.4,7.43,15.1,16.3,1.2
2026-06-06 01:24:00,378.7,7.47,15.3,15.9,1.15
2026-06-06 01:25:00,344.2,7.35,15.4,16.2,1.25
2026-06-06 01:26:00,376.1,7.35,15.1,16.1,1.19
2026-06-06 01:27:00,375.7,7.47,15.7,15.9,1.28
2026-06-06 01:28:00,373.0,7.26,15.7,16.2,1.22
2026-06-06 01:29:00,359.8,7.18,15.1,15.8,1.19
2026-06-06 01:30:00,315.7,7.35,15.2,15.3,1.21
2026-06-06 01:31:00,350.4,7.48,15.7,15.7,1.14
2026-06-06 01:32:00,350.6,7.42,15.6,15.6,1.23
2026-06-06 01:33:00,345.3,7.48,15.2,15.4,1.28
2026-06-06 01:34:00,361.8,7.19,15.4,16.2,1.14
2026-06-06 01:35:00,353.7,7.42,15.0,16.0,1.19
2026-06-06 01:36:00,347.6,7.46,15.7,16.2,1.2
2026-06-06 01:37:00,344.1,7.25,15.3,16.2,1.23
2026-06-06 01:38:00,349.3,7.48,15.4,16.3,1.26
2026-06-06 01:39:00,376.8,7.38,15.1,16.2,1.21
2026-06-06 01:40:00,350.1,7.7,15.0,15.6,1.26
2026-06-06 01:41:00,352.3,7.17,15.4,16.2,1.21
2026-06-06 01:42:00,353.1,7.53,15.6,16.1,1.21
2026-06-06 01:43:00,365.1,7.35,15.2,16.9,1.21
2026-06-06 01:44:00,366.8,7.23,15.1,16.0,1.24
2026-06-06 01:45:00,314.3,7.34,15.3,16.2,1.19
2026-06-06 01:46:00,375.3,7.42,15.6,16.0,1.22
2026-06-06 01:47:00,381.5,7.49,15.1,16.0,1.16
2026-06-06 01:48:00,344.2,7.56,15.2,16.0,1.19
2026-06-06 01:49:00,345.4,7.53,15.4,15.8,1.18
2026-06-06 01:50:00,353.2,7.29,15.4,16.1,1.2
2026-06-06 01:51:00,348.7,7.5,15.2,16.3,1.19
2026-06-06 01:52:00,363.4,7.43,15.4,15.8,1.23
2026-06-06 01:53:00,330.8,7.32,15.3,16.3,1.17
2026-06-06 01:54:00,343.2,7.37,15.2,16.3,1.15
2026-06-06 01:55:00,383.1,7.32,15.4,15.6,1.16
2026-06-06 01:56:00,346.1,7.39,15.4,15.6,1.23
2026-06-06 01:57:00,378.7,7.32,15.0,16.2,1.17
2026-06-06 01:58:00,365.3,7.29,15.5,15.8,1.21
2026-06-06 01:59:00,332.9,7.44,15.3,15.6,1.19
2026-06-06 02:00:00,369.5,7.45,15.5,16.7,1.22
2026-06-06 02:01:00,358.2,7.37,15.2,15.6,1.19
2026-06-06 02:02:00,353.2,7.53,15.2,15.4,1.28
2026-06-06 02:03:00,363.7,7.36,15.3,15.7,1.26
2026-06-06 02:04:00,367.1,7.36,15.3,16.1,1.19
2026-06-06 02:05:00,370.6,7.46,15.5,16.0,1.19
2026-06-06 02:06:00,377.7,7.38,15.3,16.8,1.29
2026-06-06 02:07:00,366.1,7.4,15.2,15.7,1.17
2026-06-06 02:08:00,339.4,7.14,15.4,16.1,1.2
2026-06-06 02:09:00,352.9,7.39,15.3,16.5,1.2
2026-06-06 02:10:00,404.1,7.21,15.8,15.7,1.2
2026-06-06 02:11:00,370.9,7.27,15.2,16.3,1.15
2026-06-06 02:12:00,395.5,7.26,15.4,15.3,1.21
2026-06-06 02:13:00,380.9,7.29,15.3,16.7,1.17
2026-06-06 02:14:00,363.6,7.34,14.7,16.4,1.24
2026-06-06 02:15:00,364.5,7.34,15.0,15.7,1.16
2026-06-06 02:16:00,359.5,7.46,15.1,16.3,1.2
2026-06-06 02:17:00,333.9,7.41,14.8,16.5,1.13
2026-06-06 02:18:00,360.3,7.2,15.1,15.5,1.14
2026-06-06 02:19:00,378.2,7.4,14.9,15.8,1.17
2026-06-06 02:20:00,351.0,7.42,14.9,16.6,1.18
2026-06-06 02:21:00,366.2,7.36,15.2,16.0,1.24
2026-06-06 02:22:00,372.8,7.38,15.5,16.2,1.2
2026-06-06 02:23:00,346.4,7.41,14.9,16.1,1.24
2026-06-06 02:24:00,353.2,7.47,14.9,16.4,1.19
2026-06-06 02:25:00,344.7,7.23,15.0,16.2,1.22
2026-06-06 02:26:00,347.7,7.37,15.1,16.1,1.18
2026-06-06 02:27:00,340.7,7.54,14.8,15.2,1.18
2026-06-06 02:28:00,346.5,7.53,15.0,16.3,1.15
2026-06-06 02:29:00,381.3,7.48,15.0,16.3,1.21
2026-06-06 02:30:00,346.3,7.44,15.2,15.5,1.21
2026-06-06 02:31:00,361.9,7.56,15.2,15.6,1.22
2026-06-06 02:32:00,352.5,7.58,15.1,16.3,1.21
2026-06-06 02:33:00,377.7,7.38,15.0,16.1,1.26
2026-06-06 02:34:00,379.7,7.29,15.0,15.3,1.21
2026-06-06 02:35:00,373.0,7.36,15.1,15.7,1.23
2026-06-06 02:36:00,364.6,7.7,14.9,16.2,1.19
2026-06-06 02:37:00,356.5,7.23,15.4,16.3,1.17
2026-06-06 02:38:00,342.1,7.34,14.8,15.8,1.22
2026-06-06 02:39:00,389.2,7.25,15.0,16.0,1.2
2026-06-06 02:40:00,348.6,7.4,15.3,15.7,1.22
2026-06-06 02:41:00,370.0,7.27,15.0,16.6,1.21
2026-06-06 02:42:00,375.9,7.38,15.2,16.2,1.18
2026-06-06 02:43:00,351.7,7.19,15.4,15.8,1.23
2026-06-06 02:44:00,375.6,7.45,15.2,15.6,1.17
2026-06-06 02:45:00,371.5,7.51,14.8,15.6,1.22
2026-06-06 02:46:00,385.9,7.35,14.8,16.8,1.24
2026-06-06 02:47:00,353.0,7.38,15.0,16.0,1.19
2026-06-06 02:48:00,340.7,7.37,15.2,15.9,1.23
2026-06-06 02:49:00,352.4,7.41,15.3,16.0,1.21
2026-06-06 02:50:00,363.1,7.39,14.9,15.9,1.23
2026-06-06 02:51:00,360.9,7.47,15.0,16.1,1.17
2026-06-06 02:52:00,354.1,7.51,15.0,16.1,1.21
2026-06-06 02:53:00,331.4,7.31,15.0,16.1,1.16
2026-06-06 02:54:00,367.1,7.36,15.4,15.6,1.25
2026-06-06 02:55:00,389.6,7.48,15.0,16.5,1.14
2026-06-06 02:56:00,367.0,7.25,15.1,15.9,1.19
2026-06-06 02:57:00,369.1,7.19,15.2,15.9,1.17
2026-06-06 02:58:00,368.6,7.41,15.4,15.9,1.22
2026-06-06 02:59:00,366.0,7.44,15.0,15.7,1.26
2026-06-06 03:00:00,374.0,7.32,15.3,16.3,1.22
2026-06-06 03:01:00,365.9,7.33,15.4,16.5,1.29
2026-06-06 03:02:00,355.3,7.31,15.0,15.9,1.16
2026-06-06 03:03:00,348.1,7.3,14.9,15.5,1.16
2026-06-06 03:04:00,356.3,7.46,15.5,15.8,1.17
2026-06-06 03:05:00,364.7,7.27,15.3,16.0,1.2
2026-06-06 03:06:00,355.3,7.36,15.0,15.7,1.17
2026-06-06 03:07:00,364.7,7.3,15.2,16.0,1.18
2026-06-06 03:08:00,366.6,7.24,14.8,16.0,1.22
2026-06-06 03:09:00,372.5,7.48,15.3,16.2,1.16
2026-06-06 03:10:00,379.2,7.34,14.7,15.6,1.17
2026-06-06 03:11:00,361.2,7.41,15.2,16.5,1.19
2026-06-06 03:12:00,340.4,7.24,14.9,16.9,1.19
2026-06-06 03:13:00,354.8,7.32,14.7,16.8,1.23
2026-06-06 03:14:00,360.7,7.47,14.6,16.0,1.17
2026-06-06 03:15:00,332.5,7.65,14.9,16.5,1.18
2026-06-06 03:16:00,380.8,7.19,15.2,16.5,1.22
2026-06-06 03:17:00,362.1,7.37,14.7,16.3,1.22
2026-06-06 03:18:00,365.7,7.43,14.8,16.4,1.24
2026-06-06 03:19:00,380.5,7.33,14.9,16.6,1.21
2026-06-06 03:20:00,350.5,7.47,15.2,16.7,1.2
2026-06-06 03:21:00,368.6,7.3,15.2,16.0,1.22
2026-06-06 03:22:00,358.4,7.41,15.0,16.6,1.19
2026-06-06 03:23:00,357.2,7.34,15.2,17.0,1.19
2026-06-06 03:24:00,348.4,7.51,15.2,16.7,1.15
2026-06-06 03:25:00,385.0,7.32,14.9,17.0,1.23
2026-06-06 03:26:00,354.4,7.35,15.2,15.3,1.21
2026-06-06 03:27:00,370.5,7.48,14.8,16.6,1.22
2026-06-06 03:28:00,331.9,7.29,15.1,16.5,1.12
2026-06-06 03:29:00,377.7,7.4,14.8,16.8,1.2
2026-06-06 03:30:00,375.8,7.21,15.0,15.9,1.17
2026-06-06 03:31:00,361.5,7.28,15.3,16.2,1.25
2026-06-06 03:32:00,356.6,7.43,15.1,16.8,1.22
2026-06-06 03:33:00,366.0,7.29,15.0,16.0,1.21
2026-06-06 03:34:00,394.3,7.34,15.1,16.5,1.19
2026-06-06 03:35:00,333.6,7.44,15.1,16.4,1.21
2026-06-06 03:36:00,371.7,7.33,15.4,16.4,1.17
2026-06-06 03:37:00,346.3,7.47,15.1,16.7,1.2
2026-06-06 03:38:00,359.7,7.41,14.9,16.0,1.18
2026-06-06 03:39:00,356.3,7.43,15.0,16.1,1.27
2026-06-06 03:40:00,353.6,7.51,14.8,16.4,1.24
2026-06-06 03:41:00,359.8,7.42,14.8,16.0,1.23
2026-06-06 03:42:00,343.0,7.54,14.5,17.0,1.16
2026-06-06 03:43:00,375.4,7.48,14.9,16.2,1.23
2026-06-06 03:44:00,333.1,7.34,14.7,16.8,1.21
2026-06-06 03:45:00,368.1,7.52,15.0,16.2,1.24
2026-06-06 03:46:00,355.1,7.42,14.9,16.8,1.21
2026-06-06 03:47:00,342.4,7.35,14.8,15.9,1.2
2026-06-06 03:48:00,363.0,7.42,14.6,17.1,1.21
2026-06-06 03:49:00,336.6,7.5,14.9,17.0,1.15
2026-06-06 03:50:00,360.6,7.44,14.7,16.3,1.18
2026-06-06 03:51:00,338.7,7.57,15.1,16.2,1.21
2026-06-06 03:52:00,366.9,7.5,15.1,16.8,1.23
2026-06-06 03:53:00,346.1,7.44,15.0,16.0,1.18
2026-06-06 03:54:00,353.2,7.29,15.3,16.6,1.2
2026-06-06 03:55:00,364.4,7.37,15.0,16.3,1.15
2026-06-06 03:56:00,348.4,7.4,15.1,16.5,1.24
2026-06-06 03:57:00,359.1,7.46,15.1,16.4,1.23
2026-06-06 03:58:00,337.3,7.45,14.9,16.3,1.22
2026-06-06 03:59:00,369.5,7.41,14.9,17.3,1.21
2026-06-06 04:00:00,386.5,7.4,15.0,17.0,1.25
2026-06-06 04:01:00,401.9,7.46,14.7,16.1,1.18
2026-06-06 04:02:00,361.4,7.3,15.4,16.3,1.17
2026-06-06 04:03:00,371.8,7.56,15.0,17.0,1.23
2026-06-06 04:04:00,333.3,7.19,15.0,17.1,1.23
2026-06-06 04:05:00,382.5,7.54,15.4,16.2,1.16
2026-06-06 04:06:00,371.6,7.39,14.8,17.0,1.18
2026-06-06 04:07:00,352.7,7.49,15.3,16.9,1.25
2026-06-06 04:08:00,378.6,7.43,15.2,16.0,1.21
2026-06-06 04:09:00,356.2,7.42,15.2,16.6,1.22
2026-06-06 04:10:00,353.1,7.45,15.0,16.7,1.17
2026-06-06 04:11:00,367.1,7.47,15.0,16.8,1.22
2026-06-06 04:12:00,344.0,7.36,14.9,16.3,1.16
2026-06-06 04:13:00,375.3,7.49,15.2,16.5,1.14
2026-06-06 04:14:00,344.2,7.28,15.1,16.6,1.22
2026-06-06 04:15:00,344.2,7.39,14.9,16.6,1.24
2026-06-06 04:16:00,346.4,7.47,14.9,16.6,1.19
2026-06-06 04:17:00,371.4,7.49,15.0,16.8,1.18
2026-06-06 04:18:00,350.7,7.44,14.9,17.0,1.25
2026-06-06 04:19:00,339.8,7.35,15.3,17.6,1.19
2026-06-06 04:20:00,350.9,7.48,15.2,17.3,1.2
2026-06-06 04:21:00,359.5,7.32,15.2,17.4,1.25
2026-06-06 04:22:00,342.3,7.57,15.1,16.7,1.19
2026-06-06 04:23:00,342.7,7.38,14.8,16.5,1.18
2026-06-06 04:24:00,391.7,7.24,15.1,17.3,1.22
2026-06-06 04:25:00,347.1,7.27,14.6,17.0,1.18
2026-06-06 04:26:00,355.2,7.39,15.0,17.3,1.2
2026-06-06 04:27:00,354.5,7.4,14.8,16.6,1.16
2026-06-06 04:28:00,353.7,7.59,14.8,17.3,1.21
2026-06-06 04:29:00,369.3,7.29,14.9,16.9,1.2
2026-06-06 04:30:00,374.2,7.39,15.0,16.8,1.23
2026-06-06 04:31:00,355.4,7.28,15.0,16.9,1.23
2026-06-06 04:32:00,341.5,7.34,15.2,17.3,1.22
2026-06-06 04:33:00,379.1,7.56,15.0,17.4,1.21
2026-06-06 04:34:00,358.6,7.28,15.0,16.9,1.2
2026-06-06 04:35:00,386.0,7.45,14.7,17.2,1.22
2026-06-06 04:36:00,326.3,7.43,14.8,17.3,1.17
2026-06-06 04:37:00,362.9,7.39,15.1,17.4,1.13
2026-06-06 04:38:00,388.8,7.44,15.1,17.5,1.23
2026-06-06 04:39:00,354.7,7.27,15.0,17.9,1.22
2026-06-06 04:40:00,356.6,7.56,15.2,17.0,1.2
2026-06-06 04:41:00,364.4,7.58,14.7,17.8,1.23
2026-06-06 04:42:00,351.6,7.39,15.1,17.2,1.18
2026-06-06 04:43:00,355.3,7.63,14.9,16.8,1.18
2026-06-06 04:44:00,354.9,7.35,14.8,17.0,1.17
2026-06-06 04:45:00,350.6,7.43,14.9,17.4,1.22
2026-06-06 04:46:00,378.4,7.53,15.0,17.5,1.15
2026-06-06 04:47:00,366.9,7.34,15.1,16.9,1.18
2026-06-06 04:48:00,363.8,7.25,15.1,17.0,1.21
2026-06-06 04:49:00,372.1,7.23,15.0,17.1,1.16
2026-06-06 04:50:00,356.0,7.6,15.2,17.0,1.18
2026-06-06 04:51:00,348.4,7.34,15.4,16.6,1.13
2026-06-06 04:52:00,351.0,7.37,15.0,16.5,1.22
2026-06-06 04:53:00,360.0,7.28,15.1,17.2,1.18
2026-06-06 04:54:00,344.1,7.48,14.9,17.5,1.17
2026-06-06 04:55:00,352.5,7.31,15.0,17.7,1.16
2026-06-06 04:56:00,352.3,7.34,15.3,16.9,1.19
2026-06-06 04:57:00,391.9,7.42,15.3,16.9,1.15
2026-06-06 04:58:00,318.4,7.28,15.0,17.2,1.26
2026-06-06 04:59:00,357.3,7.37,15.1,17.5,1.13
2026-06-06 05:00:00,385.9,7.53,15.2,17.9,1.19
2026-06-06 05:01:00,361.8,7.43,15.0,17.8,1.2
2026-06-06 05:02:00,371.3,7.4,14.8,17.3,1.18
2026-06-06 05:03:00,361.5,7.41,15.2,17.7,1.21
2026-06-06 05:04:00,350.0,7.35,15.2,17.2,1.18
2026-06-06 05:05:00,326.4,7.59,15.2,17.6,1.25
2026-06-06 05:06:00,363.1,7.31,15.0,17.5,1.17
2026-06-06 05:07:00,348.4,7.41,15.4,18.1,1.13
2026-06-06 05:08:00,348.0,7.4,15.1,17.8,1.16
2026-06-06 05:09:00,352.5,7.49,14.8,17.3,1.21
2026-06-06 05:10:00,386.2,7.5,14.8,17.3,1.2
2026-06-06 05:11:00,396.1,7.39,15.0,17.5,1.22
2026-06-06 05:12:00,363.3,7.42,15.1,17.0,1.22
2026-06-06 05:13:00,353.0,7.42,15.0,17.6,1.18
2026-06-06 05:14:00,342.3,7.16,15.5,17.6,1.19
2026-06-06 05:15:00,367.0,7.23,15.2,17.9,1.19
2026-06-06 05:16:00,386.7,7.33,14.9,18.0,1.26
2026-06-06 05:17:00,356.3,7.33,14.6,17.8,1.22
2026-06-06 05:18:00,324.3,7.27,15.1,17.1,1.26
2026-06-06 05:19:00,370.1,7.46,15.3,17.3,1.23
2026-06-06 05:20:00,374.8,7.39,15.5,17.5,1.2
2026-06-06 05:21:00,336.2,7.37,15.1,18.1,1.17
2026-06-06 05:22:00,362.6,7.26,15.4,18.1,1.21
2026-06-06 05:23:00,366.8,7.39,14.8,17.7,1.2
2026-06-06 05:24:00,358.9,7.13,15.0,18.8,1.2
2026-06-06 05:25:00,348.1,7.37,14.9,18.5,1.19
2026-06-06 05:26:00,375.2,7.4,15.3,18.4,1.14
2026-06-06 05:27:00,353.9,7.41,14.8,18.2,1.24
2026-06-06 05:28:00,337.7,7.23,15.2,18.1,1.2
2026-06-06 05:29:00,329.3,7.41,14.9,18.1,1.16
2026-06-06 05:30:00,378.9,7.29,15.5,17.2,1.21
2026-06-06 05:31:00,369.2,7.31,15.0,17.6,1.17
2026-06-06 05:32:00,361.3,7.46,15.2,17.9,1.22
2026-06-06 05:33:00,353.4,7.59,14.8,18.1,1.23
2026-06-06 05:34:00,352.1,7.4,14.8,18.0,1.23
2026-06-06 05:35:00,343.9,7.31,15.0,18.2,1.2
2026-06-06 05:36:00,353.5,7.41,15.3,17.2,1.19
2026-06-06 05:37:00,328.2,7.48,15.3,18.3,1.18
2026-06-06 05:38:00,349.0,7.45,15.4,18.1,1.18
2026-06-06 05:39:00,355.3,7.66,14.8,18.0,1.2
2026-06-06 05:40:00,369.1,7.32,15.2,18.5,1.19
2026-06-06 05:41:00,359.4,7.42,15.0,17.7,1.18
2026-06-06 05:42:00,371.9,7.54,15.0,18.1,1.17
2026-06-06 05:43:00,380.2,7.54,15.0,18.3,1.2
2026-06-06 05:44:00,375.9,7.19,15.1,17.9,1.19
2026-06-06 05:45:00,367.1,7.39,15.3,17.4,1.17
2026-06-06 05:46:00,360.2,7.54,15.4,17.8,1.22
2026-06-06 05:47:00,345.3,7.68,15.3,18.2,1.25
2026-06-06 05:48:00,371.1,7.46,15.3,18.2,1.23
2026-06-06 05:49:00,385.2,7.35,15.5,18.3,1.18
2026-06-06 05:50:00,365.1,7.29,15.3,18.0,1.2
2026-06-06 05:51:00,388.8,7.61,15.1,17.8,1.25
2026-06-06 05:52:00,337.1,7.46,15.3,18.4,1.16
2026-06-06 05:53:00,342.7,7.31,15.5,18.3,1.22
2026-06-06 05:54:00,372.8,7.37,15.0,18.6,1.16
2026-06-06 05:55:00,364.0,7.42,15.1,18.1,1.25
2026-06-06 05:56:00,379.7,7.44,15.5,17.6,1.19
2026-06-06 05:57:00,359.8,7.3,15.1,17.4,1.27
2026-06-06 05:58:00,347.0,7.33,15.3,18.3,1.25
2026-06-06 05:59:00,356.8,7.22,15.5,18.5,1.2
2026-06-06 06:00:00,337.0,7.49,14.9,18.4,1.18
2026-06-06 06:01:00,343.1,7.36,15.1,18.3,1.21
2026-06-06 06:02:00,374.6,7.44,15.4,17.9,1.19
2026-06-06 06:03:00,373.1,7.53,15.2,17.8,1.19
2026-06-06 06:04:00,365.4,7.41,14.8,18.7,1.15
2026-06-06 06:05:00,334.2,7.38,15.1,18.5,1.18
2026-06-06 06:06:00,354.6,7.41,15.4,18.5,1.17
2026-06-06 06:07:00,341.6,7.4,15.5,18.0,1.22
2026-06-06 06:08:00,377.6,7.51,15.2,18.3,1.23
2026-06-06 06:09:00,351.2,7.42,15.3,18.7,1.22
2026-06-06 06:10:00,343.7,7.34,15.2,18.8,1.21
2026-06-06 06:11:00,360.4,7.49,15.4,18.6,1.17
2026-06-06 06:12:00,350.4,7.51,15.5,19.3,1.21
2026-06-06 06:13:00,382.3,7.26,15.4,18.5,1.22
2026-06-06 06:14:00,349.0,7.54,15.2,19.3,1.18
2026-06-06 06:15:00,339.0,7.43,15.3,18.9,1.2
2026-06-06 06:16:00,327.7,7.42,15.4,18.9,1.2
2026-06-06 06:17:00,359.5,7.49,15.3,19.2,1.25
2026-06-06 06:18:00,351.6,7.33,15.4,18.6,1.23
2026-06-06 06:19:00,338.6,7.49,15.3,18.7,1.22
2026-06-06 06:20:00,377.8,7.35,15.6,18.4,1.15
2026-06-06 06:21:00,370.0,7.24,15.4,19.3,1.21
2026-06-06 06:22:00,359.6,7.29,15.2,19.1,1.2
2026-06-06 06:23:00,380.5,7.45,15.6,19.4,1.2
2026-06-06 06:24:00,369.9,7.3,15.4,19.0,1.15
2026-06-06 06:25:00,347.7,7.55,15.3,19.4,1.17
2026-06-06 06:26:00,344.4,7.51,15.0,18.7,1.2
2026-06-06 06:27:00,372.3,7.52,15.3,19.4,1.23
2026-06-06 06:28:00,365.9,7.4,15.7,18.9,1.18
2026-06-06 06:29:00,362.5,7.42,14.8,19.1,1.19
2026-06-06 06:30:00,347.3,7.27,14.8,19.4,1.25
2026-06-06 06:31:00,369.1,7.49,15.5,20.0,1.19
2026-06-06 06:32:00,348.7,7.43,15.4,19.5,1.2
2026-06-06 06:33:00,358.5,7.45,15.5,19.5,1.2
2026-06-06 06:34:00,381.7,7.56,15.2,18.9,1.16
2026-06-06 06:35:00,350.1,7.33,14.9,19.3,1.22
2026-06-06 06:36:00,336.4,7.38,15.2,19.2,1.18
2026-06-06 06:37:00,344.2,7.42,15.7,19.8,1.2
2026-06-06 06:38:00,374.9,7.3,15.3,19.2,1.21
2026-06-06 06:39:00,363.8,7.37,15.3,19.8,1.26
2026-06-06 06:40:00,358.1,7.44,14.8,18.8,1.16
2026-06-06 06:41:00,352.4,7.36,15.0,19.9,1.23
2026-06-06 06:42:00,367.3,7.52,15.6,19.0,1.23
2026-06-06 06:43:00,347.3,7.24,15.3,19.7,1.18
2026-06-06 06:44:00,364.6,7.5,15.6,19.0,1.22
2026-06-06 06:45:00,349.0,7.46,15.2,19.6,1.25
2026-06-06 06:46:00,346.5,7.33,15.1,19.0,1.18
2026-06-06 06:47:00,350.4,7.3,15.3,19.8,1.21
2026-06-06 06:48:00,354.4,7.18,15.3,19.8,1.21
2026-06-06 06:49:00,359.3,7.31,15.2,19.2,1.22
2026-06-06 06:50:00,363.5,7.49,15.2,19.7,1.22
2026-06-06 06:51:00,304.7,7.38,15.4,19.9,1.2
2026-06-06 06:52:00,347.9,7.51,15.3,19.2,1.22
2026-06-06 06:53:00,354.1,7.33,15.2,19.1,1.17
2026-06-06 06:54:00,382.6,7.46,15.8,19.2,1.2
2026-06-06 06:55:00,343.8,7.32,15.5,19.1,1.19
2026-06-06 06:56:00,362.4,7.29,15.5,19.2,1.16
2026-06-06 06:57:00,382.4,7.38,15.4,20.0,1.18
2026-06-06 06:58:00,340.3,7.32,15.6,19.9,1.21
2026-06-06 06:59:00,365.9,7.24,15.5,19.0,1.21
2026-06-06 07:00:00,348.0,7.37,15.2,19.5,1.16
2026-06-06 07:01:00,352.4,7.4,15.1,19.3,1.17
2026-06-06 07:02:00,348.0,7.52,15.0,20.1,1.22
2026-06-06 07:03:00,349.0,7.48,15.8,19.6,1.22
2026-06-06 07:04:00,400.8,7.51,15.4,19.2,1.23
2026-06-06 07:05:00,372.7,7.46,15.6,19.9,1.24
2026-06-06 07:06:00,376.5,7.42,15.5,20.1,1.22
2026-06-06 07:07:00,367.4,7.27,15.7,19.5,1.19
2026-06-06 07:08:00,335.9,7.4,15.5,19.8,1.2
2026-06-06 07:09:00,365.9,7.45,15.2,19.5,1.25
2026-06-06 07:10:00,376.1,7.54,15.3,20.4,1.28
2026-06-06 07:11:00,347.2,7.46,15.4,19.8,1.21
2026-06-06 07:12:00,374.5,7.51,15.2,19.7,1.22
2026-06-06 07:13:00,370.6,7.29,15.3,20.0,1.22
2026-06-06 07:14:00,387.8,7.36,15.3,19.9,1.2
2026-06-06 07:15:00,353.7,7.43,15.4,20.3,1.23
2026-06-06 07:16:00,343.5,7.51,15.4,20.5,1.23
2026-06-06 07:17:00,354.6,7.38,15.5,20.6,1.21
2026-06-06 07:18:00,381.5,7.38,15.7,19.9,1.19
2026-06-06 07:19:00,332.6,7.46,15.5,20.2,1.15
2026-06-06 07:20:00,329.0,7.28,15.2,20.7,1.22
2026-06-06 07:21:00,361.3,7.55,15.1,20.8,1.21
2026-06-06 07:22:00,353.4,7.3,15.6,19.8,1.18
2026-06-06 07:23:00,360.1,7.2,15.4,20.4,1.17
2026-06-06 07:24:00,374.2,7.39,15.5,20.4,1.22
2026-06-06 07:25:00,351.7,7.56,15.6,20.6,1.15
2026-06-06 07:26:00,331.9,7.45,15.9,20.8,1.21
2026-06-06 07:27:00,390.7,7.47,15.2,19.9,1.23
2026-06-06 07:28:00,345.0,7.39,15.4,20.0,1.22
2026-06-06 07:29:00,344.1,7.37,15.6,20.7,1.19
2026-06-06 07:30:00,376.6,7.24,15.4,20.4,1.16
2026-06-06 07:31:00,354.2,7.16,15.3,19.5,1.22
2026-06-06 07:32:00,359.0,7.41,15.9,19.7,1.24
2026-06-06 07:33:00,367.2,7.52,15.4,20.7,1.18
2026-06-06 07:34:00,376.3,7.42,15.3,20.8,1.22
2026-06-06 07:35:00,355.0,7.45,15.4,19.9,1.25
2026-06-06 07:36:00,382.8,7.55,15.8,20.9,1.21
2026-06-06 07:37:00,328.0,7.42,15.5,20.4,1.19
2026-06-06 07:38:00,371.4,7.38,15.4,20.1,1.23
2026-06-06 07:39:00,347.4,7.31,15.5,20.3,1.18
2026-06-06 07:40:00,380.6,7.59,15.6,20.1,1.16
2026-06-06 07:41:00,362.1,7.44,15.8,20.3,1.22
2026-06-06 07:42:00,349.9,7.3,15.8,19.9,1.19
2026-06-06 07:43:00,369.9,7.27,15.5,20.6,1.19
2026-06-06 07:44:00,373.4,7.52,15.6,20.9,1.18
2026-06-06 07:45:00,369.6,7.29,16.1,20.1,1.19
2026-06-06 07:46:00,344.6,7.58,15.9,20.7,1.24
2026-06-06 07:47:00,352.7,7.11,15.6,20.4,1.25
2026-06-06 07:48:00,359.9,7.53,15.2,21.0,1.25
2026-06-06 07:49:00,359.4,7.44,15.6,19.8,1.23
2026-06-06 07:50:00,371.2,7.4,15.4,21.1,1.21
2026-06-06 07:51:00,329.8,7.37,15.5,20.1,1.16
2026-06-06 07:52:00,365.0,7.58,15.5,20.7,1.19
2026-06-06 07:53:00,355.7,7.46,15.7,20.6,1.26
2026-06-06 07:54:00,347.4,7.3,15.7,20.7,1.19
2026-06-06 07:55:00,348.9,7.22,15.6,20.3,1.25
2026-06-06 07:56:00,356.8,7.41,15.5,21.6,1.2
2026-06-06 07:57:00,306.0,7.39,15.7,20.4,1.12
2026-06-06 07:58:00,349.5,7.24,15.6,20.5,1.22
2026-06-06 07:59:00,346.9,7.38,15.4,21.7,1.24
2026-06-06 08:00:00,368.0,7.33,15.9,21.1,1.2
2026-06-06 08:01:00,347.9,7.39,15.6,20.5,1.24
2026-06-06 08:02:00,356.8,7.46,15.7,21.0,1.15
2026-06-06 08:03:00,383.1,7.54,15.7,21.0,1.16
2026-06-06 08:04:00,374.9,7.48,15.8,20.4,1.21
2026-06-06 08:05:00,373.5,7.32,15.8,20.8,1.21
2026-06-06 08:06:00,352.5,7.43,15.5,21.1,1.24
2026-06-06 08:07:00,368.1,7.4,15.9,21.7,1.22
2026-06-06 08:08:00,356.5,7.26,15.7,21.1,1.16
2026-06-06 08:09:00,357.1,7.43,16.0,21.2,1.21
2026-06-06 08:10:00,366.1,7.58,16.0,20.9,1.22
2026-06-06 08:11:00,351.0,7.39,16.1,21.7,1.14
2026-06-06 08:12:00,382.4,7.23,15.6,21.6,1.2
2026-06-06 08:13:00,357.6,7.39,16.1,21.6,1.19
2026-06-06 08:14:00,369.3,7.27,15.8,21.3,1.18
2026-06-06 08:15:00,381.8,7.48,16.0,20.7,1.21
2026-06-06 08:16:00,375.5,7.44,16.0,21.8,1.17
2026-06-06 08:17:00,338.9,7.37,15.9,21.4,1.21
2026-06-06 08:18:00,366.7,7.36,15.6,21.3,1.22
2026-06-06 08:19:00,372.8,7.37,16.1,21.6,1.23
2026-06-06 08:20:00,373.4,7.39,15.9,21.5,1.17
2026-06-06 08:21:00,343.3,7.31,15.6,21.0,1.15
2026-06-06 08:22:00,350.1,7.25,15.8,21.4,1.21
2026-06-06 08:23:00,374.9,7.5,15.6,20.7,1.19
2026-06-06 08:24:00,348.6,7.35,15.6,21.6,1.29
2026-06-06 08:25:00,355.5,7.41,16.1,22.1,1.21
2026-06-06 08:26:00,383.6,7.42,15.6,20.8,1.2
2026-06-06 08:27:00,359.3,7.42,15.6,21.6,1.19
2026-06-06 08:28:00,349.1,7.27,16.3,21.9,1.16
2026-06-06 08:29:00,346.8,7.22,15.8,22.0,1.22
2026-06-06 08:30:00,365.0,7.33,16.1,21.4,1.2
2026-06-06 08:31:00,340.0,7.43,16.2,21.2,1.2
2026-06-06 08:32:00,356.3,7.32,16.1,21.5,1.2
2026-06-06 08:33:00,365.0,7.35,16.0,22.2,1.21
2026-06-06 08:34:00,379.5,7.6,15.9,21.1,1.15
2026-06-06 08:35:00,370.0,7.21,16.1,21.3,1.23
2026-06-06 08:36:00,349.3,7.31,15.9,21.6,1.17
2026-06-06 08:37:00,377.7,7.58,16.1,21.4,1.2
2026-06-06 08:38:00,355.5,7.39,15.9,21.8,1.24
2026-06-06 08:39:00,341.5,7.32,16.0,22.4,1.25
2026-06-06 08:40:00,357.4,7.51,16.4,21.4,1.15
2026-06-06 08:41:00,381.6,7.4,15.9,21.8,1.2
2026-06-06 08:42:00,362.5,7.36,16.0,21.9,1.21
2026-06-06 08:43:00,360.2,7.41,16.1,21.8,1.15
2026-06-06 08:44:00,384.6,7.32,16.1,21.3,1.22
2026-06-06 08:45:00,338.5,7.29,16.1,21.7,1.2
2026-06-06 08:46:00,340.7,7.38,15.8,21.7,1.21
2026-06-06 08:47:00,335.8,7.29,16.1,22.3,1.17
2026-06-06 08:48:00,365.6,7.39,16.1,22.2,1.21
2026-06-06 08:49:00,362.5,7.43,16.3,21.4,1.23
2026-06-06 08:50:00,383.1,7.48,16.2,21.9,1.2
2026-06-06 08:51:00,363.7,7.5,16.3,21.9,1.18
2026-06-06 08:52:00,353.9,7.35,15.9,22.9,1.19
2026-06-06 08:53:00,360.0,7.44,15.9,22.3,1.21
2026-06-06 08:54:00,361.8,7.44,16.1,21.7,1.2
2026-06-06 08:55:00,334.9,7.42,16.3,21.9,1.23
2026-06-06 08:56:00,400.7,7.34,16.0,22.1,1.19
2026-06-06 08:57:00,367.8,7.29,15.9,22.4,1.16
2026-06-06 08:58:00,363.2,7.44,15.8,22.4,1.21
2026-06-06 08:59:00,369.2,7.22,16.2,22.4,1.19
2026-06-06 09:00:00,370.6,7.36,16.1,22.2,1.22
2026-06-06 09:01:00,357.9,7.13,16.0,22.3,1.2
2026-06-06 09:02:00,350.5,7.26,16.3,22.3,1.22
2026-06-06 09:03:00,369.0,7.3,16.1,21.6,1.17
2026-06-06 09:04:00,365.8,7.5,16.1,22.4,1.2
2026-06-06 09:05:00,347.9,7.46,16.3,22.2,1.18
2026-06-06 09:06:00,381.3,7.33,16.6,21.8,1.16
2026-06-06 09:07:00,364.4,7.46,16.1,23.4,1.17
2026-06-06 09:08:00,370.9,7.48,16.0,22.6,1.18
2026-06-06 09:09:00,380.9,7.37,16.0,22.5,1.24
2026-06-06 09:10:00,360.3,7.25,16.3,22.4,1.18
2026-06-06 09:11:00,364.8,7.37,16.0,22.8,1.16
2026-06-06 09:12:00,372.2,7.38,16.1,22.1,1.2
2026-06-06 09:13:00,349.1,7.27,16.1,22.4,1.2
2026-06-06 09:14:00,360.8,7.43,16.5,22.2,1.19
2026-06-06 09:15:00,361.9,7.42,16.4,22.9,1.2
2026-06-06 09:16:00,345.7,7.43,15.9,22.3,1.23
2026-06-06 09:17:00,394.8,7.42,16.5,23.1,1.22
2026-06-06 09:18:00,338.9,7.46,16.0,22.6,1.22
2026-06-06 09:19:00,340.5,7.37,16.3,23.0,1.16
2026-06-06 09:20:00,379.7,7.41,16.1,22.9,1.29
2026-06-06 09:21:00,370.7,7.35,16.2,23.2,1.23
2026-06-06 09:22:00,344.6,7.33,16.1,22.4,1.22
2026-06-06 09:23:00,369.1,7.52,16.6,23.1,1.17
2026-06-06 09:24:00,382.0,7.19,16.2,22.0,1.23
2026-06-06 09:25:00,359.5,7.48,16.3,22.8,1.18
2026-06-06 09:26:00,399.0,7.33,16.1,22.6,1.19
2026-06-06 09:27:00,334.1,7.31,16.0,22.3,1.15
2026-06-06 09:28:00,370.4,7.42,16.2,22.5,1.16
2026-06-06 09:29:00,377.5,7.24,16.4,22.6,1.21
2026-06-06 09:30:00,373.4,7.31,16.3,22.8,1.23
2026-06-06 09:31:00,356.9,7.31,16.5,22.7,1.22
2026-06-06 09:32:00,355.6,7.37,16.3,23.0,1.22
2026-06-06 09:33:00,366.7,7.31,16.3,22.6,1.2
2026-06-06 09:34:00,372.2,7.55,16.4,22.8,1.19
2026-06-06 09:35:00,369.0,7.57,16.4,22.9,1.21
2026-06-06 09:36:00,375.6,7.19,16.5,23.1,1.22
2026-06-06 09:37:00,344.7,7.44,16.5,23.4,1.2
2026-06-06 09:38:00,356.6,7.48,16.5,23.4,1.24
2026-06-06 09:39:00,345.9,7.44,16.5,23.2,1.19
2026-06-06 09:40:00,354.2,7.32,16.6,23.3,1.17
2026-06-06 09:41:00,375.2,7.37,16.5,23.3,1.2
2026-06-06 09:42:00,361.6,7.32,16.7,23.0,1.2
2026-06-06 09:43:00,399.1,7.35,16.3,23.5,1.2
2026-06-06 09:44:00,362.9,7.27,16.6,22.8,1.24
2026-06-06 09:45:00,360.9,7.38,16.1,22.4,1.22
2026-06-06 09:46:00,361.6,7.24,16.6,22.8,1.16
2026-06-06 09:47:00,350.4,7.37,16.4,23.8,1.25
2026-06-06 09:48:00,359.1,7.27,16.6,23.2,1.12
2026-06-06 09:49:00,376.9,7.41,16.8,23.4,1.26
2026-06-06 09:50:00,361.7,7.32,16.6,23.2,1.19
2026-06-06 09:51:00,348.1,7.42,16.4,23.6,1.19
2026-06-06 09:52:00,346.1,7.5,16.2,23.4,1.2
2026-06-06 09:53:00,353.2,7.55,16.6,23.3,1.21
2026-06-06 09:54:00,361.1,7.14,16.4,23.6,1.2
2026-06-06 09:55:00,377.9,7.31,16.6,23.2,1.2
2026-06-06 09:56:00,339.9,7.36,16.4,23.6,1.24
2026-06-06 09:57:00,355.2,7.44,16.3,23.4,1.22
2026-06-06 09:58:00,362.2,7.22,16.4,23.4,1.17
2026-06-06 09:59:00,332.5,7.29,16.6,23.2,1.22
2026-06-06 10:00:00,347.5,7.4,16.5,23.4,1.22
2026-06-06 10:01:00,349.8,7.4,16.3,23.3,1.18
2026-06-06 10:02:00,348.1,7.43,16.9,24.0,1.22
2026-06-06 10:03:00,362.9,7.43,16.5,22.9,1.2
2026-06-06 10:04:00,357.6,7.42,16.1,23.9,1.19
2026-06-06 10:05:00,351.7,7.41,16.7,22.9,1.19
2026-06-06 10:06:00,366.4,7.4,16.5,23.8,1.13
2026-06-06 10:07:00,385.8,7.46,16.5,23.3,1.18
2026-06-06 10:08:00,384.6,7.17,16.5,23.9,1.22
2026-06-06 10:09:00,331.2,7.54,16.5,23.6,1.2
2026-06-06 10:10:00,368.7,7.17,16.9,23.1,1.16
2026-06-06 10:11:00,357.3,7.28,16.7,24.2,1.23
2026-06-06 10:12:00,362.3,7.37,16.6,24.0,1.19
2026-06-06 10:13:00,354.0,7.46,16.5,23.9,1.16
2026-06-06 10:14:00,361.8,7.09,16.9,23.5,1.27
2026-06-06 10:15:00,362.3,7.39,16.8,24.1,1.17
2026-06-06 10:16:00,351.3,7.47,16.8,23.3,1.23
2026-06-06 10:17:00,346.6,7.49,16.7,22.9,1.18
2026-06-06 10:18:00,353.3,7.32,16.8,23.2,1.2
2026-06-06 10:19:00,363.5,7.36,16.7,23.5,1.17
2026-06-06 10:20:00,369.0,7.33,16.6,23.6,1.16
2026-06-06 10:21:00,372.8,7.35,16.7,23.7,1.22
2026-06-06 10:22:00,352.6,7.29,17.1,23.7,1.21
2026-06-06 10:23:00,364.3,7.3,16.7,23.7,1.23
2026-06-06 10:24:00,374.4,7.43,16.9,23.1,1.2
2026-06-06 10:25:00,377.5,7.4,16.9,24.0,1.27
2026-06-06 10:26:00,359.1,7.44,16.8,23.9,1.21
2026-06-06 10:27:00,356.7,7.41,17.0,23.7,1.22
2026-06-06 10:28:00,362.9,7.46,16.2,24.6,1.16
2026-06-06 10:29:00,342.8,7.48,16.3,23.9,1.18
2026-06-06 10:30:00,357.1,7.22,17.0,24.1,1.22
2026-06-06 10:31:00,371.2,7.3,16.6,24.4,1.2
2026-06-06 10:32:00,369.6,7.37,16.7,23.5,1.21
2026-06-06 10:33:00,355.9,7.39,17.1,24.1,1.18
2026-06-06 10:34:00,363.3,7.32,16.8,24.4,1.2
2026-06-06 10:35:00,347.6,7.48,17.1,24.1,1.2
2026-06-06 10:36:00,370.6,7.59,16.7,23.6,1.16
2026-06-06 10:37:00,358.8,7.41,16.9,24.0,1.22
2026-06-06 10:38:00,355.9,7.4,16.8,24.3,1.15
2026-06-06 10:39:00,354.6,7.47,17.1,23.4,1.21
2026-06-06 10:40:00,359.1,7.2,16.7,23.7,1.25
2026-06-06 10:41:00,353.3,7.39,16.6,25.0,1.22
2026-06-06 10:42:00,369.9,7.49,16.7,24.4,1.22
2026-06-06 10:43:00,354.1,7.33,16.7,24.9,1.17
2026-06-06 10:44:00,383.9,7.27,16.7,24.6,1.25
2026-06-06 10:45:00,382.0,7.37,16.7,24.5,1.24
2026-06-06 10:46:00,346.6,7.38,17.0,24.2,1.17
2026-06-06 10:47:00,361.0,7.3,17.1,24.5,1.19
2026-06-06 10:48:00,350.2,7.6,16.9,24.9,1.24
2026-06-06 10:49:00,355.1,7.34,16.7,24.7,1.25
2026-06-06 10:50:00,390.0,7.27,16.7,24.4,1.16
2026-06-06 10:51:00,355.4,7.38,16.4,24.3,1.17
2026-06-06 10:52:00,365.4,7.48,16.9,24.6,1.2
2026-06-06 10:53:00,368.1,7.39,16.7,24.2,1.13
2026-06-06 10:54:00,345.0,7.44,17.1,24.6,1.2
2026-06-06 10:55:00,347.2,7.3,16.6,24.2,1.24
2026-06-06 10:56:00,341.9,7.54,16.7,24.3,1.16
2026-06-06 10:57:00,346.7,7.45,16.9,24.1,1.2
2026-06-06 10:58:00,317.2,7.49,17.0,24.3,1.18
2026-06-06 10:59:00,368.2,7.43,17.2,24.2,1.25
2026-06-06 11:00:00,390.8,7.47,16.6,25.2,1.18
2026-06-06 11:01:00,362.2,7.3,16.8,24.2,1.25
2026-06-06 11:02:00,338.8,7.34,16.6,24.7,1.18
2026-06-06 11:03:00,350.4,7.52,17.1,24.2,1.22
2026-06-06 11:04:00,353.1,7.55,16.8,24.6,1.21
2026-06-06 11:05:00,344.7,7.28,16.9,24.7,1.2
2026-06-06 11:06:00,372.9,7.41,16.9,23.9,1.18
2026-06-06 11:07:00,372.2,7.35,17.0,24.1,1.21
2026-06-06 11:08:00,342.7,7.32,16.9,24.3,1.19
2026-06-06 11:09:00,370.9,7.42,16.8,24.2,1.18
2026-06-06 11:10:00,382.9,7.5,17.0,24.7,1.24
2026-06-06 11:11:00,388.5,7.44,16.8,24.8,1.22
2026-06-06 11:12:00,403.0,7.36,17.1,24.3,1.22
2026-06-06 11:13:00,346.5,7.44,17.0,24.8,1.19
2026-06-06 11:14:00,402.4,7.35,16.8,24.6,1.19
2026-06-06 11:15:00,354.7,7.43,17.5,24.7,1.19
2026-06-06 11:16:00,351.1,7.53,17.3,24.5,1.21
2026-06-06 11:17:00,364.9,7.18,17.5,25.0,1.22
2026-06-06 11:18:00,351.3,7.47,16.9,25.5,1.2
2026-06-06 11:19:00,366.0,7.24,16.8,25.1,1.18
2026-06-06 11:20:00,340.2,7.51,17.2,25.4,1.22
2026-06-06 11:21:00,356.4,7.33,17.2,24.3,1.2
2026-06-06 11:22:00,379.3,7.27,17.1,24.6,1.16
2026-06-06 11:23:00,359.1,7.46,16.6,25.1,1.14
2026-06-06 11:24:00,362.1,7.43,16.8,25.5,1.21
2026-06-06 11:25:00,367.1,7.29,17.1,25.2,1.18
2026-06-06 11:26:00,377.6,7.26,16.9,24.5,1.21
2026-06-06 11:27:00,335.2,7.37,16.8,24.8,1.18
2026-06-06 11:28:00,368.8,7.27,17.0,25.1,1.2
2026-06-06 11:29:00,356.0,7.28,16.4,24.9,1.19
2026-06-06 11:30:00,362.5,7.4,17.0,24.6,1.25
2026-06-06 11:31:00,375.9,7.29,17.0,24.9,1.23
2026-06-06 11:32:00,342.1,7.43,17.1,25.0,1.24
2026-06-06 11:33:00,344.8,7.54,17.2,24.6,1.2
2026-06-06 11:34:00,331.0,7.38,17.2,25.4,1.22
2026-06-06 11:35:00,351.8,7.4,17.3,24.9,1.2
2026-06-06 11:36:00,380.0,7.59,17.1,25.0,1.24
2026-06-06 11:37:00,358.2,7.27,16.8,25.5,1.2
2026-06-06 11:38:00,339.9,7.51,17.1,25.0,1.16
2026-06-06 11:39:00,352.7,7.5,17.0,25.5,1.14
2026-06-06 11:40:00,337.7,7.48,16.9,24.7,1.25
2026-06-06 11:41:00,343.1,7.52,17.3,25.3,1.21
2026-06-06 11:42:00,365.8,7.42,16.9,25.5,1.22
2026-06-06 11:43:00,342.4,7.33,17.3,24.8,1.24
2026-06-06 11:44:00,376.7,7.5,16.9,25.1,1.15
2026-06-06 11:45:00,358.9,7.5,17.1,25.1,1.19
2026-06-06 11:46:00,361.3,7.5,17.1,25.3,1.19
2026-06-06 11:47:00,355.8,7.39,17.4,25.4,1.22
2026-06-06 11:48:00,371.6,7.32,17.3,24.8,1.18
2026-06-06 11:49:00,371.7,7.41,17.0,25.2,1.16
2026-06-06 11:50:00,365.0,7.48,17.2,25.9,1.16
2026-06-06 11:51:00,368.5,7.49,17.5,25.7,1.23
2026-06-06 11:52:00,356.8,7.35,17.5,25.6,1.18
2026-06-06 11:53:00,368.1,7.42,16.9,25.2,1.18
2026-06-06 11:54:00,354.9,7.26,17.5,26.1,1.22
2026-06-06 11:55:00,360.0,7.49,17.5,25.7,1.18
2026-06-06 11:56:00,355.9,7.31,17.3,25.3,1.15
2026-06-06 11:57:00,353.1,7.47,17.2,25.4,1.15
2026-06-06 11:58:00,349.7,7.28,17.1,25.1,1.2
2026-06-06 11:59:00,367.0,7.49,17.0,25.5,1.21
2026-06-06 12:00:00,379.7,7.42,17.3,25.6,1.19
2026-06-06 12:01:00,377.6,7.31,17.2,25.6,1.21
2026-06-06 12:02:00,341.2,7.46,17.3,25.3,1.15
2026-06-06 12:03:00,379.3,7.33,17.4,24.8,1.15
2026-06-06 12:04:00,355.2,7.46,17.8,25.5,1.27
2026-06-06 12:05:00,369.0,7.36,17.5,25.7,1.24
2026-06-06 12:06:00,346.4,7.22,17.4,25.0,1.22
2026-06-06 12:07:00,362.1,7.29,16.9,25.4,1.18
2026-06-06 12:08:00,364.7,7.35,17.4,26.0,1.19
2026-06-06 12:09:00,337.7,7.53,17.6,24.9,1.2
2026-06-06 12:10:00,369.1,7.48,17.2,25.3,1.24
2026-06-06 12:11:00,380.2,7.55,17.7,26.0,1.21
2026-06-06 12:12:00,357.4,7.56,17.4,25.5,1.22
2026-06-06 12:13:00,380.4,7.34,17.4,25.3,1.19
2026-06-06 12:14:00,357.2,7.37,17.1,25.5,1.22
2026-06-06 12:15:00,372.7,7.35,17.6,25.8,1.21
2026-06-06 12:16:00,326.7,7.32,17.2,25.4,1.2
2026-06-06 12:17:00,396.3,7.21,17.2,25.7,1.18
2026-06-06 12:18:00,382.4,7.39,17.0,25.6,1.2
2026-06-06 12:19:00,355.7,7.26,17.5,25.6,1.17
2026-06-06 12:20:00,330.4,7.39,17.5,25.8,1.2
2026-06-06 12:21:00,364.3,7.6,17.4,25.4,1.2
2026-06-06 12:22:00,338.3,7.34,17.5,25.2,1.13
2026-06-06 12:23:00,366.7,7.41,17.5,25.7,1.19
2026-06-06 12:24:00,366.2,7.48,17.3,25.5,1.16
2026-06-06 12:25:00,345.9,7.42,17.2,25.4,1.21
2026-06-06 12:26:00,376.8,7.42,17.0,25.8,1.22
2026-06-06 12:27:00,372.1,7.35,17.4,26.1,1.19
2026-06-06 12:28:00,374.6,7.37,17.1,25.5,1.22
2026-06-06 12:29:00,360.1,7.29,17.4,25.6,1.22
2026-06-06 12:30:00,338.8,7.47,17.4,25.1,1.19
2026-06-06 12:31:00,374.7,7.22,17.3,25.5,1.25
2026-06-06 12:32:00,355.9,7.49,17.6,25.7,1.18
2026-06-06 12:33:00,339.2,7.25,17.2,25.6,1.24
2026-06-06 12:34:00,380.3,7.49,17.1,25.5,1.19
2026-06-06 12:35:00,391.5,7.35,17.4,26.0,1.17
2026-06-06 12:36:00,359.4,7.27,17.3,25.7,1.19
2026-06-06 12:37:00,392.4,7.45,17.5,26.7,1.17
2026-06-06 12:38:00,361.4,7.48,17.3,25.8,1.22
2026-06-06 12:39:00,354.3,7.35,17.5,24.6,1.15
2026-06-06 12:40:00,350.5,7.46,17.3,25.3,1.24
2026-06-06 12:41:00,384.6,7.16,17.3,25.9,1.17
2026-06-06 12:42:00,348.3,7.26,17.6,25.5,1.23
2026-06-06 12:43:00,371.0,7.52,17.5,25.5,1.2
2026-06-06 12:44:00,351.6,7.37,17.2,25.2,1.21
2026-06-06 12:45:00,353.1,7.2,17.3,25.5,1.18
2026-06-06 12:46:00,375.5,7.32,17.4,25.8,1.21
2026-06-06 12:47:00,354.3,7.3,17.3,25.9,1.2
2026-06-06 12:48:00,353.9,7.37,17.4,25.3,1.16
2026-06-06 12:49:00,377.0,7.35,17.5,26.1,1.17
2026-06-06 12:50:00,384.0,7.41,17.3,25.3,1.18
2026-06-06 12:51:00,369.7,7.38,17.6,26.0,1.18
2026-06-06 12:52:00,350.2,7.53,17.3,25.9,1.24
2026-06-06 12:53:00,352.3,7.43,17.8,25.4,1.2
2026-06-06 12:54:00,361.2,7.44,17.5,25.4,1.18
2026-06-06 12:55:00,364.8,7.51,17.4,26.0,1.19
2026-06-06 12:56:00,345.2,7.35,17.6,25.6,1.18
2026-06-06 12:57:00,370.8,7.26,17.6,25.7,1.19
2026-06-06 12:58:00,361.3,7.51,17.7,26.1,1.17
2026-06-06 12:59:00,334.3,7.4,17.2,26.0,1.18
2026-06-06 13:00:00,346.1,7.4,17.7,25.5,1.22
2026-06-06 13:01:00,352.4,7.33,17.5,25.8,1.21
2026-06-06 13:02:00,358.9,7.33,17.6,25.5,1.2
2026-06-06 13:03:00,388.3,7.47,17.6,26.2,1.2
2026-06-06 13:04:00,363.6,7.49,17.8,26.5,1.2
2026-06-06 13:05:00,347.4,7.47,17.2,25.5,1.19
2026-06-06 13:06:00,363.3,7.47,17.9,25.8,1.22
2026-06-06 13:07:00,354.7,7.45,17.7,26.2,1.21
2026-06-06 13:08:00,364.9,7.4,17.6,25.9,1.15
2026-06-06 13:09:00,368.7,7.37,17.3,26.1,1.2
2026-06-06 13:10:00,378.1,7.51,17.3,25.9,1.15
2026-06-06 13:11:00,359.6,7.35,17.5,25.5,1.22
2026-06-06 13:12:00,384.6,7.43,17.7,25.9,1.22
2026-06-06 13:13:00,373.6,7.31,17.6,26.3,1.18
2026-06-06 13:14:00,349.4,7.32,17.7,26.0,1.2
2026-06-06 13:15:00,393.1,7.37,17.3,26.6,1.14
2026-06-06 13:16:00,364.9,7.31,17.6,25.2,1.23
2026-06-06 13:17:00,347.5,7.47,17.9,26.1,1.22
2026-06-06 13:18:00,384.8,7.26,17.9,25.7,1.23
2026-06-06 13:19:00,391.2,7.4,17.4,25.6,1.24
2026-06-06 13:20:00,359.5,7.4,17.6,26.5,1.16
2026-06-06 13:21:00,352.4,7.21,17.6,25.8,1.23
2026-06-06 13:22:00,357.4,7.35,17.5,25.8,1.24
2026-06-06 13:23:00,370.7,7.42,17.8,26.1,1.16
2026-06-06 13:24:00,379.2,7.43,18.2,25.1,1.19
2026-06-06 13:25:00,368.6,7.37,17.4,26.5,1.19
2026-06-06 13:26:00,361.5,7.46,17.8,26.7,1.23
2026-06-06 13:27:00,382.5,7.38,17.7,26.3,1.13
2026-06-06 13:28:00,355.3,7.39,17.7,26.1,1.25
2026-06-06 13:29:00,375.5,7.42,18.0,25.9,1.2
2026-06-06 13:30:00,355.7,7.48,17.8,25.5,1.23
2026-06-06 13:31:00,366.5,7.32,17.3,26.4,1.2
2026-06-06 13:32:00,358.3,7.34,17.4,26.3,1.21
2026-06-06 13:33:00,359.2,7.32,17.5,26.1,1.13
2026-06-06 13:34:00,354.3,7.36,17.6,26.1,1.19
2026-06-06 13:35:00,380.2,7.53,17.7,26.1,1.23
2026-06-06 13:36:00,349.0,7.45,17.7,25.8,1.21
2026-06-06 13:37:00,348.9,7.28,17.4,27.0,1.15
2026-06-06 13:38:00,391.8,7.33,17.4,25.9,1.2
2026-06-06 13:39:00,374.7,7.43,17.3,25.8,1.18
2026-06-06 13:40:00,324.2,7.3,17.4,26.4,1.17
2026-06-06 13:41:00,351.5,7.32,17.9,26.0,1.15
2026-06-06 13:42:00,332.8,7.52,17.7,26.0,1.22
2026-06-06 13:43:00,345.7,7.33,17.5,26.6,1.23
2026-06-06 13:44:00,312.9,7.49,17.4,26.3,1.26
2026-06-06 13:45:00,357.9,7.52,17.5,26.3,1.16
2026-06-06 13:46:00,342.9,7.32,17.9,25.4,1.22
2026-06-06 13:47:00,360.9,7.3,17.8,26.2,1.22
2026-06-06 13:48:00,335.6,7.36,17.7,25.6,1.18
2026-06-06 13:49:00,361.2,7.28,17.7,25.8,1.17
2026-06-06 13:50:00,353.8,7.4,17.4,26.1,1.17
2026-06-06 13:51:00,382.5,7.37,17.6,26.0,1.18
2026-06-06 13:52:00,381.2,7.43,17.9,26.3,1.21
2026-06-06 13:53:00,371.8,7.53,17.6,26.3,1.24
2026-06-06 13:54:00,355.1,7.47,18.1,26.3,1.23
2026-06-06 13:55:00,389.8,7.44,18.0,25.5,1.15
2026-06-06 13:56:00,336.7,7.19,17.7,26.9,1.18
2026-06-06 13:57:00,338.9,7.43,17.7,26.0,1.24
2026-06-06 13:58:00,358.7,7.56,18.2,26.5,1.18
2026-06-06 13:59:00,393.8,7.09,18.0,25.0,1.2
2026-06-06 14:00:00,357.0,7.46,17.8,25.9,1.15
2026-06-06 14:01:00,357.3,7.37,17.8,25.4,1.23
2026-06-06 14:02:00,338.4,7.31,17.8,25.7,1.14
2026-06-06 14:03:00,374.2,7.47,17.8,26.0,1.15
2026-06-06 14:04:00,374.3,7.56,17.6,25.9,1.23
2026-06-06 14:05:00,371.8,7.47,17.7,26.5,1.26
2026-06-06 14:06:00,350.6,7.35,17.5,26.7,1.19
2026-06-06 14:07:00,349.4,7.3,18.0,25.6,1.2
2026-06-06 14:08:00,340.6,7.4,17.8,25.8,1.23
2026-06-06 14:09:00,361.3,7.48,18.0,25.6,1.21
2026-06-06 14:10:00,343.8,7.35,17.6,26.5,1.19
2026-06-06 14:11:00,342.3,7.36,18.1,26.1,1.19
2026-06-06 14:12:00,353.6,7.67,18.1,26.0,1.15
2026-06-06 14:13:00,352.7,7.5,17.5,26.1,1.21
2026-06-06 14:14:00,351.9,7.51,17.7,25.9,1.2
2026-06-06 14:15:00,367.0,7.24,17.8,25.6,1.19
2026-06-06 14:16:00,361.2,7.32,17.6,26.0,1.17
2026-06-06 14:17:00,355.7,7.4,17.8,25.9,1.17
2026-06-06 14:18:00,362.7,7.29,18.0,26.1,1.22
2026-06-06 14:19:00,345.1,7.55,17.8,25.3,1.23
2026-06-06 14:20:00,361.6,7.53,17.5,26.1,1.19
2026-06-06 14:21:00,362.3,7.34,18.0,25.7,1.19
2026-06-06 14:22:00,337.5,7.57,17.7,26.0,1.17
2026-06-06 14:23:00,374.9,7.39,17.7,26.3,1.23
2026-06-06 14:24:00,346.8,7.65,18.2,25.8,1.2
2026-06-06 14:25:00,361.4,7.4,18.0,26.4,1.21
2026-06-06 14:26:00,377.5,7.45,17.7,25.3,1.21
2026-06-06 14:27:00,373.9,7.53,17.6,26.6,1.19
2026-06-06 14:28:00,360.5,7.52,18.1,26.5,1.17
2026-06-06 14:29:00,354.6,7.44,18.1,25.6,1.17
2026-06-06 14:30:00,374.2,7.38,17.8,25.6,1.23
2026-06-06 14:31:00,370.1,7.44,17.6,25.4,1.18
2026-06-06 14:32:00,350.7,7.31,18.0,26.3,1.19
2026-06-06 14:33:00,348.1,7.41,18.0,25.8,1.17
2026-06-06 14:34:00,328.9,7.28,17.8,25.8,1.16
2026-06-06 14:35:00,362.3,7.21,17.7,25.5,1.18
2026-06-06 14:36:00,358.8,7.4,17.9,26.7,1.25
2026-06-06 14:37:00,377.0,7.52,18.0,25.5,1.22
2026-06-06 14:38:00,365.4,7.48,17.8,25.9,1.18
2026-06-06 14:39:00,380.0,7.38,18.0,26.0,1.23
2026-06-06 14:40:00,349.5,7.56,18.0,25.8,1.2
2026-06-06 14:41:00,377.1,7.33,18.1,25.7,1.24
2026-06-06 14:42:00,352.1,7.2,17.8,25.8,1.27
2026-06-06 14:43:00,371.7,7.17,17.7,26.1,1.23
2026-06-06 14:44:00,338.1,7.27,17.9,25.8,1.2
2026-06-06 14:45:00,363.5,7.47,18.3,26.6,1.22
2026-06-06 14:46:00,330.2,7.33,17.6,25.6,1.2
2026-06-06 14:47:00,356.0,7.44,17.5,26.2,1.14
2026-06-06 14:48:00,366.6,7.55,17.9,25.2,1.18
2026-06-06 14:49:00,352.2,7.28,17.9,25.6,1.17
2026-06-06 14:50:00,344.2,7.44,17.9,25.6,1.18
2026-06-06 14:51:00,372.7,7.44,17.9,25.4,1.25
2026-06-06 14:52:00,358.4,7.3,18.1,26.0,1.23
2026-06-06 14:53:00,352.7,7.53,17.9,25.8,1.21
2026-06-06 14:54:00,360.6,7.36,18.1,25.0,1.22
2026-06-06 14:55:00,399.6,7.35,17.4,26.7,1.14
2026-06-06 14:56:00,377.3,7.6,17.8,25.9,1.22
2026-06-06 14:57:00,377.4,7.44,17.8,25.8,1.23
2026-06-06 14:58:00,366.5,7.48,17.5,26.4,1.13
2026-06-06 14:59:00,362.5,7.53,18.0,26.2,1.22
2026-06-06 15:00:00,324.1,7.32,17.9,25.7,1.16
2026-06-06 15:01:00,349.8,7.51,17.9,25.0,1.14
2026-06-06 15:02:00,352.8,7.34,17.9,26.0,1.24
2026-06-06 15:03:00,331.9,7.34,18.0,25.4,1.17
2026-06-06 15:04:00,342.6,7.36,18.2,26.3,1.18
2026-06-06 15:05:00,330.3,7.33,18.1,25.5,1.23
2026-06-06 15:06:00,359.4,7.47,18.0,25.6,1.19
2026-06-06 15:07:00,372.3,7.42,18.4,25.3,1.19
2026-06-06 15:08:00,376.6,7.34,17.8,25.3,1.19
2026-06-06 15:09:00,366.2,7.46,17.7,25.7,1.21
2026-06-06 15:10:00,345.5,7.36,18.2,25.7,1.19
2026-06-06 15:11:00,331.0,7.36,18.3,25.6,1.2
2026-06-06 15:12:00,333.6,7.39,17.8,26.6,1.18
2026-06-06 15:13:00,341.0,7.44,18.2,26.0,1.21
2026-06-06 15:14:00,346.7,7.43,17.9,25.7,1.21
2026-06-06 15:15:00,357.6,7.35,18.1,24.6,1.26
2026-06-06 15:16:00,344.8,7.47,18.1,26.1,1.19
2026-06-06 15:17:00,365.1,7.37,17.8,26.9,1.19
2026-06-06 15:18:00,356.5,7.32,18.3,25.6,1.21
2026-06-06 15:19:00,360.2,7.24,18.4,25.4,1.23
2026-06-06 15:20:00,377.1,7.49,17.8,25.8,1.17
2026-06-06 15:21:00,342.3,7.39,18.0,25.1,1.2
2026-06-06 15:22:00,366.3,7.41,18.2,25.9,1.12
2026-06-06 15:23:00,359.8,7.49,17.6,26.3,1.19
2026-06-06 15:24:00,355.0,7.34,18.0,25.4,1.23
2026-06-06 15:25:00,373.3,7.25,17.7,25.4,1.18
2026-06-06 15:26:00,373.2,7.4,18.1,25.6,1.21
2026-06-06 15:27:00,345.8,7.42,18.0,25.4,1.18
2026-06-06 15:28:00,357.3,7.36,17.9,25.0,1.17
2026-06-06 15:29:00,364.2,7.54,17.7,25.5,1.23
2026-06-06 15:30:00,355.9,7.14,17.9,25.4,1.17
2026-06-06 15:31:00,368.8,7.5,18.1,26.2,1.21
2026-06-06 15:32:00,364.2,7.47,18.0,26.1,1.21
2026-06-06 15:33:00,387.5,7.44,18.2,26.2,1.17
2026-06-06 15:34:00,337.0,7.06,18.2,25.9,1.2
2026-06-06 15:35:00,358.2,7.52,18.2,25.7,1.17
2026-06-06 15:36:00,346.4,7.29,17.9,25.2,1.22
2026-06-06 15:37:00,369.1,7.34,18.1,26.1,1.16
2026-06-06 15:38:00,335.7,7.37,17.8,25.7,1.19
2026-06-06 15:39:00,365.2,7.43,17.7,25.0,1.19
2026-06-06 15:40:00,350.5,7.45,18.2,25.2,1.23
2026-06-06 15:41:00,349.0,7.48,17.8,25.0,1.2
2026-06-06 15:42:00,338.3,7.47,17.7,24.7,1.23
2026-06-06 15:43:00,353.0,7.42,18.0,25.7,1.22
2026-06-06 15:44:00,376.3,7.43,17.9,25.0,1.22
2026-06-06 15:45:00,359.6,7.28,18.0,25.2,1.19
2026-06-06 15:46:00,369.4,7.31,18.5,25.5,1.23
2026-06-06 15:47:00,385.0,7.48,17.8,25.4,1.19
2026-06-06 15:48:00,364.0,7.47,18.1,25.2,1.15
2026-06-06 15:49:00,351.6,7.46,18.0,26.1,1.19
2026-06-06 15:50:00,367.0,7.34,18.2,24.8,1.21
2026-06-06 15:51:00,351.8,7.48,17.8,24.8,1.15
2026-06-06 15:52:00,352.4,7.27,18.0,25.6,1.17
2026-06-06 15:53:00,337.2,7.5,18.0,25.2,1.16
2026-06-06 15:54:00,373.9,7.36,17.7,25.1,1.22
2026-06-06 15:55:00,354.2,7.56,17.6,25.0,1.25
2026-06-06 15:56:00,362.7,7.24,18.0,25.5,1.19
2026-06-06 15:57:00,344.5,7.57,18.3,25.5,1.22
2026-06-06 15:58:00,366.5,7.35,17.9,25.4,1.22
2026-06-06 15:59:00,348.6,7.35,18.0,25.1,1.25
2026-06-06 16:00:00,357.9,7.41,18.2,25.0,1.18
2026-06-06 16:01:00,373.2,7.32,18.0,25.3,1.19
2026-06-06 16:02:00,371.9,7.38,18.2,25.7,1.19
2026-06-06 16:03:00,359.7,7.32,18.5,25.9,1.2
2026-06-06 16:04:00,333.5,7.32,17.9,25.7,1.28
2026-06-06 16:05:00,404.9,7.44,18.0,25.5,1.2
2026-06-06 16:06:00,386.2,7.3,18.1,25.7,1.17
2026-06-06 16:07:00,370.8,7.31,18.3,24.8,1.17
2026-06-06 16:08:00,348.7,7.25,18.0,25.0,1.24
2026-06-06 16:09:00,358.3,7.34,18.1,25.4,1.17
2026-06-06 16:10:00,351.8,7.52,18.1,25.2,1.22
2026-06-06 16:11:00,379.0,7.31,18.0,25.3,1.18
2026-06-06 16:12:00,363.9,7.32,17.9,25.6,1.16
2026-06-06 16:13:00,348.2,7.41,17.9,25.5,1.22
2026-06-06 16:14:00,352.9,7.35,18.6,24.7,1.18
2026-06-06 16:15:00,376.8,7.61,17.7,25.2,1.21
2026-06-06 16:16:00,384.0,7.37,17.7,24.8,1.21
2026-06-06 16:17:00,382.9,7.42,18.0,24.8,1.22
2026-06-06 16:18:00,371.4,7.48,18.0,24.4,1.19
2026-06-06 16:19:00,356.2,7.48,18.1,25.2,1.22
2026-06-06 16:20:00,311.4,7.41,17.8,24.4,1.17
2026-06-06 16:21:00,364.5,7.37,17.8,25.2,1.13
2026-06-06 16:22:00,360.0,7.59,17.9,25.6,1.22
2026-06-06 16:23:00,362.1,7.38,18.2,25.3,1.2
2026-06-06 16:24:00,360.8,7.35,17.8,25.1,1.18
2026-06-06 16:25:00,340.1,7.33,18.0,25.6,1.16
2026-06-06 16:26:00,368.4,7.22,17.9,25.2,1.14
2026-06-06 16:27:00,369.5,7.47,17.7,24.7,1.2
2026-06-06 16:28:00,370.2,7.16,17.7,25.0,1.25
2026-06-06 16:29:00,374.2,7.39,18.2,25.8,1.2
2026-06-06 16:30:00,369.1,7.37,17.9,24.5,1.19
2026-06-06 16:31:00,353.8,7.61,18.2,24.4,1.2
2026-06-06 16:32:00,358.9,7.21,18.0,25.2,1.27
2026-06-06 16:33:00,361.4,7.3,17.7,24.8,1.22
2026-06-06 16:34:00,361.6,7.38,18.1,24.7,1.17
2026-06-06 16:35:00,375.0,7.37,17.8,24.4,1.2
2026-06-06 16:36:00,369.7,7.34,17.9,24.1,1.21
2026-06-06 16:37:00,391.2,7.38,18.2,24.3,1.17
2026-06-06 16:38:00,393.1,7.26,17.7,25.5,1.22
2026-06-06 16:39:00,361.2,7.43,17.9,24.8,1.18
2026-06-06 16:40:00,302.5,7.16,17.8,24.0,1.15
2026-06-06 16:41:00,378.6,7.39,17.7,25.3,1.2
2026-06-06 16:42:00,351.9,7.33,17.9,25.3,1.2
2026-06-06 16:43:00,348.0,7.49,17.8,25.3,1.2
2026-06-06 16:44:00,354.0,7.57,17.9,24.6,1.18
2026-06-06 16:45:00,353.3,7.36,18.1,24.7,1.18
2026-06-06 16:46:00,369.2,7.53,17.8,24.8,1.23
2026-06-06 16:47:00,336.6,7.36,17.7,25.3,1.21
2026-06-06 16:48:00,343.8,7.29,18.1,24.5,1.17
2026-06-06 16:49:00,365.1,7.56,17.8,24.4,1.14
2026-06-06 16:50:00,369.3,7.44,18.3,25.0,1.17
2026-06-06 16:51:00,369.6,7.39,17.9,25.2,1.2
2026-06-06 16:52:00,348.2,7.46,17.9,24.6,1.18
2026-06-06 16:53:00,345.3,7.42,17.5,24.9,1.18
2026-06-06 16:54:00,352.4,7.38,17.7,24.7,1.18
2026-06-06 16:55:00,363.6,7.26,17.5,24.5,1.2
2026-06-06 16:56:00,382.3,7.36,18.0,24.3,1.22
2026-06-06 16:57:00,329.3,7.45,17.9,24.1,1.2
2026-06-06 16:58:00,356.7,7.38,18.1,24.3,1.2
2026-06-06 16:59:00,340.0,7.48,18.1,24.2,1.19
2026-06-06 17:00:00,335.2,7.43,18.1,24.6,1.19
2026-06-06 17:01:00,374.5,7.3,17.9,25.0,1.23
2026-06-06 17:02:00,368.2,7.26,18.0,24.6,1.22
2026-06-06 17:03:00,366.7,7.37,18.1,24.1,1.26
2026-06-06 17:04:00,373.8,7.34,17.8,24.8,1.22
2026-06-06 17:05:00,352.8,7.42,17.8,24.6,1.19
2026-06-06 17:06:00,353.5,7.32,18.2,24.6,1.17
2026-06-06 17:07:00,392.8,7.33,17.6,24.2,1.23
2026-06-06 17:08:00,356.3,7.5,18.0,24.9,1.18
2026-06-06 17:09:00,371.0,7.4,18.0,24.8,1.22
2026-06-06 17:10:00,360.1,7.32,17.7,24.3,1.18
2026-06-06 17:11:00,332.3,7.39,17.8,24.6,1.21
2026-06-06 17:12:00,329.3,7.53,17.9,24.8,1.17
2026-06-06 17:13:00,351.3,7.42,18.0,24.1,1.22
2026-06-06 17:14:00,375.8,7.45,18.0,24.3,1.16
2026-06-06 17:15:00,371.8,7.31,17.9,24.3,1.21
2026-06-06 17:16:00,373.7,7.49,18.0,23.8,1.19
2026-06-06 17:17:00,345.2,7.62,18.0,24.4,1.2
2026-06-06 17:18:00,384.2,7.31,18.0,24.7,1.19
2026-06-06 17:19:00,345.5,7.27,18.2,24.2,1.19
2026-06-06 17:20:00,363.2,7.41,18.1,24.3,1.2
2026-06-06 17:21:00,359.8,7.48,17.9,24.8,1.17
2026-06-06 17:22:00,357.4,7.38,18.0,24.0,1.17
2026-06-06 17:23:00,380.1,7.28,18.0,24.3,1.19
2026-06-06 17:24:00,349.4,7.38,17.9,23.9,1.19
2026-06-06 17:25:00,339.8,7.45,17.7,23.9,1.17
2026-06-06 17:26:00,360.3,7.35,17.9,24.2,1.23
2026-06-06 17:27:00,354.0,7.45,17.5,24.2,1.19
2026-06-06 17:28:00,410.7,7.51,18.1,24.3,1.19
2026-06-06 17:29:00,370.1,7.41,18.0,24.1,1.16
2026-06-06 17:30:00,353.9,7.39,17.9,24.2,1.26
2026-06-06 17:31:00,344.2,7.47,17.8,24.7,1.27
2026-06-06 17:32:00,331.8,7.3,18.0,24.4,1.18
2026-06-06 17:33:00,344.6,7.29,18.2,24.1,1.24
2026-06-06 17:34:00,361.7,7.36,18.0,24.2,1.2
2026-06-06 17:35:00,381.4,7.34,18.3,23.8,1.25
2026-06-06 17:36:00,376.8,7.31,18.0,23.9,1.21
2026-06-06 17:37:00,363.4,7.57,17.7,24.1,1.2
2026-06-06 17:38:00,355.2,7.61,18.0,23.9,1.13
2026-06-06 17:39:00,364.0,7.35,17.9,24.2,1.17
2026-06-06 17:40:00,352.2,7.4,17.7,24.4,1.2
2026-06-06 17:41:00,385.8,7.37,17.8,23.8,1.21
2026-06-06 17:42:00,357.2,7.5,17.8,23.0,1.16
2026-06-06 17:43:00,358.7,7.52,17.9,24.6,1.18
2026-06-06 17:44:00,326.8,7.21,17.8,23.5,1.22
2026-06-06 17:45:00,357.1,7.44,17.9,23.9,1.16
2026-06-06 17:46:00,372.5,7.26,17.9,24.1,1.2
2026-06-06 17:47:00,344.0,7.57,18.1,24.3,1.24
2026-06-06 17:48:00,348.7,7.43,17.9,24.4,1.21
2026-06-06 17:49:00,371.9,7.31,17.7,23.6,1.21
2026-06-06 17:50:00,337.9,7.37,18.3,24.2,1.14
2026-06-06 17:51:00,375.9,7.36,17.7,23.7,1.18
2026-06-06 17:52:00,352.0,7.44,17.7,24.7,1.26
2026-06-06 17:53:00,354.2,7.49,17.9,24.1,1.18
2026-06-06 17:54:00,343.1,7.28,18.4,23.5,1.24
2026-06-06 17:55:00,365.7,7.57,17.9,23.3,1.18
2026-06-06 17:56:00,396.9,7.55,17.7,22.5,1.19
2026-06-06 17:57:00,371.7,7.3,17.5,23.8,1.22
2026-06-06 17:58:00,347.0,7.4,17.5,23.9,1.2
2026-06-06 17:59:00,377.0,7.56,17.8,23.8,1.21
2026-06-06 18:00:00,355.2,7.51,17.9,22.6,1.18
2026-06-06 18:01:00,380.6,7.36,17.5,23.0,1.17
2026-06-06 18:02:00,372.1,7.47,17.8,23.7,1.17
2026-06-06 18:03:00,315.9,7.69,17.5,24.2,1.18
2026-06-06 18:04:00,344.9,7.4,17.6,23.4,1.19
2026-06-06 18:05:00,374.2,7.33,17.9,23.8,1.23
2026-06-06 18:06:00,362.3,7.41,17.6,23.0,1.2
2026-06-06 18:07:00,344.6,7.41,18.0,23.4,1.21
2026-06-06 18:08:00,350.5,7.34,17.7,23.2,1.2
2026-06-06 18:09:00,331.4,7.43,18.0,23.8,1.17
2026-06-06 18:10:00,358.7,7.26,18.2,23.1,1.2
2026-06-06 18:11:00,393.2,7.32,17.6,24.0,1.2
2026-06-06 18:12:00,372.1,7.47,18.3,23.1,1.22
2026-06-06 18:13:00,392.9,7.21,17.8,22.8,1.17
2026-06-06 18:14:00,373.2,7.48,17.6,22.8,1.14
2026-06-06 18:15:00,375.4,7.19,17.7,23.0,1.21
2026-06-06 18:16:00,389.6,7.22,17.7,23.3,1.21
2026-06-06 18:17:00,365.7,7.34,18.0,22.9,1.19
2026-06-06 18:18:00,357.2,7.42,18.0,22.8,1.2
2026-06-06 18:19:00,375.5,7.52,18.0,23.5,1.23
2026-06-06 18:20:00,381.8,7.4,17.5,21.8,1.19
2026-06-06 18:21:00,352.8,7.37,17.8,22.9,1.19
2026-06-06 18:22:00,349.2,7.45,17.4,22.5,1.2
2026-06-06 18:23:00,362.1,7.3,17.9,22.7,1.16
2026-06-06 18:24:00,372.5,7.4,17.6,23.1,1.2
2026-06-06 18:25:00,372.0,7.27,17.8,22.9,1.2
2026-06-06 18:26:00,338.6,7.4,17.6,22.9,1.25
2026-06-06 18:27:00,388.7,7.38,17.4,23.4,1.19
2026-06-06 18:28:00,350.4,7.31,17.9,22.9,1.21
2026-06-06 18:29:00,356.0,7.41,17.9,23.7,1.23
2026-06-06 18:30:00,346.5,7.41,17.7,23.2,1.17
2026-06-06 18:31:00,400.5,7.51,17.3,22.5,1.24
2026-06-06 18:32:00,363.6,7.23,17.8,23.6,1.25
2026-06-06 18:33:00,347.2,7.38,17.5,23.0,1.2
2026-06-06 18:34:00,373.0,7.31,17.8,23.6,1.18
2026-06-06 18:35:00,371.5,7.48,17.6,22.7,1.25
2026-06-06 18:36:00,357.2,7.47,17.6,22.9,1.22
2026-06-06 18:37:00,372.6,7.44,17.8,22.9,1.2
2026-06-06 18:38:00,347.6,7.32,17.5,22.7,1.24
2026-06-06 18:39:00,352.6,7.48,17.6,23.2,1.24
2026-06-06 18:40:00,329.8,7.24,17.8,23.5,1.19
2026-06-06 18:41:00,340.1,7.22,18.1,21.8,1.21
2026-06-06 18:42:00,387.1,7.26,17.6,23.0,1.22
2026-06-06 18:43:00,384.6,7.39,17.8,22.3,1.2
2026-06-06 18:44:00,361.0,7.46,17.4,21.6,1.16
2026-06-06 18:45:00,384.9,7.09,18.0,22.8,1.17
2026-06-06 18:46:00,357.6,7.52,17.5,22.8,1.16
2026-06-06 18:47:00,356.3,7.4,17.6,22.8,1.21
2026-06-06 18:48:00,360.8,7.23,17.7,22.7,1.16
2026-06-06 18:49:00,358.1,7.4,17.5,22.9,1.21
2026-06-06 18:50:00,356.8,7.5,17.8,22.3,1.25
2026-06-06 18:51:00,377.2,7.45,17.5,22.6,1.24
2026-06-06 18:52:00,362.3,7.5,17.8,22.7,1.14
2026-06-06 18:53:00,370.7,7.25,17.8,23.0,1.16
2026-06-06 18:54:00,375.5,7.35,17.7,22.4,1.18
2026-06-06 18:55:00,365.8,7.3,17.7,22.3,1.16
2026-06-06 18:56:00,345.4,7.56,18.1,22.4,1.15
2026-06-06 18:57:00,339.7,7.45,17.7,21.9,1.2
2026-06-06 18:58:00,362.2,7.67,17.6,22.6,1.22
2026-06-06 18:59:00,357.4,7.34,17.6,21.7,1.23
2026-06-06 19:00:00,361.3,7.32,17.8,22.5,1.19
2026-06-06 19:01:00,359.8,7.38,18.0,22.3,1.19
2026-06-06 19:02:00,398.8,7.53,17.5,21.6,1.21
2026-06-06 19:03:00,340.0,7.35,17.4,21.6,1.2
2026-06-06 19:04:00,330.2,7.4,17.8,21.9,1.22
2026-06-06 19:05:00,365.0,7.4,17.3,22.1,1.21
2026-06-06 19:06:00,354.4,7.39,17.6,22.8,1.19
2026-06-06 19:07:00,364.7,7.32,17.6,22.1,1.14
2026-06-06 19:08:00,368.8,7.38,17.5,22.3,1.24
2026-06-06 19:09:00,379.3,7.37,17.5,22.6,1.18
2026-06-06 19:10:00,337.4,7.39,17.2,22.5,1.21
2026-06-06 19:11:00,351.6,7.48,17.3,22.1,1.14
2026-06-06 19:12:00,366.4,7.57,17.7,21.8,1.2
2026-06-06 19:13:00,371.6,7.31,17.1,22.2,1.2
2026-06-06 19:14:00,392.9,7.35,17.5,21.7,1.2
2026-06-06 19:15:00,374.3,7.31,17.4,22.7,1.29
2026-06-06 19:16:00,359.1,7.41,17.1,22.3,1.18
2026-06-06 19:17:00,346.6,7.34,17.8,22.0,1.22
2026-06-06 19:18:00,351.5,7.41,17.3,22.1,1.22
2026-06-06 19:19:00,351.1,7.5,17.6,22.0,1.18
2026-06-06 19:20:00,369.8,7.14,17.4,21.7,1.22
2026-06-06 19:21:00,363.9,7.44,17.3,22.0,1.2
2026-06-06 19:22:00,340.1,7.34,17.4,21.7,1.23
2026-06-06 19:23:00,353.5,7.44,17.4,22.6,1.26
2026-06-06 19:24:00,373.2,7.3,17.4,21.5,1.2
2026-06-06 19:25:00,365.3,7.51,17.3,22.0,1.19
2026-06-06 19:26:00,368.5,7.48,17.2,21.4,1.23
2026-06-06 19:27:00,365.7,7.45,17.6,21.4,1.24
2026-06-06 19:28:00,384.4,7.47,17.4,21.0,1.17
2026-06-06 19:29:00,363.5,7.32,17.4,21.8,1.19
2026-06-06 19:30:00,354.2,7.33,17.2,21.4,1.22
2026-06-06 19:31:00,346.3,7.47,17.7,22.1,1.2
2026-06-06 19:32:00,363.7,7.31,17.4,21.8,1.17
2026-06-06 19:33:00,323.4,7.53,17.0,21.6,1.22
2026-06-06 19:34:00,357.2,7.36,17.4,21.0,1.22
2026-06-06 19:35:00,356.9,7.44,17.2,21.8,1.19
2026-06-06 19:36:00,339.5,7.6,17.6,21.3,1.2
2026-06-06 19:37:00,346.1,7.32,17.6,20.9,1.18
2026-06-06 19:38:00,372.1,7.4,17.6,21.7,1.17
2026-06-06 19:39:00,363.5,7.5,17.3,21.0,1.19
2026-06-06 19:40:00,361.5,7.49,17.3,20.6,1.2
2026-06-06 19:41:00,364.6,7.36,17.4,21.9,1.16
2026-06-06 19:42:00,361.4,7.34,17.5,21.2,1.19
2026-06-06 19:43:00,378.6,7.37,17.1,20.7,1.2
2026-06-06 19:44:00,361.9,7.53,17.4,21.0,1.24
2026-06-06 19:45:00,338.1,7.36,17.7,21.0,1.19
2026-06-06 19:46:00,384.5,7.4,17.2,21.8,1.16
2026-06-06 19:47:00,365.6,7.35,17.3,20.6,1.19
2026-06-06 19:48:00,351.2,7.46,17.8,20.7,1.18
2026-06-06 19:49:00,341.2,7.41,17.3,21.6,1.22
2026-06-06 19:50:00,365.9,7.29,17.0,21.0,1.19
2026-06-06 19:51:00,358.2,7.29,17.3,21.3,1.12
2026-06-06 19:52:00,383.6,7.19,17.6,21.0,1.31
2026-06-06 19:53:00,354.8,7.31,17.5,22.0,1.2
2026-06-06 19:54:00,347.4,7.47,17.1,20.6,1.2
2026-06-06 19:55:00,373.4,7.52,17.4,21.2,1.15
2026-06-06 19:56:00,373.9,7.46,17.2,21.7,1.16
2026-06-06 19:57:00,362.5,7.45,17.4,20.9,1.2
2026-06-06 19:58:00,370.1,7.38,17.1,20.7,1.21
2026-06-06 19:59:00,359.4,7.47,17.4,21.3,1.22
2026-06-06 20:00:00,363.5,7.42,17.6,21.4,1.21
2026-06-06 20:01:00,377.5,7.57,16.7,20.7,1.16
2026-06-06 20:02:00,369.4,7.38,17.4,21.5,1.12
2026-06-06 20:03:00,357.5,7.52,17.5,21.0,1.2
2026-06-06 20:04:00,380.3,7.48,16.9,21.1,1.18
2026-06-06 20:05:00,324.5,7.46,17.1,21.5,1.16
2026-06-06 20:06:00,390.8,7.19,17.1,21.2,1.22
2026-06-06 20:07:00,334.4,7.48,17.1,20.8,1.15
2026-06-06 20:08:00,350.6,7.38,17.0,20.6,1.22
2026-06-06 20:09:00,359.4,7.35,17.1,21.9,1.16
2026-06-06 20:10:00,357.8,7.24,17.4,20.5,1.2
2026-06-06 20:11:00,375.1,7.39,17.5,20.9,1.23
2026-06-06 20:12:00,344.1,7.39,17.4,20.9,1.19
2026-06-06 20:13:00,363.9,7.26,17.4,20.9,1.25
2026-06-06 20:14:00,351.3,7.24,17.5,21.5,1.26
2026-06-06 20:15:00,364.4,7.44,17.6,20.7,1.21
2026-06-06 20:16:00,359.0,7.48,17.2,20.6,1.22
2026-06-06 20:17:00,361.4,7.41,17.4,21.3,1.23
2026-06-06 20:18:00,351.8,7.51,17.2,20.6,1.22
2026-06-06 20:19:00,352.3,7.38,17.1,20.9,1.21
2026-06-06 20:20:00,364.3,7.38,17.1,20.6,1.18
2026-06-06 20:21:00,374.2,7.3,17.3,20.9,1.15
2026-06-06 20:22:00,351.0,7.23,17.4,20.8,1.16
2026-06-06 20:23:00,347.0,7.58,17.2,20.3,1.27
2026-06-06 20:24:00,369.2,7.5,17.0,19.7,1.21
2026-06-06 20:25:00,359.5,7.25,17.0,19.8,1.19
2026-06-06 20:26:00,372.5,7.41,16.7,19.7,1.24
2026-06-06 20:27:00,346.4,7.38,17.2,20.4,1.18
2026-06-06 20:28:00,333.3,7.36,17.1,19.4,1.22
2026-06-06 20:29:00,352.0,7.35,16.9,20.3,1.2
2026-06-06 20:30:00,348.5,7.43,17.2,20.4,1.21
2026-06-06 20:31:00,358.8,7.47,17.2,20.7,1.19
2026-06-06 20:32:00,350.4,7.43,16.8,20.5,1.17
2026-06-06 20:33:00,371.1,7.38,17.0,20.6,1.18
2026-06-06 20:34:00,355.7,7.37,17.3,20.4,1.18
2026-06-06 20:35:00,362.3,7.48,16.9,20.1,1.2
2026-06-06 20:36:00,362.4,7.44,17.0,20.2,1.15
2026-06-06 20:37:00,362.9,7.4,17.1,19.9,1.16
2026-06-06 20:38:00,359.6,7.39,17.0,20.3,1.2
2026-06-06 20:39:00,367.7,7.42,17.2,19.5,1.2
2026-06-06 20:40:00,348.1,7.34,17.2,20.6,1.21
2026-06-06 20:41:00,381.0,7.47,17.3,19.7,1.2
2026-06-06 20:42:00,356.5,7.28,16.9,20.2,1.28
2026-06-06 20:43:00,340.3,7.35,17.1,20.2,1.2
2026-06-06 20:44:00,362.8,7.45,17.2,20.5,1.19
2026-06-06 20:45:00,347.2,7.28,17.0,19.4,1.2
2026-06-06 20:46:00,370.0,7.23,16.8,19.9,1.23
2026-06-06 20:47:00,393.1,7.4,17.0,20.2,1.2
2026-06-06 20:48:00,348.2,7.22,16.8,20.7,1.22
2026-06-06 20:49:00,365.0,7.26,16.8,19.9,1.21
2026-06-06 20:50:00,333.7,7.47,17.0,19.7,1.19
2026-06-06 20:51:00,366.8,7.37,16.9,20.7,1.2
2026-06-06 20:52:00,346.7,7.52,17.0,20.2,1.25
2026-06-06 20:53:00,350.6,7.27,16.6,20.4,1.21
2026-06-06 20:54:00,343.5,7.38,16.9,19.3,1.17
2026-06-06 20:55:00,371.0,7.43,16.5,20.0,1.19
2026-06-06 20:56:00,375.1,7.27,16.7,19.4,1.14
2026-06-06 20:57:00,360.4,7.49,16.9,19.2,1.2
2026-06-06 20:58:00,347.0,7.44,17.1,20.0,1.24
2026-06-06 20:59:00,383.8,7.23,17.0,20.0,1.16
2026-06-06 21:00:00,348.7,7.39,16.9,19.5,1.2
2026-06-06 21:01:00,327.6,7.43,16.8,20.3,1.23
2026-06-06 21:02:00,366.9,7.33,16.8,19.5,1.23
2026-06-06 21:03:00,343.4,7.24,17.1,19.5,1.24
2026-06-06 21:04:00,374.8,7.42,16.6,19.6,1.14
2026-06-06 21:05:00,354.3,7.61,16.7,19.5,1.22
2026-06-06 21:06:00,369.1,7.35,17.1,20.1,1.15
2026-06-06 21:07:00,381.0,7.55,16.8,19.1,1.17
2026-06-06 21:08:00,341.9,7.31,17.2,19.2,1.22
2026-06-06 21:09:00,351.5,7.41,17.0,19.0,1.2
2026-06-06 21:10:00,358.9,7.47,17.1,20.2,1.22
2026-06-06 21:11:00,383.1,7.39,16.5,19.3,1.17
2026-06-06 21:12:00,350.1,7.36,17.0,19.1,1.24
2026-06-06 21:13:00,351.1,7.46,16.6,19.3,1.22
2026-06-06 21:14:00,367.2,7.58,16.9,19.8,1.23
2026-06-06 21:15:00,351.3,7.42,16.7,19.7,1.17
2026-06-06 21:16:00,362.3,7.34,16.8,19.1,1.24
2026-06-06 21:17:00,336.7,7.37,16.6,19.2,1.19
2026-06-06 21:18:00,393.2,7.64,16.4,18.7,1.18
2026-06-06 21:19:00,339.8,7.4,16.8,19.4,1.22
2026-06-06 21:20:00,355.2,7.33,16.7,19.8,1.22
2026-06-06 21:21:00,359.5,7.28,16.6,19.0,1.17
2026-06-06 21:22:00,388.7,7.21,16.4,19.5,1.26
2026-06-06 21:23:00,340.1,7.43,16.2,19.0,1.25
2026-06-06 21:24:00,389.8,7.46,16.8,18.8,1.22
2026-06-06 21:25:00,371.4,7.35,16.7,19.5,1.21
2026-06-06 21:26:00,366.3,7.39,16.6,20.1,1.21
2026-06-06 21:27:00,345.2,7.27,16.8,19.4,1.15
2026-06-06 21:28:00,368.6,7.4,16.9,19.0,1.2
2026-06-06 21:29:00,349.1,7.44,16.8,19.0,1.2
2026-06-06 21:30:00,379.0,7.34,16.6,19.9,1.18
2026-06-06 21:31:00,345.4,7.56,17.1,19.2,1.19
2026-06-06 21:32:00,358.3,7.31,16.6,18.7,1.13
2026-06-06 21:33:00,351.7,7.42,16.4,19.0,1.17
2026-06-06 21:34:00,345.2,7.47,16.7,19.1,1.23
2026-06-06 21:35:00,371.1,7.38,16.6,19.2,1.25
2026-06-06 21:36:00,368.0,7.37,16.8,19.6,1.17
2026-06-06 21:37:00,378.1,7.25,16.5,19.5,1.21
2026-06-06 21:38:00,333.3,7.53,16.6,19.0,1.23
2026-06-06 21:39:00,376.0,7.37,16.5,18.9,1.18
2026-06-06 21:40:00,397.6,7.44,16.8,19.0,1.22
2026-06-06 21:41:00,353.2,7.46,16.7,18.6,1.2
2026-06-06 21:42:00,388.4,7.33,16.6,19.2,1.24
2026-06-06 21:43:00,356.1,7.37,16.6,18.7,1.16
2026-06-06 21:44:00,339.4,7.52,16.6,19.0,1.17
2026-06-06 21:45:00,355.4,7.28,16.3,19.5,1.21
2026-06-06 21:46:00,375.7,7.6,16.8,19.0,1.2
2026-06-06 21:47:00,347.4,7.32,16.8,18.8,1.2
2026-06-06 21:48:00,351.0,7.27,16.6,18.5,1.22
2026-06-06 21:49:00,368.9,7.4,16.6,18.7,1.17
2026-06-06 21:50:00,360.0,7.61,16.4,18.2,1.16
2026-06-06 21:51:00,368.8,7.2,16.9,18.9,1.18
2026-06-06 21:52:00,363.6,7.38,16.8,17.8,1.19
2026-06-06 21:53:00,367.2,7.44,16.6,19.0,1.19
2026-06-06 21:54:00,353.5,7.39,16.7,18.9,1.24
2026-06-06 21:55:00,363.5,7.43,16.8,18.6,1.22
2026-06-06 21:56:00,346.1,7.32,16.7,18.4,1.22
2026-06-06 21:57:00,379.3,7.33,16.3,18.6,1.21
2026-06-06 21:58:00,350.5,7.38,16.5,17.8,1.19
2026-06-06 21:59:00,376.9,7.28,16.6,18.8,1.17
2026-06-06 22:00:00,356.5,7.39,16.5,18.4,1.16
2026-06-06 22:01:00,363.0,7.35,16.6,19.1,1.18
2026-06-06 22:02:00,352.6,7.34,16.6,18.6,1.2
2026-06-06 22:03:00,344.8,7.42,16.5,18.5,1.17
2026-06-06 22:04:00,333.8,7.21,16.0,18.6,1.21
2026-06-06 22:05:00,344.2,7.37,16.7,18.0,1.19
2026-06-06 22:06:00,355.1,7.62,16.6,18.2,1.19
2026-06-06 22:07:00,363.2,7.28,16.9,18.4,1.23
2026-06-06 22:08:00,375.2,7.52,16.4,18.2,1.13
2026-06-06 22:09:00,353.3,7.4,16.1,18.1,1.19
2026-06-06 22:10:00,346.8,7.33,16.4,18.2,1.13
2026-06-06 22:11:00,338.4,7.26,16.5,18.3,1.21
2026-06-06 22:12:00,367.2,7.4,16.3,19.2,1.22
2026-06-06 22:13:00,380.7,7.54,16.7,18.1,1.16
2026-06-06 22:14:00,379.0,7.35,16.3,18.0,1.16
2026-06-06 22:15:00,370.6,7.38,16.4,18.2,1.15
2026-06-06 22:16:00,369.6,7.49,16.3,18.8,1.2
2026-06-06 22:17:00,385.5,7.42,16.9,18.8,1.19
2026-06-06 22:18:00,365.0,7.23,16.2,18.9,1.19
2026-06-06 22:19:00,369.7,7.4,16.5,18.2,1.19
2026-06-06 22:20:00,355.2,7.54,16.1,18.4,1.17
2026-06-06 22:21:00,339.6,7.39,16.4,17.7,1.23
2026-06-06 22:22:00,349.7,7.12,16.2,18.0,1.21
2026-06-06 22:23:00,359.9,7.43,16.6,17.6,1.16
2026-06-06 22:24:00,360.9,7.37,16.5,18.3,1.18
2026-06-06 22:25:00,388.9,7.21,16.4,18.1,1.17
2026-06-06 22:26:00,361.2,7.22,16.1,18.1,1.24
2026-06-06 22:27:00,377.7,7.49,16.3,17.7,1.22
2026-06-06 22:28:00,353.5,7.32,16.3,18.3,1.2
2026-06-06 22:29:00,355.3,7.3,16.5,17.0,1.25
2026-06-06 22:30:00,340.1,7.39,16.1,17.9,1.24
2026-06-06 22:31:00,348.9,7.33,16.5,17.9,1.19
2026-06-06 22:32:00,367.9,7.4,16.5,17.1,1.19
2026-06-06 22:33:00,360.1,7.37,16.0,18.1,1.19
2026-06-06 22:34:00,374.1,7.27,16.2,17.8,1.17
2026-06-06 22:35:00,362.7,7.34,16.3,18.1,1.25
2026-06-06 22:36:00,354.7,7.43,16.5,18.7,1.17
2026-06-06 22:37:00,392.2,7.39,16.1,18.0,1.23
2026-06-06 22:38:00,358.6,7.38,16.3,18.2,1.22
2026-06-06 22:39:00,377.4,7.58,16.5,18.4,1.19
2026-06-06 22:40:00,354.0,7.46,16.3,18.0,1.25
2026-06-06 22:41:00,370.6,7.48,15.9,17.4,1.15
2026-06-06 22:42:00,373.9,7.37,16.1,17.1,1.2
2026-06-06 22:43:00,363.1,7.41,16.4,17.9,1.19
2026-06-06 22:44:00,324.7,7.35,16.4,17.6,1.23
2026-06-06 22:45:00,360.3,7.47,15.8,18.2,1.21
2026-06-06 22:46:00,378.5,7.38,16.2,17.5,1.15
2026-06-06 22:47:00,367.9,7.41,16.4,17.7,1.24
2026-06-06 22:48:00,366.7,7.41,16.3,17.2,1.21
2026-06-06 22:49:00,334.2,7.39,16.3,17.5,1.17
2026-06-06 22:50:00,349.2,7.68,16.6,17.2,1.19
2026-06-06 22:51:00,366.2,7.32,16.2,17.3,1.16
2026-06-06 22:52:00,366.2,7.32,16.2,17.6,1.19
2026-06-06 22:53:00,378.2,7.46,16.0,17.3,1.2
2026-06-06 22:54:00,357.8,7.33,16.0,18.6,1.19
2026-06-06 22:55:00,366.1,7.36,16.1,17.9,1.19
2026-06-06 22:56:00,360.2,7.28,16.3,18.0,1.15
2026-06-06 22:57:00,345.2,7.44,16.0,17.5,1.21
2026-06-06 22:58:00,326.2,7.44,16.4,17.5,1.14
2026-06-06 22:59:00,366.5,7.36,15.9,17.3,1.2
2026-06-06 23:00:00,362.6,7.46,16.2,18.5,1.15
2026-06-06 23:01:00,350.7,7.2,16.2,17.4,1.2
2026-06-06 23:02:00,335.7,7.32,16.2,17.2,1.2
2026-06-06 23:03:00,369.4,7.37,16.3,17.1,1.21
2026-06-06 23:04:00,356.0,7.27,15.9,17.5,1.23
2026-06-06 23:05:00,368.4,7.22,16.0,18.0,1.23
2026-06-06 23:06:00,388.0,7.36,15.9,17.8,1.15
2026-06-06 23:07:00,327.9,7.46,16.1,17.1,1.2
2026-06-06 23:08:00,349.5,7.52,16.0,17.0,1.26
2026-06-06 23:09:00,356.9,7.34,16.2,17.8,1.2
2026-06-06 23:10:00,381.8,7.46,16.1,18.2,1.18
2026-06-06 23:11:00,335.5,7.45,16.2,17.2,1.2
2026-06-06 23:12:00,389.0,7.51,16.0,17.8,1.19
2026-06-06 23:13:00,362.0,7.35,16.1,16.7,1.16
2026-06-06 23:14:00,358.6,7.21,16.4,16.9,1.23
2026-06-06 23:15:00,357.0,7.4,15.7,16.8,1.22
2026-06-06 23:16:00,353.5,7.29,15.6,17.4,1.16
2026-06-06 23:17:00,375.7,7.32,16.1,17.1,1.2
2026-06-06 23:18:00,344.0,7.36,15.8,17.3,1.18
2026-06-06 23:19:00,365.2,7.36,15.7,17.7,1.15
2026-06-06 23:20:00,354.2,7.4,16.1,16.9,1.16
2026-06-06 23:21:00,348.6,7.46,15.8,17.2,1.16
2026-06-06 23:22:00,398.8,7.35,16.3,16.6,1.2
2026-06-06 23:23:00,366.3,7.43,16.0,17.6,1.19
2026-06-06 23:24:00,369.2,7.39,15.9,17.6,1.17
2026-06-06 23:25:00,377.1,7.48,15.8,17.2,1.19
2026-06-06 23:26:00,338.7,7.37,16.0,17.1,1.22
2026-06-06 23:27:00,386.3,7.38,15.6,16.9,1.21
2026-06-06 23:28:00,322.4,7.35,15.4,16.5,1.23
2026-06-06 23:29:00,348.5,7.37,15.6,17.2,1.19
2026-06-06 23:30:00,353.1,7.31,16.2,17.3,1.25
2026-06-06 23:31:00,368.7,7.3,15.7,17.8,1.21
2026-06-06 23:32:00,363.3,7.47,15.6,16.8,1.19
2026-06-06 23:33:00,357.5,7.28,15.9,17.1,1.2
2026-06-06 23:34:00,359.8,7.36,16.3,17.4,1.16
2026-06-06 23:35:00,345.3,7.49,16.1,17.4,1.19
2026-06-06 23:36:00,337.5,7.35,15.7,16.7,1.21
2026-06-06 23:37:00,370.9,7.47,15.7,16.8,1.22
2026-06-06 23:38:00,370.4,7.33,15.7,16.7,1.19
2026-06-06 23:39:00,383.8,7.28,15.7,16.6,1.28
2026-06-06 23:40:00,348.1,7.23,16.0,17.5,1.19
2026-06-06 23:41:00,370.4,7.52,15.8,16.9,1.15
2026-06-06 23:42:00,355.7,7.28,15.6,16.8,1.24
2026-06-06 23:43:00,377.9,7.46,15.6,17.0,1.22
2026-06-06 23:44:00,375.3,7.29,16.3,16.9,1.21
2026-06-06 23:45:00,363.2,7.52,16.0,16.8,1.19
2026-06-06 23:46:00,354.9,7.61,15.7,16.5,1.21
2026-06-06 23:47:00,374.4,7.22,16.1,17.4,1.25
2026-06-06 23:48:00,369.7,7.28,15.6,16.6,1.21
2026-06-06 23:49:00,349.7,7.47,15.8,16.4,1.16
2026-06-06 23:50:00,340.1,7.44,15.8,16.8,1.1
2026-06-06 23:51:00,355.7,7.47,15.8,17.6,1.21
2026-06-06 23:52:00,382.7,7.33,15.6,16.4,1.17
2026-06-06 23:53:00,377.2,7.59,15.8,17.0,1.2
2026-06-06 23:54:00,343.3,7.4,15.4,16.6,1.18
2026-06-06 23:55:00,342.5,7.27,15.7,16.8,1.17
2026-06-06 23:56:00,379.1,7.36,16.0,17.1,1.18
2026-06-06 23:57:00,343.0,7.27,16.0,16.0,1.18
2026-06-06 23:58:00,367.6,7.55,15.6,16.3,1.22
2026-06-06 23:59:00,350.8,7.32,15.5,17.0,1.22
2026-06-07 00:00:00,384.3,7.44,15.3,16.7,1.16
2026-06-07 00:01:00,348.4,7.34,15.9,16.7,1.17
2026-06-07 00:02:00,377.2,7.33,15.8,16.9,1.21
2026-06-07 00:03:00,362.8,7.2,15.8,16.3,1.23
2026-06-07 00:04:00,363.8,7.45,16.1,17.0,1.23
2026-06-07 00:05:00,330.4,7.52,15.8,16.9,1.17
2026-06-07 00:06:00,327.0,7.3,15.8,16.7,1.23
2026-06-07 00:07:00,356.7,7.24,15.4,16.8,1.15
2026-06-07 00:08:00,363.7,7.47,16.0,17.1,1.19
2026-06-07 00:09:00,343.1,7.23,15.7,16.3,1.21
2026-06-07 00:10:00,343.7,7.51,15.5,16.8,1.14
2026-06-07 00:11:00,368.4,7.3,15.7,17.3,1.26
2026-06-07 00:12:00,368.4,7.28,16.1,16.8,1.24
2026-06-07 00:13:00,357.9,7.41,16.1,16.4,1.22
2026-06-07 00:14:00,371.7,7.29,15.5,17.5,1.17
2026-06-07 00:15:00,342.4,7.32,15.9,16.6,1.2
2026-06-07 00:16:00,354.7,7.43,15.7,17.1,1.22
2026-06-07 00:17:00,384.7,7.15,15.9,16.3,1.17
2026-06-07 00:18:00,361.0,7.55,15.7,16.9,1.19
2026-06-07 00:19:00,361.9,7.39,15.8,16.3,1.23
2026-06-07 00:20:00,394.6,7.26,15.9,16.6,1.16
2026-06-07 00:21:00,339.0,7.29,15.3,16.2,1.21
2026-06-07 00:22:00,371.9,7.49,15.7,17.2,1.15
2026-06-07 00:23:00,385.0,7.45,15.4,16.4,1.17
2026-06-07 00:24:00,355.1,7.53,15.5,16.0,1.18
2026-06-07 00:25:00,372.9,7.32,15.6,16.5,1.22
2026-06-07 00:26:00,345.3,7.42,15.4,16.6,1.18
2026-06-07 00:27:00,349.7,7.43,15.5,16.4,1.2
2026-06-07 00:28:00,365.8,7.46,15.3,16.1,1.18
2026-06-07 00:29:00,372.0,7.5,15.5,16.8,1.18
2026-06-07 00:30:00,376.8,7.32,15.7,16.9,1.24
2026-06-07 00:31:00,383.5,7.38,15.8,15.7,1.17
2026-06-07 00:32:00,359.0,7.33,15.4,16.0,1.22
2026-06-07 00:33:00,377.9,7.38,15.8,16.3,1.2
2026-06-07 00:34:00,354.9,7.46,15.7,16.1,1.18
2026-06-07 00:35:00,373.5,7.22,15.8,16.6,1.16
2026-06-07 00:36:00,363.1,7.5,15.2,17.1,1.17
2026-06-07 00:37:00,366.7,7.28,15.6,16.2,1.18
2026-06-07 00:38:00,366.4,7.36,15.7,16.9,1.2
2026-06-07 00:39:00,335.9,7.51,15.2,15.7,1.22
2026-06-07 00:40:00,343.1,7.42,16.0,16.5,1.19
2026-06-07 00:41:00,361.5,7.42,15.4,16.1,1.19
2026-06-07 00:42:00,334.7,7.27,15.6,16.5,1.2
2026-06-07 00:43:00,372.5,7.29,15.7,15.6,1.21
2026-06-07 00:44:00,373.1,7.48,15.5,15.8,1.22
2026-06-07 00:45:00,364.9,7.33,15.8,16.5,1.16
2026-06-07 00:46:00,343.2,7.34,15.9,16.0,1.19
2026-06-07 00:47:00,380.7,7.49,15.3,16.1,1.24
2026-06-07 00:48:00,390.6,7.29,15.5,17.0,1.16
2026-06-07 00:49:00,362.2,7.42,15.7,16.3,1.2
2026-06-07 00:50:00,367.7,7.39,15.2,16.6,1.19
2026-06-07 00:51:00,363.0,7.39,15.7,15.9,1.18
2026-06-07 00:52:00,368.0,7.34,15.8,15.7,1.25
2026-06-07 00:53:00,358.2,7.33,15.7,16.2,1.2
2026-06-07 00:54:00,359.5,7.28,15.6,15.6,1.25
2026-06-07 00:55:00,373.6,7.44,15.8,15.9,1.2
2026-06-07 00:56:00,395.2,7.32,15.5,16.3,1.21
2026-06-07 00:57:00,339.0,7.49,15.2,16.1,1.18
2026-06-07 00:58:00,358.4,7.37,15.3,16.3,1.18
2026-06-07 00:59:00,342.3,7.28,15.4,16.4,1.21
2026-06-07 01:00:00,383.9,7.37,15.4,15.7,1.21
2026-06-07 01:01:00,351.2,7.35,15.4,15.8,1.22
2026-06-07 01:02:00,338.4,7.49,15.4,15.3,1.21
2026-06-07 01:03:00,369.6,7.35,15.5,16.0,1.16
2026-06-07 01:04:00,386.2,7.36,15.7,16.4,1.18
2026-06-07 01:05:00,370.0,7.53,15.5,16.7,1.23
2026-06-07 01:06:00,363.1,7.44,15.5,16.2,1.14
2026-06-07 01:07:00,366.1,7.56,15.0,16.7,1.21
2026-06-07 01:08:00,381.2,7.52,15.4,16.3,1.2
2026-06-07 01:09:00,346.9,7.3,15.6,16.2,1.23
2026-06-07 01:10:00,358.3,7.49,15.6,15.9,1.21
2026-06-07 01:11:00,353.2,7.54,15.6,15.2,1.18
2026-06-07 01:12:00,342.5,7.54,15.4,16.6,1.18
2026-06-07 01:13:00,355.1,7.49,15.5,16.1,1.18
2026-06-07 01:14:00,376.6,7.49,15.2,16.7,1.22
2026-06-07 01:15:00,368.5,7.36,15.5,15.7,1.13
2026-06-07 01:16:00,369.7,7.31,15.2,17.1,1.2
2026-06-07 01:17:00,362.2,7.35,15.5,16.0,1.17
2026-06-07 01:18:00,367.8,7.22,15.4,15.8,1.21
2026-06-07 01:19:00,348.0,7.52,15.4,16.0,1.21
2026-06-07 01:20:00,355.4,7.36,15.6,16.1,1.15
2026-06-07 01:21:00,362.9,7.52,15.5,16.0,1.19
2026-06-07 01:22:00,364.2,7.27,15.4,15.9,1.2
2026-06-07 01:23:00,364.8,7.5,15.2,15.3,1.2
2026-06-07 01:24:00,357.9,7.34,15.7,15.7,1.2
2026-06-07 01:25:00,354.3,7.26,15.4,16.5,1.16
2026-06-07 01:26:00,407.4,7.55,15.5,15.7,1.17
2026-06-07 01:27:00,373.6,7.5,15.3,15.4,1.16
2026-06-07 01:28:00,366.2,7.41,15.2,15.6,1.22
2026-06-07 01:29:00,356.5,7.39,15.4,16.0,1.2
2026-06-07 01:30:00,353.2,7.43,15.2,15.7,1.2
2026-06-07 01:31:00,358.0,7.41,15.4,15.9,1.15
2026-06-07 01:32:00,364.4,7.31,14.6,15.7,1.2
2026-06-07 01:33:00,331.8,7.35,15.2,16.4,1.22
2026-06-07 01:34:00,336.5,7.59,15.3,16.2,1.14
2026-06-07 01:35:00,350.4,7.66,15.1,16.9,1.18
2026-06-07 01:36:00,363.1,7.55,15.4,15.9,1.15
2026-06-07 01:37:00,356.4,7.44,15.2,15.9,1.19
2026-06-07 01:38:00,382.2,7.36,15.3,16.5,1.17
2026-06-07 01:39:00,337.8,7.31,15.2,16.2,1.21
2026-06-07 01:40:00,348.7,7.32,15.5,15.6,1.21
2026-06-07 01:41:00,382.8,7.33,15.4,16.2,1.24
2026-06-07 01:42:00,362.0,7.61,15.3,16.2,1.2
2026-06-07 01:43:00,373.3,7.57,15.3,15.3,1.21
2026-06-07 01:44:00,390.8,7.46,15.8,15.8,1.18
2026-06-07 01:45:00,349.6,7.29,15.2,16.1,1.17
2026-06-07 01:46:00,358.5,7.48,15.1,16.6,1.23
2026-06-07 01:47:00,355.9,7.37,15.0,16.3,1.24
2026-06-07 01:48:00,330.7,7.17,15.4,15.8,1.22
2026-06-07 01:49:00,355.3,7.42,15.6,15.7,1.2
2026-06-07 01:50:00,373.2,7.31,15.1,16.3,1.17
2026-06-07 01:51:00,368.1,7.31,15.2,15.0,1.23
2026-06-07 01:52:00,369.3,7.36,15.2,15.7,1.22
2026-06-07 01:53:00,354.4,7.34,15.2,16.6,1.26
2026-06-07 01:54:00,350.2,7.39,14.9,16.1,1.17
2026-06-07 01:55:00,379.0,7.38,15.4,15.7,1.23
2026-06-07 01:56:00,352.5,7.2,15.5,15.5,1.22
2026-06-07 01:57:00,364.4,7.54,14.8,16.3,1.19
2026-06-07 01:58:00,362.5,7.29,15.6,16.0,1.24
2026-06-07 01:59:00,381.9,7.29,15.5,15.9,1.21
2026-06-07 02:00:00,374.6,7.36,14.6,16.1,1.17
2026-06-07 02:01:00,340.6,7.38,14.8,16.1,1.2
2026-06-07 02:02:00,342.2,7.54,15.2,16.0,1.17
2026-06-07 02:03:00,368.7,7.42,15.5,15.5,1.19
2026-06-07 02:04:00,359.0,7.45,15.2,15.6,1.22
2026-06-07 02:05:00,353.2,7.42,15.2,16.3,1.23
2026-06-07 02:06:00,375.2,7.41,15.3,16.2,1.21
2026-06-07 02:07:00,362.8,7.42,15.0,16.2,1.18
2026-06-07 02:08:00,360.8,7.2,15.4,15.8,1.21
2026-06-07 02:09:00,371.7,7.37,15.2,16.3,1.22
2026-06-07 02:10:00,354.4,7.51,14.8,15.9,1.14
2026-06-07 02:11:00,383.5,7.78,15.0,16.5,1.2
2026-06-07 02:12:00,348.2,7.27,15.2,15.7,1.19
2026-06-07 02:13:00,369.9,7.43,15.1,15.8,1.23
2026-06-07 02:14:00,381.5,7.33,15.1,15.9,1.21
2026-06-07 02:15:00,339.3,7.59,15.2,16.3,1.21
2026-06-07 02:16:00,354.8,7.25,15.2,16.0,1.19
2026-06-07 02:17:00,377.1,7.45,14.9,16.0,1.2
2026-06-07 02:18:00,377.4,7.25,15.4,15.9,1.23
2026-06-07 02:19:00,357.4,7.36,15.1,16.1,1.2
2026-06-07 02:20:00,349.0,7.39,15.2,16.0,1.21
2026-06-07 02:21:00,374.3,7.5,15.2,15.7,1.15
2026-06-07 02:22:00,377.8,7.28,15.1,16.1,1.2
2026-06-07 02:23:00,342.5,7.46,15.3,16.1,1.14
2026-06-07 02:24:00,341.9,7.39,15.1,17.0,1.18
2026-06-07 02:25:00,363.4,7.42,15.1,15.8,1.2
2026-06-07 02:26:00,369.4,7.49,14.6,15.7,1.22
2026-06-07 02:27:00,355.5,7.26,15.3,16.1,1.17
2026-06-07 02:28:00,370.2,7.47,15.1,15.6,1.21
2026-06-07 02:29:00,349.3,7.33,15.3,15.6,1.24
2026-06-07 02:30:00,328.3,7.5,15.4,15.5,1.18
2026-06-07 02:31:00,353.6,7.42,15.3,15.7,1.15
2026-06-07 02:32:00,360.9,7.37,15.1,15.7,1.21
2026-06-07 02:33:00,355.9,7.33,15.0,15.5,1.16
2026-06-07 02:34:00,342.6,7.47,15.6,16.0,1.18
2026-06-07 02:35:00,332.8,7.52,15.2,15.1,1.23
2026-06-07 02:36:00,352.3,7.34,15.1,16.3,1.26
2026-06-07 02:37:00,373.5,7.28,15.1,15.8,1.17
2026-06-07 02:38:00,378.8,7.46,14.9,15.9,1.18
2026-06-07 02:39:00,377.8,7.25,14.7,16.3,1.19
2026-06-07 02:40:00,347.8,7.26,15.4,16.2,1.18
2026-06-07 02:41:00,342.7,7.28,14.9,15.8,1.26
2026-06-07 02:42:00,367.4,7.35,15.0,16.3,1.18
2026-06-07 02:43:00,369.5,7.26,15.1,16.7,1.19
2026-06-07 02:44:00,366.0,7.2,15.4,15.7,1.25
2026-06-07 02:45:00,329.8,7.28,14.9,16.4,1.22
2026-06-07 02:46:00,347.0,7.45,15.1,15.7,1.23
2026-06-07 02:47:00,359.6,7.26,15.2,16.6,1.17
2026-06-07 02:48:00,367.3,7.36,14.8,15.8,1.18
2026-06-07 02:49:00,371.5,7.58,14.8,15.8,1.17
2026-06-07 02:50:00,362.2,7.39,14.9,16.6,1.22
2026-06-07 02:51:00,365.0,7.42,15.1,16.4,1.24
2026-06-07 02:52:00,361.3,7.3,15.1,15.9,1.18
2026-06-07 02:53:00,370.3,7.61,15.0,16.2,1.19
2026-06-07 02:54:00,364.7,7.34,15.2,15.9,1.19
2026-06-07 02:55:00,361.0,7.37,14.9,15.5,1.15
2026-06-07 02:56:00,356.0,7.52,15.0,16.2,1.18
2026-06-07 02:57:00,361.2,7.37,15.0,16.0,1.22
2026-06-07 02:58:00,367.3,7.39,14.9,15.8,1.17
2026-06-07 02:59:00,364.0,7.36,15.5,16.7,1.2
2026-06-07 03:00:00,365.7,7.36,14.6,15.8,1.16
2026-06-07 03:01:00,380.1,7.43,15.3,16.2,1.2
2026-06-07 03:02:00,364.0,7.45,15.2,16.6,1.18
2026-06-07 03:03:00,350.3,7.33,15.2,16.1,1.16
2026-06-07 03:04:00,373.3,7.31,15.1,15.9,1.22
2026-06-07 03:05:00,339.5,7.33,15.3,16.3,1.23
2026-06-07 03:06:00,343.8,7.25,15.0,16.4,1.17
2026-06-07 03:07:00,365.0,7.23,15.1,16.6,1.19
2026-06-07 03:08:00,367.7,7.42,15.1,17.0,1.2
2026-06-07 03:09:00,341.3,7.48,15.0,16.0,1.15
2026-06-07 03:10:00,354.3,7.48,15.1,16.3,1.16
2026-06-07 03:11:00,350.9,7.15,14.8,15.7,1.24
2026-06-07 03:12:00,352.7,7.37,14.9,16.5,1.17
2026-06-07 03:13:00,374.2,7.28,15.3,16.3,1.24
2026-06-07 03:14:00,370.6,7.4,15.6,16.2,1.16
2026-06-07 03:15:00,359.7,7.35,15.1,16.0,1.22
2026-06-07 03:16:00,351.8,7.45,15.2,16.1,1.19
2026-06-07 03:17:00,339.8,7.39,15.1,16.4,1.19
2026-06-07 03:18:00,381.3,7.2,15.1,15.9,1.26
2026-06-07 03:19:00,368.9,7.29,15.1,16.2,1.16
2026-06-07 03:20:00,349.4,7.39,15.2,16.3,1.22
2026-06-07 03:21:00,370.8,7.4,15.3,15.7,1.22
2026-06-07 03:22:00,358.9,7.25,14.8,15.9,1.3
2026-06-07 03:23:00,355.7,7.24,15.6,16.1,1.17
2026-06-07 03:24:00,366.5,7.4,15.0,17.0,1.18
2026-06-07 03:25:00,348.9,7.25,15.0,16.0,1.22
2026-06-07 03:26:00,354.8,7.22,14.9,16.3,1.19
2026-06-07 03:27:00,361.8,7.35,14.9,15.9,1.19
2026-06-07 03:28:00,352.5,7.34,15.1,16.1,1.23
2026-06-07 03:29:00,370.0,7.3,15.1,15.8,1.19
2026-06-07 03:30:00,388.0,7.32,15.1,16.6,1.17
2026-06-07 03:31:00,348.7,7.39,14.9,15.9,1.22
2026-06-07 03:32:00,335.0,7.32,14.5,16.8,1.21
2026-06-07 03:33:00,330.0,7.4,14.7,16.6,1.19
2026-06-07 03:34:00,357.7,7.35,15.0,16.4,1.19
2026-06-07 03:35:00,350.1,7.41,15.1,16.8,1.17
2026-06-07 03:36:00,363.1,7.48,14.9,17.7,1.22
2026-06-07 03:37:00,362.0,7.47,14.9,16.6,1.19
2026-06-07 03:38:00,336.0,7.52,15.1,16.0,1.18
2026-06-07 03:39:00,332.8,7.47,15.0,17.1,1.16
2026-06-07 03:40:00,364.4,7.41,14.9,16.5,1.21
2026-06-07 03:41:00,362.0,7.35,14.7,17.3,1.18
2026-06-07 03:42:00,353.6,7.35,14.8,16.3,1.14
2026-06-07 03:43:00,335.1,7.3,15.2,17.0,1.16
2026-06-07 03:44:00,367.1,7.39,14.8,16.5,1.19
2026-06-07 03:45:00,379.1,7.46,15.1,17.6,1.19
2026-06-07 03:46:00,364.2,7.32,15.3,16.4,1.19
2026-06-07 03:47:00,347.3,7.39,14.8,17.7,1.19
2026-06-07 03:48:00,360.7,7.32,14.9,16.7,1.16
2026-06-07 03:49:00,339.5,7.41,15.2,16.9,1.17
2026-06-07 03:50:00,375.9,7.34,15.2,17.2,1.24
2026-06-07 03:51:00,361.2,7.32,14.9,16.3,1.23
2026-06-07 03:52:00,333.5,7.32,14.7,17.0,1.22
2026-06-07 03:53:00,355.5,7.44,15.3,16.5,1.21
2026-06-07 03:54:00,366.9,7.38,15.1,16.7,1.23
2026-06-07 03:55:00,355.0,7.35,15.1,16.6,1.17
2026-06-07 03:56:00,355.9,7.42,15.2,16.9,1.2
2026-06-07 03:57:00,341.6,7.35,14.8,16.8,1.17
2026-06-07 03:58:00,368.5,7.5,15.1,16.4,1.17
2026-06-07 03:59:00,350.3,7.29,14.9,16.7,1.21
2026-06-07 04:00:00,327.7,7.37,15.1,15.7,1.23
2026-06-07 04:01:00,354.4,7.25,15.2,17.1,1.19
2026-06-07 04:02:00,374.7,7.36,15.2,17.4,1.25
2026-06-07 04:03:00,354.2,7.22,15.1,16.8,1.21
2026-06-07 04:04:00,386.1,7.46,15.1,16.1,1.18
2026-06-07 04:05:00,366.4,7.47,15.1,17.0,1.17
2026-06-07 04:06:00,365.1,7.47,15.1,16.4,1.23
2026-06-07 04:07:00,358.1,7.39,14.9,16.8,1.2
2026-06-07 04:08:00,359.0,7.3,14.9,17.0,1.22
2026-06-07 04:09:00,356.0,7.31,15.1,17.0,1.12
2026-06-07 04:10:00,355.5,7.54,15.1,17.2,1.21
2026-06-07 04:11:00,368.0,7.53,14.9,16.9,1.18
2026-06-07 04:12:00,346.0,7.4,14.8,16.9,1.16
2026-06-07 04:13:00,343.9,7.34,14.7,17.1,1.2
2026-06-07 04:14:00,343.2,7.53,14.8,16.8,1.23
2026-06-07 04:15:00,390.7,7.32,14.9,16.6,1.27
2026-06-07 04:16:00,368.0,7.41,14.9,17.0,1.21
2026-06-07 04:17:00,364.6,7.53,14.9,16.4,1.18
2026-06-07 04:18:00,344.1,7.31,14.8,16.8,1.18
2026-06-07 04:19:00,369.4,7.47,14.6,16.3,1.23
2026-06-07 04:20:00,358.3,7.44,15.0,16.7,1.17
2026-06-07 04:21:00,363.2,7.39,15.0,16.7,1.22
2026-06-07 04:22:00,345.4,7.29,15.1,16.5,1.21
2026-06-07 04:23:00,362.4,7.32,15.2,17.4,1.21
2026-06-07 04:24:00,353.6,7.42,15.1,17.4,1.15
2026-06-07 04:25:00,348.5,7.25,15.0,17.5,1.19
2026-06-07 04:26:00,371.0,7.4,15.2,16.9,1.16
2026-06-07 04:27:00,336.9,7.44,15.3,16.8,1.18
2026-06-07 04:28:00,368.5,7.49,14.9,17.3,1.23
2026-06-07 04:29:00,370.3,7.25,15.2,17.1,1.24
2026-06-07 04:30:00,346.8,7.52,14.9,17.1,1.21
2026-06-07 04:31:00,347.7,7.56,15.1,16.0,1.18
2026-06-07 04:32:00,356.7,7.43,15.2,17.4,1.25
2026-06-07 04:33:00,364.2,7.29,15.0,17.3,1.18
2026-06-07 04:34:00,357.7,7.36,14.8,17.1,1.17
2026-06-07 04:35:00,366.5,7.39,14.9,17.4,1.22
2026-06-07 04:36:00,386.4,7.42,14.8,17.4,1.21
2026-06-07 04:37:00,352.4,7.39,14.8,16.8,1.18
2026-06-07 04:38:00,334.3,7.42,15.3,17.1,1.2
2026-06-07 04:39:00,372.4,7.38,15.1,16.8,1.21
2026-06-07 04:40:00,385.2,7.42,14.9,17.8,1.21
2026-06-07 04:41:00,365.9,7.34,14.8,17.6,1.21
2026-06-07 04:42:00,343.7,7.36,14.8,16.9,1.18
2026-06-07 04:43:00,358.1,7.33,14.9,17.5,1.22
2026-06-07 04:44:00,343.2,7.58,15.3,17.3,1.2
2026-06-07 04:45:00,369.6,7.54,15.0,17.0,1.19
2026-06-07 04:46:00,339.7,7.45,15.5,17.3,1.19
2026-06-07 04:47:00,355.5,7.52,15.0,17.6,1.2
2026-06-07 04:48:00,344.9,7.47,14.9,17.7,1.16
2026-06-07 04:49:00,361.9,7.41,15.2,18.2,1.18
2026-06-07 04:50:00,354.5,7.24,14.7,17.4,1.2
2026-06-07 04:51:00,362.7,7.36,15.1,17.2,1.16
2026-06-07 04:52:00,360.3,7.36,14.8,17.6,1.18
2026-06-07 04:53:00,345.2,7.28,14.6,17.3,1.27
2026-06-07 04:54:00,369.4,7.24,15.0,17.1,1.17
2026-06-07 04:55:00,359.3,7.44,15.2,17.0,1.19
2026-06-07 04:56:00,345.2,7.42,15.1,16.0,1.17
2026-06-07 04:57:00,393.6,7.27,15.1,17.7,1.2
2026-06-07 04:58:00,367.1,7.32,14.5,16.8,1.18
2026-06-07 04:59:00,357.7,7.51,15.0,17.1,1.19
2026-06-07 05:00:00,381.2,7.3,15.0,17.6,1.18
2026-06-07 05:01:00,387.6,7.41,15.2,17.4,1.23
2026-06-07 05:02:00,357.8,7.37,14.8,18.4,1.2
2026-06-07 05:03:00,365.2,7.44,15.2,16.9,1.17
2026-06-07 05:04:00,345.2,7.3,15.0,18.4,1.23
2026-06-07 05:05:00,357.8,7.4,15.0,18.1,1.17
2026-06-07 05:06:00,357.0,7.41,15.2,17.9,1.15
2026-06-07 05:07:00,362.8,7.41,14.8,18.1,1.2
2026-06-07 05:08:00,365.0,7.4,15.2,17.8,1.26
2026-06-07 05:09:00,368.4,7.42,14.8,16.9,1.15
2026-06-07 05:10:00,363.6,7.61,15.2,17.8,1.16
2026-06-07 05:11:00,341.8,7.65,15.0,17.0,1.22
2026-06-07 05:12:00,345.9,7.33,15.0,17.4,1.18
2026-06-07 05:13:00,351.8,7.16,14.5,17.6,1.22
2026-06-07 05:14:00,355.8,7.45,15.0,17.3,1.17
2026-06-07 05:15:00,375.8,7.41,15.0,18.1,1.2
2026-06-07 05:16:00,342.6,7.5,15.4,17.6,1.25
2026-06-07 05:17:00,354.6,7.42,15.1,17.9,1.16
2026-06-07 05:18:00,374.3,7.4,15.0,17.7,1.23
2026-06-07 05:19:00,355.5,7.5,15.3,17.8,1.22
2026-06-07 05:20:00,366.9,7.52,15.0,17.4,1.16
2026-06-07 05:21:00,357.9,7.25,15.3,17.3,1.22
2026-06-07 05:22:00,363.9,7.31,15.1,17.8,1.2
2026-06-07 05:23:00,356.6,7.38,14.9,17.5,1.2
2026-06-07 05:24:00,370.0,7.4,15.3,18.4,1.21
2026-06-07 05:25:00,336.8,7.37,15.2,17.3,1.19
2026-06-07 05:26:00,354.6,7.43,15.3,18.8,1.2
2026-06-07 05:27:00,364.4,7.49,15.1,18.0,1.21
2026-06-07 05:28:00,368.0,7.56,15.2,17.9,1.22
2026-06-07 05:29:00,382.4,7.45,15.5,17.7,1.15
2026-06-07 05:30:00,354.1,7.3,15.1,18.2,1.24
2026-06-07 05:31:00,382.2,7.38,15.0,17.9,1.17
2026-06-07 05:32:00,350.1,7.38,15.4,18.1,1.22
2026-06-07 05:33:00,379.9,7.44,15.3,18.3,1.2
2026-06-07 05:34:00,372.3,7.43,15.0,18.3,1.16
2026-06-07 05:35:00,346.3,7.6,15.5,18.5,1.22
2026-06-07 05:36:00,364.6,7.34,14.9,18.3,1.17
2026-06-07 05:37:00,359.2,7.43,15.2,17.7,1.23
2026-06-07 05:38:00,369.4,7.63,15.4,17.3,1.18
2026-06-07 05:39:00,356.7,7.33,15.4,18.2,1.16
2026-06-07 05:40:00,355.4,7.4,15.0,18.2,1.25
2026-06-07 05:41:00,380.5,7.3,14.9,18.9,1.21
2026-06-07 05:42:00,358.5,7.4,15.2,18.1,1.23
2026-06-07 05:43:00,372.4,7.31,15.3,18.3,1.17
2026-06-07 05:44:00,356.6,7.49,14.9,18.5,1.14
2026-06-07 05:45:00,385.0,7.4,15.2,18.4,1.25
2026-06-07 05:46:00,349.8,7.3,14.9,18.6,1.2
2026-06-07 05:47:00,350.8,7.47,15.4,17.9,1.21
2026-06-07 05:48:00,382.9,7.41,15.0,17.9,1.22
2026-06-07 05:49:00,353.3,7.49,15.1,18.2,1.19
2026-06-07 05:50:00,384.0,7.28,15.3,17.4,1.21
2026-06-07 05:51:00,373.4,7.43,15.3,18.3,1.25
2026-06-07 05:52:00,357.7,7.47,15.3,18.1,1.2
2026-06-07 05:53:00,332.8,7.35,15.4,18.5,1.23
2026-06-07 05:54:00,359.7,7.26,15.3,18.3,1.14
2026-06-07 05:55:00,361.5,7.39,15.5,18.0,1.23
2026-06-07 05:56:00,377.5,7.51,14.8,18.9,1.15
2026-06-07 05:57:00,383.8,7.5,15.2,18.5,1.23
2026-06-07 05:58:00,349.7,7.35,15.2,18.8,1.21
2026-06-07 05:59:00,372.0,7.26,15.2,18.6,1.2
2026-06-07 06:00:00,371.5,7.35,15.3,18.7,1.2
2026-06-07 06:01:00,376.1,7.34,15.2,18.0,1.19
2026-06-07 06:02:00,367.5,7.43,15.4,19.0,1.18
2026-06-07 06:03:00,330.9,7.38,15.0,18.9,1.19
2026-06-07 06:04:00,357.7,7.31,15.7,18.6,1.27
2026-06-07 06:05:00,342.7,7.5,15.1,18.7,1.24
2026-06-07 06:06:00,357.0,7.4,15.3,19.0,1.17
2026-06-07 06:07:00,374.7,7.43,15.2,18.5,1.21
2026-06-07 06:08:00,364.6,7.22,15.2,18.0,1.2
2026-06-07 06:09:00,377.2,7.15,15.1,18.5,1.2
2026-06-07 06:10:00,365.1,7.25,15.3,18.8,1.17
2026-06-07 06:11:00,340.5,7.34,15.4,18.7,1.21
2026-06-07 06:12:00,322.2,7.45,14.8,19.3,1.23
2026-06-07 06:13:00,362.2,7.16,15.2,18.4,1.17
2026-06-07 06:14:00,356.8,7.55,15.2,18.4,1.26
2026-06-07 06:15:00,345.3,7.41,15.7,18.4,1.25
2026-06-07 06:16:00,334.5,7.53,15.4,19.0,1.22
2026-06-07 06:17:00,349.0,7.3,15.6,18.2,1.16
2026-06-07 06:18:00,357.1,7.44,15.4,19.1,1.21
2026-06-07 06:19:00,370.0,7.4,15.3,18.5,1.21
2026-06-07 06:20:00,362.8,7.47,15.3,18.6,1.22
2026-06-07 06:21:00,384.1,7.37,15.5,19.6,1.25
2026-06-07 06:22:00,344.5,7.44,15.6,19.4,1.19
2026-06-07 06:23:00,373.2,7.5,15.3,19.0,1.26
2026-06-07 06:24:00,360.7,7.32,15.2,18.4,1.21
2026-06-07 06:25:00,370.4,7.41,15.5,19.8,1.19
2026-06-07 06:26:00,353.5,7.2,15.1,18.9,1.27
2026-06-07 06:27:00,376.1,7.46,15.4,19.1,1.22
2026-06-07 06:28:00,364.4,7.59,15.4,19.4,1.19
2026-06-07 06:29:00,349.8,7.27,15.3,18.3,1.2
2026-06-07 06:30:00,359.8,7.38,15.1,18.8,1.22
2026-06-07 06:31:00,356.4,7.48,15.2,19.1,1.2
2026-06-07 06:32:00,367.3,7.39,15.3,19.2,1.2
2026-06-07 06:33:00,342.3,7.41,15.1,18.6,1.18
2026-06-07 06:34:00,359.6,7.35,15.2,19.3,1.15
2026-06-07 06:35:00,365.9,7.35,15.0,19.2,1.2
2026-06-07 06:36:00,360.5,7.38,15.5,19.9,1.2
2026-06-07 06:37:00,380.2,7.39,15.4,19.6,1.22
2026-06-07 06:38:00,371.6,7.27,15.4,19.1,1.18
2026-06-07 06:39:00,359.9,7.38,15.3,19.2,1.16
2026-06-07 06:40:00,363.3,7.55,15.3,19.7,1.17
2026-06-07 06:41:00,364.4,7.35,15.2,19.4,1.23
2026-06-07 06:42:00,366.0,7.27,15.5,18.8,1.18
2026-06-07 06:43:00,332.6,7.37,15.1,20.2,1.19
2026-06-07 06:44:00,355.5,7.32,15.4,19.0,1.19
2026-06-07 06:45:00,337.7,7.26,15.2,20.4,1.18
2026-06-07 06:46:00,379.2,7.4,15.7,19.6,1.18
2026-06-07 06:47:00,359.1,7.32,15.5,19.2,1.17
2026-06-07 06:48:00,357.1,7.33,15.4,18.5,1.24
2026-06-07 06:49:00,373.5,7.41,15.2,19.8,1.22
2026-06-07 06:50:00,366.3,7.24,15.1,18.9,1.24
2026-06-07 06:51:00,343.1,7.22,15.5,19.7,1.24
2026-06-07 06:52:00,358.9,7.46,15.8,20.3,1.13
2026-06-07 06:53:00,355.0,7.2,15.5,19.1,1.21
2026-06-07 06:54:00,333.8,7.29,15.4,19.9,1.18
2026-06-07 06:55:00,349.6,7.21,15.5,19.3,1.23
2026-06-07 06:56:00,357.2,7.34,15.4,20.1,1.18
2026-06-07 06:57:00,358.3,7.43,15.5,19.7,1.17
2026-06-07 06:58:00,337.8,7.4,15.3,19.7,1.16
2026-06-07 06:59:00,377.3,7.63,15.2,20.2,1.19
2026-06-07 07:00:00,358.5,7.5,15.5,20.0,1.23
2026-06-07 07:01:00,360.6,7.3,15.7,19.4,1.21
2026-06-07 07:02:00,366.0,7.27,15.6,20.5,1.16
2026-06-07 07:03:00,348.2,7.66,15.2,19.2,1.26
2026-06-07 07:04:00,366.8,7.5,15.4,19.9,1.22
2026-06-07 07:05:00,354.5,7.45,15.6,19.5,1.22
2026-06-07 07:06:00,346.6,7.4,15.8,19.2,1.24
2026-06-07 07:07:00,368.6,7.42,15.8,19.4,1.15
2026-06-07 07:08:00,382.4,7.24,15.4,19.9,1.17
2026-06-07 07:09:00,370.9,7.41,15.6,20.0,1.22
2026-06-07 07:10:00,373.8,7.4,15.5,20.3,1.18
2026-06-07 07:11:00,352.2,7.3,15.5,20.5,1.19
2026-06-07 07:12:00,336.0,7.34,15.5,20.1,1.2
2026-06-07 07:13:00,382.4,7.54,15.5,19.8,1.16
2026-06-07 07:14:00,390.8,7.38,15.7,20.4,1.19
2026-06-07 07:15:00,383.1,7.6,15.2,19.8,1.23
2026-06-07 07:16:00,355.0,7.22,15.6,19.4,1.22
2026-06-07 07:17:00,342.7,7.34,15.8,20.4,1.23
2026-06-07 07:18:00,344.0,7.24,15.8,20.6,1.23
2026-06-07 07:19:00,334.7,7.27,15.6,19.8,1.21
2026-06-07 07:20:00,358.4,7.31,15.4,20.9,1.21
2026-06-07 07:21:00,384.1,7.42,15.7,20.4,1.21
2026-06-07 07:22:00,357.9,7.42,15.8,20.3,1.18
2026-06-07 07:23:00,364.5,7.32,15.4,20.0,1.17
2026-06-07 07:24:00,380.6,7.17,15.6,20.6,1.18
2026-06-07 07:25:00,353.9,7.54,15.5,19.6,1.19
2026-06-07 07:26:00,390.5,7.36,15.4,20.1,1.18
2026-06-07 07:27:00,389.9,7.28,15.5,20.0,1.21
2026-06-07 07:28:00,358.0,7.42,15.6,19.8,1.21
2026-06-07 07:29:00,351.3,7.41,15.4,20.7,1.21
2026-06-07 07:30:00,370.5,7.36,15.4,20.5,1.21
2026-06-07 07:31:00,354.8,7.4,15.4,20.7,1.24
2026-06-07 07:32:00,342.7,7.27,15.7,20.3,1.2
2026-06-07 07:33:00,379.2,7.47,15.3,20.8,1.23
2026-06-07 07:34:00,378.2,7.29,15.2,20.5,1.22
2026-06-07 07:35:00,362.3,7.33,15.9,20.3,1.23
2026-06-07 07:36:00,341.1,7.45,15.4,20.2,1.25
2026-06-07 07:37:00,341.6,7.51,15.6,19.7,1.22
2026-06-07 07:38:00,361.6,7.55,15.8,21.0,1.2
2026-06-07 07:39:00,352.5,7.5,15.3,21.0,1.2
2026-06-07 07:40:00,354.9,7.36,15.4,21.7,1.19
2026-06-07 07:41:00,375.3,7.24,15.5,20.5,1.18
2026-06-07 07:42:00,371.0,7.53,15.8,20.3,1.23
2026-06-07 07:43:00,380.7,7.53,15.7,19.9,1.17
2026-06-07 07:44:00,345.1,7.32,15.7,21.0,1.25
2026-06-07 07:45:00,354.9,7.48,15.6,21.0,1.2
2026-06-07 07:46:00,371.4,7.36,15.8,21.3,1.29
2026-06-07 07:47:00,366.7,7.54,16.0,20.3,1.18
2026-06-07 07:48:00,383.0,7.34,16.3,21.0,1.21
2026-06-07 07:49:00,366.3,7.59,15.7,20.6,1.19
2026-06-07 07:50:00,387.7,7.47,16.0,21.3,1.18
2026-06-07 07:51:00,368.1,7.57,15.9,21.0,1.23
2026-06-07 07:52:00,375.9,7.34,15.8,20.2,1.17
2026-06-07 07:53:00,355.1,7.43,15.3,20.8,1.18
2026-06-07 07:54:00,360.2,7.29,15.6,20.1,1.22
2026-06-07 07:55:00,373.7,7.47,15.7,20.4,1.22
2026-06-07 07:56:00,384.2,7.48,15.8,20.5,1.16
2026-06-07 07:57:00,370.9,7.63,15.7,20.7,1.22
2026-06-07 07:58:00,358.8,7.44,15.6,20.9,1.2
2026-06-07 07:59:00,380.7,7.46,16.2,21.0,1.17
2026-06-07 08:00:00,327.1,7.34,16.0,21.0,1.18
2026-06-07 08:01:00,338.7,7.44,15.4,21.0,1.14
2026-06-07 08:02:00,370.2,7.35,15.7,21.2,1.25
2026-06-07 08:03:00,360.2,7.4,15.9,20.6,1.23
2026-06-07 08:04:00,369.1,7.41,16.0,21.1,1.16
2026-06-07 08:05:00,361.0,7.35,15.7,21.7,1.22
2026-06-07 08:06:00,368.6,7.4,15.7,21.1,1.18
2026-06-07 08:07:00,347.8,7.35,15.8,21.4,1.23
2026-06-07 08:08:00,368.6,7.35,15.9,21.3,1.19
2026-06-07 08:09:00,374.9,7.5,15.5,21.5,1.19
2026-06-07 08:10:00,378.3,7.41,15.4,21.3,1.19
2026-06-07 08:11:00,390.2,7.42,16.1,21.6,1.18
2026-06-07 08:12:00,363.7,7.24,15.6,21.5,1.24
2026-06-07 08:13:00,364.1,7.43,16.2,21.5,1.23
2026-06-07 08:14:00,337.2,7.44,15.7,21.5,1.2
2026-06-07 08:15:00,352.0,7.35,15.8,20.9,1.23
2026-06-07 08:16:00,357.1,7.6,15.9,20.9,1.15
2026-06-07 08:17:00,375.8,7.16,15.4,21.2,1.16
2026-06-07 08:18:00,350.8,7.47,16.4,22.0,1.21
2026-06-07 08:19:00,371.9,7.46,15.8,21.3,1.22
2026-06-07 08:20:00,360.0,7.44,15.7,21.6,1.21
2026-06-07 08:21:00,357.3,7.41,15.6,20.7,1.14
2026-06-07 08:22:00,363.7,7.45,16.0,21.6,1.17
2026-06-07 08:23:00,354.1,7.48,15.9,21.5,1.21
2026-06-07 08:24:00,353.6,7.32,15.7,20.5,1.27
2026-06-07 08:25:00,334.4,7.42,15.6,21.7,1.24
2026-06-07 08:26:00,356.3,7.37,16.1,20.9,1.25
2026-06-07 08:27:00,352.8,7.28,15.8,21.3,1.21
2026-06-07 08:28:00,352.3,7.46,15.6,22.0,1.21
2026-06-07 08:29:00,366.3,7.33,15.9,21.7,1.17
2026-06-07 08:30:00,369.9,7.24,15.8,21.5,1.23
2026-06-07 08:31:00,363.5,7.34,16.3,21.5,1.2
2026-06-07 08:32:00,374.9,7.31,15.8,21.5,1.22
2026-06-07 08:33:00,368.6,7.49,15.9,21.8,1.2
2026-06-07 08:34:00,355.6,7.41,16.0,21.3,1.21
2026-06-07 08:35:00,353.1,7.53,15.8,22.2,1.2
2026-06-07 08:36:00,364.7,7.32,16.1,21.3,1.21
2026-06-07 08:37:00,368.6,7.48,15.8,21.1,1.23
2026-06-07 08:38:00,381.0,7.67,15.9,22.2,1.16
2026-06-07 08:39:00,377.9,7.43,16.1,21.7,1.16
2026-06-07 08:40:00,351.9,7.48,16.2,21.9,1.21
2026-06-07 08:41:00,358.5,7.46,15.9,22.2,1.24
2026-06-07 08:42:00,370.1,7.25,15.9,21.6,1.25
2026-06-07 08:43:00,376.0,7.45,16.3,22.0,1.16
2026-06-07 08:44:00,374.1,7.42,15.9,22.2,1.19
2026-06-07 08:45:00,359.0,7.36,16.0,22.6,1.16
2026-06-07 08:46:00,341.2,7.3,16.4,21.8,1.18
2026-06-07 08:47:00,345.0,7.46,16.0,21.8,1.23
2026-06-07 08:48:00,364.1,7.29,16.0,22.3,1.2
2026-06-07 08:49:00,365.1,7.6,16.0,22.1,1.19
2026-06-07 08:50:00,343.5,7.4,15.9,22.0,1.22
2026-06-07 08:51:00,360.7,7.27,16.1,22.7,1.18
2026-06-07 08:52:00,369.5,7.34,15.9,21.5,1.25
2026-06-07 08:53:00,342.7,7.36,16.2,21.6,1.2
2026-06-07 08:54:00,376.6,7.63,16.1,21.5,1.19
2026-06-07 08:55:00,354.3,7.3,16.1,22.7,1.22
2026-06-07 08:56:00,378.9,7.38,16.4,22.4,1.23
2026-06-07 08:57:00,352.0,7.34,15.8,21.7,1.25
2026-06-07 08:58:00,344.6,7.44,16.1,22.2,1.19
2026-06-07 08:59:00,353.1,7.34,16.2,22.3,1.23
2026-06-07 09:00:00,358.6,7.28,16.0,21.4,1.2
2026-06-07 09:01:00,354.2,7.37,16.3,22.4,1.18
2026-06-07 09:02:00,356.8,7.36,16.0,21.9,1.18
2026-06-07 09:03:00,365.0,7.33,16.2,22.6,1.17
2026-06-07 09:04:00,357.4,7.34,16.1,21.9,1.18
2026-06-07 09:05:00,359.0,7.51,16.2,22.5,1.23
2026-06-07 09:06:00,334.4,7.36,16.2,22.9,1.22
2026-06-07 09:07:00,365.9,7.28,16.1,22.8,1.16
2026-06-07 09:08:00,358.7,7.34,16.1,22.7,1.15
2026-06-07 09:09:00,384.2,7.4,16.0,22.5,1.17
2026-06-07 09:10:00,345.9,7.26,16.2,21.9,1.18
2026-06-07 09:11:00,332.9,7.55,16.2,22.3,1.19
2026-06-07 09:12:00,369.3,7.48,16.0,22.5,1.24
2026-06-07 09:13:00,365.2,7.53,16.3,22.4,1.18
2026-06-07 09:14:00,344.9,7.43,16.1,22.0,1.25
2026-06-07 09:15:00,337.1,7.18,16.5,22.8,1.15
2026-06-07 09:16:00,383.1,7.54,16.7,22.2,1.19
2026-06-07 09:17:00,381.2,7.3,16.5,23.3,1.22
2026-06-07 09:18:00,322.7,7.31,16.5,22.7,1.23
2026-06-07 09:19:00,353.1,7.41,16.4,23.1,1.19
2026-06-07 09:20:00,385.0,7.53,16.2,23.1,1.23
2026-06-07 09:21:00,352.9,7.5,15.9,23.6,1.22
2026-06-07 09:22:00,352.6,7.48,16.0,22.8,1.18
2026-06-07 09:23:00,355.8,7.36,16.1,22.6,1.21
2026-06-07 09:24:00,343.2,7.36,16.5,22.6,1.22
2026-06-07 09:25:00,334.4,7.42,16.3,23.4,1.18
2026-06-07 09:26:00,375.8,7.38,16.1,22.3,1.25
2026-06-07 09:27:00,332.4,7.48,15.9,22.5,1.17
2026-06-07 09:28:00,363.7,7.47,16.8,23.0,1.2
2026-06-07 09:29:00,373.3,7.45,16.4,22.8,1.16
2026-06-07 09:30:00,338.2,7.14,16.5,23.3,1.2
2026-06-07 09:31:00,346.1,7.4,16.2,22.4,1.17
2026-06-07 09:32:00,378.2,7.38,16.3,22.9,1.19
2026-06-07 09:33:00,368.0,7.41,16.3,22.9,1.15
2026-06-07 09:34:00,350.7,7.31,16.3,22.6,1.22
2026-06-07 09:35:00,378.0,7.26,16.7,23.4,1.21
2026-06-07 09:36:00,378.1,7.44,16.1,23.0,1.23
2026-06-07 09:37:00,364.0,7.35,16.3,23.0,1.19
2026-06-07 09:38:00,346.5,7.45,16.4,22.7,1.23
2026-06-07 09:39:00,353.8,7.32,16.3,22.9,1.2
2026-06-07 09:40:00,364.3,7.53,16.6,22.7,1.2
2026-06-07 09:41:00,357.2,7.49,16.0,23.5,1.26
2026-06-07 09:42:00,374.1,7.42,16.8,23.6,1.19
2026-06-07 09:43:00,337.1,7.37,16.1,23.8,1.24
2026-06-07 09:44:00,337.6,7.48,16.2,23.4,1.21
2026-06-07 09:45:00,362.7,7.43,16.3,23.1,1.18
2026-06-07 09:46:00,352.6,7.41,16.3,23.0,1.16
2026-06-07 09:47:00,350.6,7.49,16.5,23.4,1.17
2026-06-07 09:48:00,333.5,7.53,16.5,23.4,1.23
2026-06-07 09:49:00,360.3,7.26,16.5,23.2,1.25
2026-06-07 09:50:00,359.2,7.28,16.2,23.2,1.2
2026-06-07 09:51:00,369.8,7.31,16.4,23.8,1.2
2026-06-07 09:52:00,361.0,7.24,16.5,23.2,1.22
2026-06-07 09:53:00,358.0,7.38,16.7,23.9,1.2
2026-06-07 09:54:00,377.7,7.45,16.5,23.5,1.23
2026-06-07 09:55:00,340.3,7.39,16.5,23.3,1.21
2026-06-07 09:56:00,368.0,7.34,16.9,23.1,1.2
2026-06-07 09:57:00,334.9,7.5,16.2,23.4,1.18
2026-06-07 09:58:00,347.4,7.4,16.4,23.7,1.17
2026-06-07 09:59:00,341.8,7.42,16.3,23.3,1.11
2026-06-07 10:00:00,371.7,7.51,16.8,23.8,1.24
2026-06-07 10:01:00,359.0,7.38,16.8,23.3,1.2
2026-06-07 10:02:00,359.8,7.6,16.8,23.5,1.19
2026-06-07 10:03:00,343.4,7.35,16.6,23.0,1.14
2026-06-07 10:04:00,355.5,7.59,16.6,23.8,1.18
2026-06-07 10:05:00,348.5,7.29,16.4,23.5,1.18
2026-06-07 10:06:00,365.8,7.44,16.7,24.2,1.18
2026-06-07 10:07:00,345.1,7.33,16.3,23.9,1.21
2026-06-07 10:08:00,379.9,7.5,16.3,23.7,1.2
2026-06-07 10:09:00,334.9,7.34,16.5,24.2,1.16
2026-06-07 10:10:00,347.9,7.42,16.9,23.8,1.16
2026-06-07 10:11:00,385.2,7.32,16.5,24.1,1.16
2026-06-07 10:12:00,353.5,7.48,16.5,23.4,1.25
2026-06-07 10:13:00,340.3,7.32,16.6,23.9,1.24
2026-06-07 10:14:00,363.3,7.56,16.8,24.0,1.17
2026-06-07 10:15:00,352.9,7.29,16.8,23.2,1.14
2026-06-07 10:16:00,347.5,7.26,16.4,24.4,1.2
2026-06-07 10:17:00,343.6,7.49,16.6,23.3,1.2
2026-06-07 10:18:00,401.5,7.33,16.7,23.3,1.21
2026-06-07 10:19:00,356.2,7.39,16.7,22.7,1.22
2026-06-07 10:20:00,331.1,7.36,16.8,24.1,1.21
2026-06-07 10:21:00,382.4,7.26,16.8,23.2,1.17
2026-06-07 10:22:00,369.2,7.38,16.6,23.7,1.21
2026-06-07 10:23:00,348.5,7.52,16.9,24.3,1.23
2026-06-07 10:24:00,346.0,7.49,16.9,24.0,1.18
2026-06-07 10:25:00,370.1,7.41,16.8,23.7,1.21
2026-06-07 10:26:00,356.3,7.5,16.6,23.3,1.18
2026-06-07 10:27:00,331.1,7.28,16.8,23.9,1.26
2026-06-07 10:28:00,386.8,7.36,16.9,24.4,1.16
2026-06-07 10:29:00,353.5,7.43,16.6,24.3,1.23
2026-06-07 10:30:00,382.4,7.38,16.7,24.8,1.15
2026-06-07 10:31:00,379.2,7.37,17.0,23.8,1.25
2026-06-07 10:32:00,345.0,7.27,16.8,23.6,1.17
2026-06-07 10:33:00,375.5,7.18,16.7,24.2,1.21
2026-06-07 10:34:00,350.2,7.47,17.0,24.2,1.15
2026-06-07 10:35:00,332.0,7.41,16.6,24.1,1.16
2026-06-07 10:36:00,353.6,7.48,16.4,23.8,1.23
2026-06-07 10:37:00,366.0,7.35,16.6,23.1,1.23
2026-06-07 10:38:00,353.1,7.32,17.0,23.8,1.21
2026-06-07 10:39:00,355.4,7.39,16.9,24.4,1.22
2026-06-07 10:40:00,377.2,7.48,16.8,24.3,1.23
2026-06-07 10:41:00,361.6,7.37,17.0,24.6,1.18
2026-06-07 10:42:00,347.4,7.47,16.8,24.4,1.16
2026-06-07 10:43:00,370.5,7.29,16.7,24.6,1.2
2026-06-07 10:44:00,363.0,7.37,17.0,24.6,1.18
2026-06-07 10:45:00,322.2,7.38,16.7,24.3,1.21
2026-06-07 10:46:00,366.4,7.51,16.9,24.3,1.22
2026-06-07 10:47:00,365.9,7.41,16.6,23.2,1.18
2026-06-07 10:48:00,360.3,7.56,16.6,24.1,1.22
2026-06-07 10:49:00,373.4,7.26,16.6,24.1,1.22
2026-06-07 10:50:00,349.9,7.4,16.8,24.3,1.22
2026-06-07 10:51:00,365.0,7.41,16.7,24.0,1.19
2026-06-07 10:52:00,336.5,7.45,16.7,24.8,1.22
2026-06-07 10:53:00,366.1,7.31,16.8,24.1,1.22
2026-06-07 10:54:00,389.3,7.56,16.8,24.9,1.22
2026-06-07 10:55:00,345.1,7.39,16.5,24.1,1.25
2026-06-07 10:56:00,348.6,7.28,16.4,24.2,1.21
2026-06-07 10:57:00,349.3,7.39,16.9,24.2,1.18
2026-06-07 10:58:00,361.9,7.36,16.9,24.3,1.17
2026-06-07 10:59:00,344.1,7.67,16.6,25.0,1.23
2026-06-07 11:00:00,366.3,7.49,17.0,24.4,1.21
2026-06-07 11:01:00,372.7,7.39,17.0,24.4,1.25
2026-06-07 11:02:00,368.0,7.38,16.8,24.3,1.14
2026-06-07 11:03:00,333.5,7.49,17.3,24.5,1.23
2026-06-07 11:04:00,374.9,7.49,17.2,24.7,1.19
2026-06-07 11:05:00,374.1,7.1,16.8,24.5,1.19
2026-06-07 11:06:00,372.5,7.45,16.8,24.6,1.18
2026-06-07 11:07:00,365.6,7.39,16.6,25.0,1.23
2026-06-07 11:08:00,363.3,7.26,17.2,24.8,1.22
2026-06-07 11:09:00,375.5,7.48,17.0,24.2,1.17
2026-06-07 11:10:00,388.9,7.61,17.1,24.7,1.2
2026-06-07 11:11:00,345.7,7.45,16.5,24.5,1.22
2026-06-07 11:12:00,376.2,7.5,17.1,24.9,1.21
2026-06-07 11:13:00,358.7,7.57,16.9,24.8,1.23
2026-06-07 11:14:00,358.1,7.31,17.1,25.2,1.19
2026-06-07 11:15:00,337.0,7.2,17.1,24.5,1.13
2026-06-07 11:16:00,355.7,7.46,17.0,24.7,1.21
2026-06-07 11:17:00,345.0,7.37,16.9,24.4,1.21
2026-06-07 11:18:00,353.0,7.25,17.1,24.8,1.21
2026-06-07 11:19:00,343.5,7.38,16.8,24.2,1.23
2026-06-07 11:20:00,353.3,7.46,17.2,25.0,1.14
2026-06-07 11:21:00,353.9,7.38,16.9,24.8,1.19
2026-06-07 11:22:00,361.5,7.31,17.0,24.9,1.17
2026-06-07 11:23:00,335.8,7.37,16.9,25.2,1.16
2026-06-07 11:24:00,338.3,7.39,17.1,25.0,1.2
2026-06-07 11:25:00,365.4,7.2,16.8,24.4,1.22
2026-06-07 11:26:00,348.0,7.38,16.9,24.7,1.21
2026-06-07 11:27:00,376.1,7.26,17.5,24.9,1.18
2026-06-07 11:28:00,363.4,7.46,17.2,24.8,1.2
2026-06-07 11:29:00,369.1,7.23,17.1,24.9,1.23
2026-06-07 11:30:00,381.2,7.49,17.2,25.6,1.22
2026-06-07 11:31:00,355.4,7.35,17.1,25.0,1.18
2026-06-07 11:32:00,351.4,7.34,17.1,25.1,1.18
2026-06-07 11:33:00,373.1,7.42,17.2,24.2,1.15
2026-06-07 11:34:00,367.6,7.3,16.9,25.3,1.19
2026-06-07 11:35:00,357.2,7.42,17.4,26.2,1.15
2026-06-07 11:36:00,380.9,7.32,17.1,25.6,1.26
2026-06-07 11:37:00,356.8,7.33,17.3,24.9,1.17
2026-06-07 11:38:00,360.5,7.43,17.4,26.0,1.23
2026-06-07 11:39:00,360.3,7.28,17.2,25.1,1.25
2026-06-07 11:40:00,346.0,7.26,17.0,25.2,1.21
2026-06-07 11:41:00,361.2,7.41,17.4,25.0,1.2
2026-06-07 11:42:00,381.0,7.39,17.5,25.0,1.16
2026-06-07 11:43:00,366.7,7.41,16.8,24.2,1.18
2026-06-07 11:44:00,360.5,7.42,17.1,25.5,1.25
2026-06-07 11:45:00,357.6,7.4,17.2,25.0,1.21
2026-06-07 11:46:00,365.0,7.45,17.1,25.1,1.2
2026-06-07 11:47:00,371.2,7.4,16.9,25.3,1.24
2026-06-07 11:48:00,369.1,7.19,17.0,25.0,1.22
2026-06-07 11:49:00,355.0,7.22,16.8,25.3,1.2
2026-06-07 11:50:00,364.9,7.58,17.4,25.7,1.21
2026-06-07 11:51:00,367.2,7.39,17.5,25.4,1.18
2026-06-07 11:52:00,344.9,7.49,17.5,25.2,1.18
2026-06-07 11:53:00,362.5,7.36,17.2,25.2,1.19
2026-06-07 11:54:00,327.6,7.38,17.3,25.3,1.22
2026-06-07 11:55:00,367.2,7.34,17.4,24.9,1.16
2026-06-07 11:56:00,369.9,7.64,17.2,25.4,1.2
2026-06-07 11:57:00,371.2,7.42,17.0,25.6,1.19
2026-06-07 11:58:00,354.1,7.34,17.1,25.3,1.17
2026-06-07 11:59:00,364.6,7.22,17.3,25.1,1.19
2026-06-07 12:00:00,381.4,7.59,17.1,25.2,1.13
2026-06-07 12:01:00,381.2,7.37,17.4,25.6,1.18
2026-06-07 12:02:00,359.6,7.46,17.0,24.9,1.17
2026-06-07 12:03:00,362.1,7.48,17.2,25.0,1.19
2026-06-07 12:04:00,376.7,7.34,17.4,24.7,1.13
2026-06-07 12:05:00,337.5,7.46,17.3,25.4,1.21
2026-06-07 12:06:00,355.2,7.33,17.1,25.7,1.23
2026-06-07 12:07:00,380.0,7.29,17.4,25.9,1.2
2026-06-07 12:08:00,374.6,7.51,17.3,26.0,1.21
2026-06-07 12:09:00,365.5,7.37,16.9,25.1,1.18
2026-06-07 12:10:00,337.4,7.44,17.4,25.5,1.15
2026-06-07 12:11:00,359.3,7.43,17.2,25.3,1.2
2026-06-07 12:12:00,351.2,7.45,17.2,26.1,1.22
2026-06-07 12:13:00,365.0,7.23,17.2,26.0,1.16
2026-06-07 12:14:00,347.9,7.33,17.1,25.5,1.19
2026-06-07 12:15:00,344.6,7.36,17.4,25.2,1.19
2026-06-07 12:16:00,329.0,7.31,17.4,24.1,1.29
2026-06-07 12:17:00,378.3,7.43,17.4,24.9,1.21
2026-06-07 12:18:00,354.0,7.51,17.5,24.8,1.14
2026-06-07 12:19:00,362.4,7.52,17.5,24.9,1.14
2026-06-07 12:20:00,360.0,7.36,17.0,26.3,1.22
2026-06-07 12:21:00,344.0,7.42,17.2,25.0,1.27
2026-06-07 12:22:00,341.1,7.43,17.6,25.1,1.19
2026-06-07 12:23:00,344.9,7.45,17.1,25.2,1.19
2026-06-07 12:24:00,349.2,7.3,16.8,26.6,1.21
2026-06-07 12:25:00,365.5,7.57,17.8,25.6,1.18
2026-06-07 12:26:00,348.1,7.48,17.5,26.0,1.12
2026-06-07 12:27:00,386.2,7.49,17.3,25.7,1.23
2026-06-07 12:28:00,375.4,7.51,17.2,24.8,1.18
2026-06-07 12:29:00,372.1,7.44,17.5,26.2,1.23
2026-06-07 12:30:00,358.2,7.29,17.5,25.8,1.18
2026-06-07 12:31:00,382.7,7.38,17.5,25.6,1.2
2026-06-07 12:32:00,356.7,7.22,17.4,26.3,1.23
2026-06-07 12:33:00,359.5,7.43,17.2,25.5,1.23
2026-06-07 12:34:00,362.5,7.37,17.4,25.6,1.21
2026-06-07 12:35:00,370.5,7.39,17.7,25.5,1.21
2026-06-07 12:36:00,369.6,7.51,17.3,26.1,1.22
2026-06-07 12:37:00,352.9,7.34,17.6,26.0,1.21
2026-06-07 12:38:00,352.0,7.36,17.4,25.8,1.16
2026-06-07 12:39:00,369.6,7.39,17.6,25.3,1.16
2026-06-07 12:40:00,370.7,7.21,17.3,25.6,1.14
2026-06-07 12:41:00,354.1,7.36,17.5,25.3,1.22
2026-06-07 12:42:00,336.2,7.14,17.6,26.2,1.19
2026-06-07 12:43:00,356.9,7.33,17.3,25.1,1.22
2026-06-07 12:44:00,369.4,7.48,17.6,26.4,1.21
2026-06-07 12:45:00,387.1,7.43,17.5,26.2,1.17
2026-06-07 12:46:00,342.0,7.33,17.5,25.4,1.2
2026-06-07 12:47:00,353.6,7.39,17.4,25.6,1.19
2026-06-07 12:48:00,354.2,7.28,17.7,25.5,1.18
2026-06-07 12:49:00,380.3,7.39,17.3,25.9,1.23
2026-06-07 12:50:00,359.5,7.68,17.6,26.3,1.28
2026-06-07 12:51:00,346.4,7.57,17.3,26.2,1.23
2026-06-07 12:52:00,368.4,7.4,17.5,25.6,1.2
2026-06-07 12:53:00,353.9,7.41,17.7,26.3,1.24
2026-06-07 12:54:00,341.6,7.29,17.5,26.3,1.25
2026-06-07 12:55:00,346.6,7.31,16.9,25.7,1.16
2026-06-07 12:56:00,386.0,7.43,17.3,25.8,1.24
2026-06-07 12:57:00,365.8,7.34,17.1,26.4,1.22
2026-06-07 12:58:00,361.6,7.48,17.6,26.2,1.24
2026-06-07 12:59:00,356.3,7.55,17.6,26.3,1.22
2026-06-07 13:00:00,364.4,7.42,17.5,26.9,1.19
2026-06-07 13:01:00,364.2,7.4,17.4,26.1,1.26
2026-06-07 13:02:00,364.4,7.22,17.6,26.0,1.21
2026-06-07 13:03:00,361.7,7.46,17.3,26.4,1.19
2026-06-07 13:04:00,373.0,7.28,17.8,26.6,1.22
2026-06-07 13:05:00,360.3,7.35,17.6,25.6,1.23
2026-06-07 13:06:00,345.3,7.49,17.4,25.8,1.2
2026-06-07 13:07:00,350.8,7.49,17.5,25.5,1.21
2026-06-07 13:08:00,330.3,7.34,17.6,26.0,1.2
2026-06-07 13:09:00,390.4,7.35,17.3,26.2,1.18
2026-06-07 13:10:00,372.9,7.32,17.7,25.5,1.18
2026-06-07 13:11:00,347.5,7.27,17.8,26.3,1.16
2026-06-07 13:12:00,355.8,7.33,17.6,25.7,1.25
2026-06-07 13:13:00,350.4,7.23,17.8,25.7,1.19
2026-06-07 13:14:00,383.1,7.46,18.2,26.4,1.1
2026-06-07 13:15:00,338.7,7.43,17.3,25.7,1.21
2026-06-07 13:16:00,361.7,7.45,17.6,25.3,1.21
2026-06-07 13:17:00,358.4,7.29,17.4,26.2,1.14
2026-06-07 13:18:00,372.4,7.27,18.0,25.9,1.18
2026-06-07 13:19:00,358.4,7.4,17.7,26.4,1.17
2026-06-07 13:20:00,333.6,7.4,17.5,26.3,1.18
2026-06-07 13:21:00,356.2,7.38,17.6,25.2,1.24
2026-06-07 13:22:00,345.4,7.36,17.9,26.5,1.2
2026-06-07 13:23:00,361.2,7.56,17.8,26.7,1.19
2026-06-07 13:24:00,381.5,7.43,17.8,26.4,1.23
2026-06-07 13:25:00,333.9,7.59,18.0,26.4,1.21
2026-06-07 13:26:00,348.0,7.52,17.9,25.8,1.15
2026-06-07 13:27:00,351.7,7.56,17.9,25.8,1.18
2026-06-07 13:28:00,354.3,7.28,17.7,26.0,1.21
2026-06-07 13:29:00,371.1,7.45,17.2,26.3,1.17
2026-06-07 13:30:00,357.4,7.35,17.7,26.3,1.26
2026-06-07 13:31:00,366.2,7.22,17.6,25.8,1.2
2026-06-07 13:32:00,350.6,7.54,17.9,25.7,1.18
2026-06-07 13:33:00,363.4,7.36,17.3,25.4,1.17
2026-06-07 13:34:00,371.7,7.28,17.9,26.2,1.23
2026-06-07 13:35:00,349.0,7.35,17.7,25.8,1.18
2026-06-07 13:36:00,371.7,7.31,17.8,25.9,1.21
2026-06-07 13:37:00,360.8,7.32,17.8,26.7,1.17
2026-06-07 13:38:00,375.7,7.37,17.7,26.2,1.2
2026-06-07 13:39:00,357.0,7.56,17.7,26.1,1.18
2026-06-07 13:40:00,365.7,7.32,18.0,26.3,1.19
2026-06-07 13:41:00,359.4,7.56,17.9,26.6,1.18
2026-06-07 13:42:00,358.6,7.47,17.9,25.3,1.23
2026-06-07 13:43:00,363.9,7.43,17.7,25.8,1.19
2026-06-07 13:44:00,368.1,7.46,17.8,25.9,1.2
2026-06-07 13:45:00,341.3,7.39,17.7,25.6,1.2
2026-06-07 13:46:00,381.5,7.52,17.4,25.9,1.25
2026-06-07 13:47:00,332.1,7.45,17.5,25.4,1.23
2026-06-07 13:48:00,349.7,7.22,17.7,26.4,1.22
2026-06-07 13:49:00,358.6,7.42,17.4,25.8,1.15
2026-06-07 13:50:00,366.2,7.47,17.7,26.1,1.18
2026-06-07 13:51:00,383.6,7.36,17.6,26.0,1.24
2026-06-07 13:52:00,332.1,7.4,17.8,26.2,1.16
2026-06-07 13:53:00,352.4,7.33,17.8,25.0,1.2
2026-06-07 13:54:00,328.1,7.25,17.4,26.2,1.17
2026-06-07 13:55:00,360.5,7.23,17.8,25.9,1.17
2026-06-07 13:56:00,364.1,7.24,17.7,26.2,1.25
2026-06-07 13:57:00,383.9,7.46,17.3,25.5,1.22
2026-06-07 13:58:00,361.8,7.14,17.7,26.2,1.23
2026-06-07 13:59:00,375.7,7.32,17.9,26.5,1.22
2026-06-07 14:00:00,368.8,7.31,17.7,26.1,1.2
2026-06-07 14:01:00,353.5,7.36,17.7,25.7,1.18
2026-06-07 14:02:00,338.9,7.2,17.8,25.7,1.19
2026-06-07 14:03:00,364.1,7.43,17.7,26.2,1.19
2026-06-07 14:04:00,337.6,7.26,17.8,26.2,1.25
2026-06-07 14:05:00,379.4,7.5,17.5,26.1,1.16
2026-06-07 14:06:00,357.6,7.33,17.7,26.0,1.18
2026-06-07 14:07:00,377.9,7.38,18.2,26.1,1.17
2026-06-07 14:08:00,352.8,7.39,17.9,26.0,1.23
2026-06-07 14:09:00,364.0,7.41,17.9,25.8,1.26
2026-06-07 14:10:00,363.1,7.39,17.7,26.3,1.21
2026-06-07 14:11:00,359.3,7.35,17.8,26.1,1.21
2026-06-07 14:12:00,353.5,7.42,17.8,26.5,1.2
2026-06-07 14:13:00,365.9,7.44,18.0,26.4,1.21
2026-06-07 14:14:00,346.1,7.31,18.1,26.1,1.22
2026-06-07 14:15:00,341.9,7.43,17.8,26.2,1.21
2026-06-07 14:16:00,378.6,7.51,17.8,25.6,1.21
2026-06-07 14:17:00,370.9,7.46,17.8,26.0,1.22
2026-06-07 14:18:00,361.0,7.48,18.0,26.1,1.15
2026-06-07 14:19:00,385.0,7.41,18.0,25.3,1.2
2026-06-07 14:20:00,356.0,7.3,17.8,26.2,1.21
2026-06-07 14:21:00,379.8,7.31,18.1,25.6,1.21
2026-06-07 14:22:00,362.6,7.42,18.0,25.6,1.19
2026-06-07 14:23:00,344.6,7.48,17.7,25.8,1.2
2026-06-07 14:24:00,387.7,7.67,17.9,26.0,1.18
2026-06-07 14:25:00,374.9,7.49,17.8,25.4,1.15
2026-06-07 14:26:00,358.2,7.27,17.7,26.3,1.23
2026-06-07 14:27:00,370.9,7.31,17.8,26.0,1.17
2026-06-07 14:28:00,353.9,7.62,18.1,26.7,1.2
2026-06-07 14:29:00,372.4,7.37,18.1,26.1,1.18
2026-06-07 14:30:00,324.1,7.39,18.1,26.2,1.25
2026-06-07 14:31:00,344.7,7.29,18.0,25.6,1.2
2026-06-07 14:32:00,374.7,7.55,17.9,25.5,1.19
2026-06-07 14:33:00,356.3,7.44,17.8,26.2,1.22
2026-06-07 14:34:00,363.1,7.31,18.0,25.5,1.26
2026-06-07 14:35:00,339.8,7.29,17.6,26.2,1.21
2026-06-07 14:36:00,387.7,7.42,17.8,26.6,1.19
2026-06-07 14:37:00,377.9,7.39,18.1,26.3,1.22
2026-06-07 14:38:00,357.0,7.47,17.8,26.2,1.15
2026-06-07 14:39:00,353.9,7.44,18.0,26.0,1.2
2026-06-07 14:40:00,375.4,7.36,17.8,25.8,1.26
2026-06-07 14:41:00,389.7,7.34,18.0,25.9,1.2
2026-06-07 14:42:00,374.3,7.37,17.6,25.7,1.2
2026-06-07 14:43:00,392.6,7.33,18.2,25.4,1.2
2026-06-07 14:44:00,346.2,7.38,17.7,25.9,1.19
2026-06-07 14:45:00,347.7,7.39,17.6,26.3,1.21
2026-06-07 14:46:00,342.2,7.3,18.2,25.4,1.22
2026-06-07 14:47:00,366.6,7.45,17.9,26.5,1.19
2026-06-07 14:48:00,362.6,7.35,17.9,26.4,1.13
2026-06-07 14:49:00,357.7,7.31,18.2,26.0,1.21
2026-06-07 14:50:00,372.1,7.35,18.1,26.0,1.26
2026-06-07 14:51:00,378.5,7.41,17.8,25.8,1.19
2026-06-07 14:52:00,337.1,7.4,17.9,25.9,1.16
2026-06-07 14:53:00,351.0,7.43,18.2,25.7,1.22
2026-06-07 14:54:00,372.3,7.48,17.7,25.9,1.25
2026-06-07 14:55:00,353.0,7.52,18.2,25.9,1.22
2026-06-07 14:56:00,348.0,7.42,17.9,26.6,1.25
2026-06-07 14:57:00,375.3,7.28,17.8,26.1,1.22
2026-06-07 14:58:00,340.7,7.36,18.2,25.8,1.22
2026-06-07 14:59:00,355.5,7.29,18.1,25.8,1.18
2026-06-07 15:00:00,364.9,7.56,17.6,25.5,1.21
2026-06-07 15:01:00,351.4,7.59,17.9,25.6,1.2
2026-06-07 15:02:00,371.7,7.46,17.7,26.2,1.2
2026-06-07 15:03:00,351.5,7.48,18.1,25.6,1.19
2026-06-07 15:04:00,381.1,7.42,18.3,25.6,1.21
2026-06-07 15:05:00,358.1,7.43,18.1,25.6,1.16
2026-06-07 15:06:00,370.1,7.23,17.8,25.5,1.22
2026-06-07 15:07:00,371.2,7.38,18.1,26.2,1.17
2026-06-07 15:08:00,350.6,7.3,18.0,25.8,1.19
2026-06-07 15:09:00,329.2,7.42,17.9,25.7,1.21
2026-06-07 15:10:00,365.4,7.38,17.9,25.8,1.17
2026-06-07 15:11:00,361.1,7.58,18.0,25.8,1.14
2026-06-07 15:12:00,368.3,7.48,18.0,25.5,1.19
2026-06-07 15:13:00,356.6,7.42,17.5,25.2,1.16
2026-06-07 15:14:00,353.5,7.36,18.0,26.3,1.22
2026-06-07 15:15:00,390.1,7.56,17.9,26.1,1.17
2026-06-07 15:16:00,337.9,7.39,18.0,25.9,1.24
2026-06-07 15:17:00,371.0,7.42,17.6,26.1,1.2
2026-06-07 15:18:00,351.4,7.39,18.1,26.5,1.2
2026-06-07 15:19:00,355.0,7.35,18.0,25.5,1.14
2026-06-07 15:20:00,355.2,7.39,18.1,25.3,1.2
2026-06-07 15:21:00,347.9,7.19,17.7,26.0,1.2
2026-06-07 15:22:00,368.6,7.24,17.7,25.1,1.16
2026-06-07 15:23:00,380.9,7.42,17.6,25.7,1.2
2026-06-07 15:24:00,367.1,7.55,18.0,25.5,1.19
2026-06-07 15:25:00,361.6,7.42,17.9,25.9,1.19
2026-06-07 15:26:00,345.2,7.32,18.0,25.5,1.2
2026-06-07 15:27:00,367.8,7.25,17.7,26.1,1.19
2026-06-07 15:28:00,392.3,7.47,17.7,25.3,1.21
2026-06-07 15:29:00,354.3,7.33,17.5,25.9,1.2
2026-06-07 15:30:00,354.4,7.45,17.7,25.4,1.21
2026-06-07 15:31:00,351.6,7.43,17.9,25.8,1.18
2026-06-07 15:32:00,352.7,7.44,17.9,25.2,1.17
2026-06-07 15:33:00,318.8,7.39,18.0,25.6,1.18
2026-06-07 15:34:00,366.1,7.43,18.1,26.1,1.24
2026-06-07 15:35:00,347.3,7.38,17.9,25.6,1.23
2026-06-07 15:36:00,335.8,7.33,18.1,26.0,1.24
2026-06-07 15:37:00,371.3,7.29,18.1,25.5,1.24
2026-06-07 15:38:00,343.8,7.15,18.2,25.3,1.19
2026-06-07 15:39:00,354.9,7.37,18.1,25.6,1.21
2026-06-07 15:40:00,382.0,7.54,18.0,25.8,1.2
2026-06-07 15:41:00,338.9,7.46,17.8,24.8,1.22
2026-06-07 15:42:00,337.0,7.41,18.0,25.7,1.19
2026-06-07 15:43:00,364.0,7.32,17.9,25.1,1.2
2026-06-07 15:44:00,377.2,7.49,18.3,25.0,1.2
2026-06-07 15:45:00,336.4,7.38,18.0,25.7,1.22
2026-06-07 15:46:00,366.1,7.55,18.0,26.0,1.22
2026-06-07 15:47:00,368.7,7.29,18.3,25.6,1.2
2026-06-07 15:48:00,329.1,7.32,17.9,24.9,1.2
2026-06-07 15:49:00,372.0,7.31,18.0,25.2,1.21
2026-06-07 15:50:00,373.1,7.24,18.4,25.3,1.25
2026-06-07 15:51:00,355.3,7.3,18.1,25.5,1.15
2026-06-07 15:52:00,378.8,7.4,18.2,25.4,1.17
2026-06-07 15:53:00,377.0,7.32,18.3,25.6,1.22
2026-06-07 15:54:00,361.5,7.0,17.9,25.8,1.21
2026-06-07 15:55:00,353.2,7.5,18.2,25.5,1.21
2026-06-07 15:56:00,345.4,7.22,17.9,25.7,1.22
2026-06-07 15:57:00,359.4,7.45,18.4,25.3,1.21
2026-06-07 15:58:00,368.5,7.39,18.3,26.7,1.18
2026-06-07 15:59:00,355.1,7.6,18.1,25.6,1.22
2026-06-07 16:00:00,327.0,7.49,18.2,25.6,1.2
2026-06-07 16:01:00,379.0,7.34,17.9,26.0,1.19
2026-06-07 16:02:00,362.9,7.32,18.3,25.3,1.22
2026-06-07 16:03:00,354.3,7.54,17.8,25.0,1.22
2026-06-07 16:04:00,372.9,7.24,18.1,25.8,1.21
2026-06-07 16:05:00,382.9,7.41,17.9,25.8,1.25
2026-06-07 16:06:00,318.0,7.38,18.2,25.3,1.24
2026-06-07 16:07:00,366.5,7.36,18.3,26.0,1.23
2026-06-07 16:08:00,338.6,7.43,18.1,25.2,1.28
2026-06-07 16:09:00,367.5,7.41,18.1,25.6,1.2
2026-06-07 16:10:00,361.9,7.44,18.0,25.8,1.19
2026-06-07 16:11:00,369.5,7.4,18.0,25.2,1.23
2026-06-07 16:12:00,352.5,7.43,17.9,25.4,1.19
2026-06-07 16:13:00,331.9,7.4,18.3,25.6,1.2
2026-06-07 16:14:00,353.2,7.32,18.2,25.0,1.17
2026-06-07 16:15:00,366.1,7.39,17.9,24.8,1.22
2026-06-07 16:16:00,375.2,7.32,18.0,25.7,1.16
2026-06-07 16:17:00,342.4,7.31,18.6,25.3,1.2
2026-06-07 16:18:00,375.4,7.36,18.0,24.9,1.2
2026-06-07 16:19:00,350.3,7.38,18.3,25.1,1.19
2026-06-07 16:20:00,365.4,7.39,17.9,25.3,1.15
2026-06-07 16:21:00,352.4,7.48,18.1,24.5,1.15
2026-06-07 16:22:00,362.7,7.34,17.9,25.4,1.18
2026-06-07 16:23:00,373.4,7.41,17.9,25.2,1.22
2026-06-07 16:24:00,341.6,7.4,18.2,25.7,1.21
2026-06-07 16:25:00,349.8,7.33,17.8,24.9,1.2
2026-06-07 16:26:00,362.8,7.4,17.8,25.6,1.17
2026-06-07 16:27:00,396.0,7.49,18.1,25.0,1.21
2026-06-07 16:28:00,347.1,7.41,17.9,25.0,1.15
2026-06-07 16:29:00,390.6,7.41,17.9,25.1,1.13
2026-06-07 16:30:00,390.1,7.32,17.6,25.8,1.19
2026-06-07 16:31:00,358.5,7.59,17.7,24.5,1.18
2026-06-07 16:32:00,355.5,7.33,18.0,25.1,1.23
2026-06-07 16:33:00,349.6,7.22,17.9,24.9,1.2
2026-06-07 16:34:00,359.0,7.48,18.2,24.9,1.25
2026-06-07 16:35:00,338.9,7.38,17.8,25.1,1.18
2026-06-07 16:36:00,358.9,7.36,17.9,25.3,1.21
2026-06-07 16:37:00,382.5,7.34,18.0,25.1,1.19
2026-06-07 16:38:00,350.8,7.58,17.9,25.4,1.24
2026-06-07 16:39:00,356.4,7.43,18.1,24.7,1.19
2026-06-07 16:40:00,334.5,7.44,17.8,24.8,1.23
2026-06-07 16:41:00,365.6,7.41,18.1,24.4,1.17
2026-06-07 16:42:00,364.0,7.42,18.2,25.6,1.19
2026-06-07 16:43:00,361.0,7.53,17.8,24.7,1.2
2026-06-07 16:44:00,356.7,7.36,18.1,24.7,1.24
2026-06-07 16:45:00,355.6,7.24,18.0,25.0,1.13
2026-06-07 16:46:00,367.5,7.48,18.1,25.2,1.19
2026-06-07 16:47:00,359.6,7.44,18.0,24.5,1.19
2026-06-07 16:48:00,364.7,7.4,18.3,25.2,1.14
2026-06-07 16:49:00,363.2,7.44,18.4,24.6,1.19
2026-06-07 16:50:00,376.9,7.35,18.1,25.3,1.15
2026-06-07 16:51:00,370.2,7.39,18.0,24.5,1.13
2026-06-07 16:52:00,362.9,7.38,18.0,25.0,1.19
2026-06-07 16:53:00,382.8,7.33,17.7,24.7,1.19
2026-06-07 16:54:00,366.3,7.51,17.7,24.2,1.19
2026-06-07 16:55:00,379.6,7.25,17.7,24.0,1.21
2026-06-07 16:56:00,369.1,7.63,18.0,24.3,1.17
2026-06-07 16:57:00,332.4,7.48,17.9,25.0,1.25
2026-06-07 16:58:00,379.6,7.21,18.3,23.8,1.2
2026-06-07 16:59:00,362.0,7.37,17.4,24.7,1.24
2026-06-07 17:00:00,359.2,7.37,18.0,24.6,1.15
2026-06-07 17:01:00,364.2,7.43,18.0,23.8,1.17
2026-06-07 17:02:00,354.8,7.29,18.1,24.2,1.22
2026-06-07 17:03:00,363.4,7.39,18.0,24.2,1.19
2026-06-07 17:04:00,351.1,7.38,18.0,24.5,1.17
2026-06-07 17:05:00,379.1,7.32,18.0,25.0,1.14
2026-06-07 17:06:00,358.3,7.3,18.0,24.9,1.22
2026-06-07 17:07:00,354.3,7.48,17.9,24.3,1.22
2026-06-07 17:08:00,346.1,7.22,18.4,24.1,1.21
2026-06-07 17:09:00,364.0,7.44,18.0,23.8,1.19
2026-06-07 17:10:00,362.8,7.47,18.0,24.2,1.17
2026-06-07 17:11:00,365.8,7.37,17.8,24.0,1.2
2026-06-07 17:12:00,344.6,7.4,17.9,24.3,1.16
2026-06-07 17:13:00,336.0,7.51,18.2,24.3,1.18
2026-06-07 17:14:00,369.4,7.32,17.4,24.1,1.24
2026-06-07 17:15:00,382.3,7.33,17.9,24.1,1.14
2026-06-07 17:16:00,344.6,7.34,17.9,24.0,1.22
2026-06-07 17:17:00,383.8,7.51,18.0,24.1,1.24
2026-06-07 17:18:00,364.3,7.52,18.0,24.8,1.22
2026-06-07 17:19:00,359.9,7.25,18.2,24.4,1.21
2026-06-07 17:20:00,354.0,7.49,17.9,24.4,1.19
2026-06-07 17:21:00,339.2,7.47,17.9,24.6,1.18
2026-06-07 17:22:00,374.8,7.55,18.1,24.5,1.13
2026-06-07 17:23:00,348.4,7.43,18.2,24.7,1.2
2026-06-07 17:24:00,348.3,7.39,18.0,24.4,1.19
2026-06-07 17:25:00,374.9,7.5,18.1,24.2,1.18
2026-06-07 17:26:00,331.8,7.46,17.9,23.9,1.2
2026-06-07 17:27:00,337.1,7.61,17.9,23.8,1.2
2026-06-07 17:28:00,359.7,7.49,18.2,24.4,1.18
2026-06-07 17:29:00,364.4,7.41,18.0,24.0,1.25
2026-06-07 17:30:00,367.3,7.27,17.8,23.5,1.22
2026-06-07 17:31:00,355.5,7.33,17.9,23.2,1.23
2026-06-07 17:32:00,398.0,7.25,18.1,24.9,1.2
2026-06-07 17:33:00,356.6,7.37,18.1,23.6,1.22
2026-06-07 17:34:00,356.5,7.48,17.7,23.7,1.17
2026-06-07 17:35:00,348.0,7.39,17.9,24.4,1.22
2026-06-07 17:36:00,361.9,7.49,17.9,23.5,1.19
2026-06-07 17:37:00,369.2,7.42,17.9,24.1,1.17
2026-06-07 17:38:00,378.1,7.35,18.1,24.6,1.2
2026-06-07 17:39:00,337.7,7.4,17.8,24.7,1.19
2026-06-07 17:40:00,356.3,7.44,17.7,23.7,1.27
2026-06-07 17:41:00,366.7,7.4,17.7,23.8,1.21
2026-06-07 17:42:00,368.8,7.41,17.8,23.7,1.25
2026-06-07 17:43:00,360.1,7.31,17.7,23.8,1.23
2026-06-07 17:44:00,368.1,7.35,17.7,24.3,1.2
2026-06-07 17:45:00,347.9,7.62,17.7,23.2,1.19
2026-06-07 17:46:00,383.4,7.51,17.7,24.0,1.15
2026-06-07 17:47:00,374.9,7.24,17.7,23.7,1.17
2026-06-07 17:48:00,339.8,7.15,17.9,24.3,1.22
2026-06-07 17:49:00,343.9,7.4,17.4,24.2,1.19
2026-06-07 17:50:00,344.3,7.48,17.7,23.5,1.21
2026-06-07 17:51:00,370.2,7.34,17.8,23.6,1.14
2026-06-07 17:52:00,340.7,7.49,18.1,24.0,1.21
2026-06-07 17:53:00,355.0,7.4,17.8,24.0,1.23
2026-06-07 17:54:00,366.8,7.37,17.8,22.6,1.15
2026-06-07 17:55:00,359.0,7.47,17.8,23.9,1.21
2026-06-07 17:56:00,363.9,7.34,17.4,24.2,1.24
2026-06-07 17:57:00,344.0,7.36,17.9,23.7,1.25
2026-06-07 17:58:00,368.9,7.46,17.9,23.9,1.18
2026-06-07 17:59:00,350.8,7.39,18.0,24.0,1.22
2026-06-07 18:00:00,355.1,7.58,18.3,23.6,1.24
2026-06-07 18:01:00,363.6,7.46,17.5,23.8,1.21
2026-06-07 18:02:00,361.5,7.45,17.5,23.5,1.24
2026-06-07 18:03:00,360.4,7.39,17.9,23.4,1.2
2026-06-07 18:04:00,348.7,7.48,17.7,23.2,1.21
2026-06-07 18:05:00,355.5,7.36,17.6,23.5,1.18
2026-06-07 18:06:00,360.0,7.42,17.7,24.1,1.2
2026-06-07 18:07:00,339.4,7.3,17.7,23.0,1.21
2026-06-07 18:08:00,353.1,7.49,18.1,23.6,1.18
2026-06-07 18:09:00,365.8,7.42,18.2,23.5,1.19
2026-06-07 18:10:00,340.8,7.59,17.4,23.9,1.22
2026-06-07 18:11:00,377.3,7.63,17.5,24.0,1.26
2026-06-07 18:12:00,379.0,7.47,17.6,22.9,1.14
2026-06-07 18:13:00,341.3,7.4,17.6,23.0,1.26
2026-06-07 18:14:00,380.4,7.3,17.6,23.0,1.19
2026-06-07 18:15:00,357.8,7.48,17.7,23.0,1.23
2026-06-07 18:16:00,366.3,7.41,17.7,23.0,1.23
2026-06-07 18:17:00,352.6,7.44,17.5,23.3,1.25
2026-06-07 18:18:00,373.8,7.56,17.5,22.8,1.18
2026-06-07 18:19:00,366.1,7.31,18.0,22.8,1.19
2026-06-07 18:20:00,347.8,7.3,17.7,22.8,1.2
2026-06-07 18:21:00,342.5,7.37,17.6,23.3,1.19
2026-06-07 18:22:00,338.1,7.47,17.4,23.0,1.24
2026-06-07 18:23:00,362.8,7.45,17.6,23.0,1.2
2026-06-07 18:24:00,368.6,7.3,17.9,22.7,1.15
2026-06-07 18:25:00,369.8,7.47,17.8,22.4,1.18
2026-06-07 18:26:00,358.2,7.27,17.9,23.6,1.15
2026-06-07 18:27:00,342.6,7.31,17.5,22.9,1.19
2026-06-07 18:28:00,349.8,7.38,17.5,24.0,1.22
2026-06-07 18:29:00,377.3,7.33,17.9,23.2,1.18
2026-06-07 18:30:00,352.7,7.48,17.9,23.6,1.19
2026-06-07 18:31:00,362.2,7.42,17.6,23.3,1.19
2026-06-07 18:32:00,343.9,7.57,17.9,22.9,1.2
2026-06-07 18:33:00,365.0,7.37,17.4,22.6,1.22
2026-06-07 18:34:00,353.1,7.38,17.4,22.4,1.22
2026-06-07 18:35:00,375.7,7.51,17.3,23.3,1.27
2026-06-07 18:36:00,371.6,7.38,17.7,22.9,1.2
2026-06-07 18:37:00,352.6,7.54,17.7,23.0,1.22
2026-06-07 18:38:00,358.1,7.44,17.6,23.1,1.15
2026-06-07 18:39:00,351.7,7.15,17.5,22.9,1.19
2026-06-07 18:40:00,338.7,7.51,18.1,22.5,1.19
2026-06-07 18:41:00,347.1,7.48,17.6,23.1,1.17
2026-06-07 18:42:00,363.0,7.49,17.9,22.6,1.18
2026-06-07 18:43:00,364.9,7.2,17.6,22.7,1.2
2026-06-07 18:44:00,362.2,7.32,17.5,22.9,1.18
2026-06-07 18:45:00,355.5,7.33,17.9,22.6,1.28
2026-06-07 18:46:00,374.0,7.31,17.8,21.9,1.22
2026-06-07 18:47:00,361.0,7.56,17.6,23.0,1.26
2026-06-07 18:48:00,370.5,7.39,17.8,23.0,1.24
2026-06-07 18:49:00,333.4,7.39,18.1,21.8,1.18
2026-06-07 18:50:00,301.2,7.45,17.5,22.1,1.2
2026-06-07 18:51:00,364.3,7.45,17.7,23.3,1.19
2026-06-07 18:52:00,338.6,7.06,17.5,22.6,1.2
2026-06-07 18:53:00,356.8,7.33,17.4,22.4,1.17
2026-06-07 18:54:00,355.5,7.25,17.4,22.2,1.19
2026-06-07 18:55:00,383.8,7.43,17.9,22.0,1.21
2026-06-07 18:56:00,366.0,7.36,17.2,22.3,1.21
2026-06-07 18:57:00,362.5,7.39,17.7,22.7,1.21
2026-06-07 18:58:00,372.6,7.18,17.4,22.3,1.2
2026-06-07 18:59:00,365.5,7.36,17.9,22.6,1.23
2026-06-07 19:00:00,353.1,7.5,17.5,23.0,1.19
2026-06-07 19:01:00,376.1,7.53,17.5,22.0,1.24
2026-06-07 19:02:00,343.4,7.46,17.9,22.4,1.14
2026-06-07 19:03:00,364.8,7.26,17.7,22.6,1.22
2026-06-07 19:04:00,336.8,7.52,17.7,21.8,1.21
2026-06-07 19:05:00,363.1,7.46,17.7,22.3,1.18
2026-06-07 19:06:00,362.9,7.38,17.3,22.9,1.19
2026-06-07 19:07:00,385.1,7.19,17.7,22.0,1.21
2026-06-07 19:08:00,336.5,7.49,17.5,22.6,1.23
2026-06-07 19:09:00,351.0,7.33,17.6,22.0,1.15
2026-06-07 19:10:00,372.3,7.42,17.6,22.8,1.22
2026-06-07 19:11:00,365.0,7.4,17.3,21.4,1.19
2026-06-07 19:12:00,362.7,7.54,17.6,22.1,1.23
2026-06-07 19:13:00,345.7,7.38,17.5,21.4,1.14
2026-06-07 19:14:00,351.1,7.39,17.2,21.7,1.27
2026-06-07 19:15:00,378.7,7.55,17.5,21.7,1.17
2026-06-07 19:16:00,359.2,7.32,17.5,21.8,1.24
2026-06-07 19:17:00,365.6,7.47,17.6,21.5,1.2
2026-06-07 19:18:00,358.3,7.37,17.0,21.9,1.18
2026-06-07 19:19:00,342.3,7.29,17.5,22.1,1.21
2026-06-07 19:20:00,374.0,7.39,17.4,21.3,1.23
2026-06-07 19:21:00,367.5,7.46,17.6,21.6,1.15
2026-06-07 19:22:00,394.6,7.53,17.5,22.8,1.22
2026-06-07 19:23:00,344.8,7.54,17.4,21.9,1.2
2026-06-07 19:24:00,372.3,7.36,17.4,21.1,1.22
2026-06-07 19:25:00,340.3,7.29,17.5,21.2,1.2
2026-06-07 19:26:00,362.4,7.36,17.6,21.8,1.18
2026-06-07 19:27:00,374.6,7.27,17.3,21.8,1.17
2026-06-07 19:28:00,328.9,7.37,17.4,21.5,1.22
2026-06-07 19:29:00,356.9,7.36,17.7,22.6,1.22
2026-06-07 19:30:00,351.6,7.46,17.3,22.7,1.22
2026-06-07 19:31:00,349.5,7.17,17.5,21.5,1.21
2026-06-07 19:32:00,365.8,7.32,17.2,22.0,1.23
2026-06-07 19:33:00,376.8,7.32,17.1,22.0,1.24
2026-06-07 19:34:00,358.0,7.51,17.2,22.0,1.14
2026-06-07 19:35:00,363.1,7.28,17.2,21.3,1.13
2026-06-07 19:36:00,361.7,7.41,17.6,22.3,1.25
2026-06-07 19:37:00,360.0,7.38,17.6,21.5,1.16
2026-06-07 19:38:00,343.7,7.49,17.0,21.6,1.17
2026-06-07 19:39:00,376.6,7.45,17.3,21.5,1.19
2026-06-07 19:40:00,364.4,7.4,17.5,21.4,1.15
2026-06-07 19:41:00,365.9,7.33,17.3,21.5,1.19
2026-06-07 19:42:00,347.9,7.2,17.7,20.9,1.17
2026-06-07 19:43:00,353.1,7.41,17.5,20.6,1.19
2026-06-07 19:44:00,357.4,7.44,17.3,21.3,1.21
2026-06-07 19:45:00,337.0,7.23,17.3,21.0,1.19
2026-06-07 19:46:00,334.7,7.27,17.3,21.5,1.19
2026-06-07 19:47:00,351.0,7.42,17.2,21.5,1.21
2026-06-07 19:48:00,367.8,7.42,17.5,21.3,1.23
2026-06-07 19:49:00,350.2,7.29,17.5,21.8,1.25
2026-06-07 19:50:00,344.7,7.33,17.4,21.2,1.19
2026-06-07 19:51:00,347.8,7.21,17.3,20.6,1.25
2026-06-07 19:52:00,353.2,7.53,17.1,21.1,1.23
2026-06-07 19:53:00,354.7,7.26,17.4,21.6,1.16
2026-06-07 19:54:00,392.5,7.44,17.3,20.4,1.16
2026-06-07 19:55:00,375.8,7.39,17.7,21.1,1.18
2026-06-07 19:56:00,375.4,7.52,17.0,21.3,1.24
2026-06-07 19:57:00,377.5,7.31,17.1,22.1,1.18
2026-06-07 19:58:00,345.0,7.4,16.9,21.5,1.14
2026-06-07 19:59:00,341.7,7.22,17.2,21.1,1.19
2026-06-07 20:00:00,343.4,7.2,16.9,21.2,1.14
2026-06-07 20:01:00,380.0,7.45,17.5,20.2,1.17
2026-06-07 20:02:00,351.8,7.21,17.5,20.5,1.18
2026-06-07 20:03:00,341.2,7.37,17.2,21.2,1.2
2026-06-07 20:04:00,353.5,7.49,17.0,21.0,1.23
2026-06-07 20:05:00,356.4,7.46,16.9,21.0,1.22
2026-06-07 20:06:00,364.0,7.32,17.1,20.9,1.16
2026-06-07 20:07:00,363.8,7.23,17.3,20.8,1.19
2026-06-07 20:08:00,347.6,7.44,17.0,20.9,1.2
2026-06-07 20:09:00,370.3,7.52,17.6,20.4,1.19
2026-06-07 20:10:00,350.4,7.32,17.5,20.7,1.19
2026-06-07 20:11:00,357.7,7.31,17.2,20.3,1.15
2026-06-07 20:12:00,370.3,7.34,17.1,20.5,1.17
2026-06-07 20:13:00,350.4,7.45,17.1,21.2,1.19
2026-06-07 20:14:00,351.5,7.51,17.5,20.6,1.11
2026-06-07 20:15:00,368.9,7.27,17.0,20.9,1.22
2026-06-07 20:16:00,347.1,7.24,17.3,20.7,1.16
2026-06-07 20:17:00,354.2,7.62,17.2,20.5,1.22
2026-06-07 20:18:00,368.3,7.37,17.3,20.2,1.22
2026-06-07 20:19:00,390.8,7.42,17.0,20.4,1.18
2026-06-07 20:20:00,369.1,7.32,17.1,20.6,1.23
2026-06-07 20:21:00,367.1,7.44,17.1,20.8,1.22
2026-06-07 20:22:00,368.0,7.49,17.0,20.6,1.19
2026-06-07 20:23:00,343.9,7.42,17.4,20.8,1.19
2026-06-07 20:24:00,361.7,7.56,17.0,19.9,1.23
2026-06-07 20:25:00,359.6,7.36,17.0,20.8,1.21
2026-06-07 20:26:00,364.8,7.36,17.4,20.0,1.23
2026-06-07 20:27:00,361.7,7.41,17.3,20.8,1.13
2026-06-07 20:28:00,365.7,7.44,17.4,20.6,1.2
2026-06-07 20:29:00,355.3,7.41,16.7,19.6,1.15
2026-06-07 20:30:00,360.9,7.26,17.1,20.6,1.2
2026-06-07 20:31:00,341.6,7.42,17.1,20.7,1.22
2026-06-07 20:32:00,355.2,7.35,16.9,20.8,1.25
2026-06-07 20:33:00,380.9,7.33,17.1,20.0,1.17
2026-06-07 20:34:00,364.8,7.39,17.0,20.3,1.18
2026-06-07 20:35:00,359.7,7.29,17.1,20.5,1.2
2026-06-07 20:36:00,388.4,7.28,17.7,20.5,1.17
2026-06-07 20:37:00,339.6,7.13,17.1,20.4,1.23
2026-06-07 20:38:00,343.4,7.56,17.1,20.0,1.2
2026-06-07 20:39:00,385.7,7.45,17.2,20.5,1.2
2026-06-07 20:40:00,360.7,7.38,17.0,20.5,1.22
2026-06-07 20:41:00,356.4,7.32,16.8,20.0,1.2
2026-06-07 20:42:00,342.0,7.1,16.7,19.8,1.18
2026-06-07 20:43:00,366.7,7.32,17.0,19.8,1.2
2026-06-07 20:44:00,368.2,7.46,16.9,20.6,1.17
2026-06-07 20:45:00,343.6,7.48,16.6,20.4,1.2
2026-06-07 20:46:00,357.9,7.45,17.3,20.0,1.23
2026-06-07 20:47:00,355.0,7.41,17.0,19.9,1.16
2026-06-07 20:48:00,363.8,7.52,17.3,19.3,1.15
2026-06-07 20:49:00,343.2,7.36,16.5,19.9,1.2
2026-06-07 20:50:00,378.8,7.5,17.2,19.4,1.18
2026-06-07 20:51:00,373.7,7.35,16.8,20.0,1.2
2026-06-07 20:52:00,354.6,7.3,17.2,20.3,1.21
2026-06-07 20:53:00,356.8,7.29,17.0,19.5,1.14
2026-06-07 20:54:00,358.0,7.28,17.0,19.9,1.22
2026-06-07 20:55:00,348.3,7.46,17.0,20.2,1.16
2026-06-07 20:56:00,353.3,7.32,16.8,19.9,1.2
2026-06-07 20:57:00,355.9,7.29,16.8,19.6,1.18
2026-06-07 20:58:00,384.2,7.46,16.8,19.8,1.18
2026-06-07 20:59:00,374.2,7.42,16.6,20.1,1.25
2026-06-07 21:00:00,374.0,7.49,16.8,19.8,1.21
2026-06-07 21:01:00,365.5,7.44,16.7,19.7,1.23
2026-06-07 21:02:00,343.2,7.31,16.6,20.1,1.2
2026-06-07 21:03:00,359.4,7.4,17.0,19.8,1.22
2026-06-07 21:04:00,374.6,7.4,16.9,19.1,1.21
2026-06-07 21:05:00,341.1,7.3,16.9,19.9,1.21
2026-06-07 21:06:00,369.5,7.28,17.0,20.0,1.23
2026-06-07 21:07:00,394.8,7.32,16.8,19.1,1.2
2026-06-07 21:08:00,375.9,7.59,16.6,18.6,1.27
2026-06-07 21:09:00,381.2,7.35,16.9,19.1,1.23
2026-06-07 21:10:00,363.3,7.51,16.2,19.5,1.17
2026-06-07 21:11:00,374.5,7.34,16.8,19.9,1.19
2026-06-07 21:12:00,349.2,7.48,17.0,19.1,1.21
2026-06-07 21:13:00,371.9,7.48,17.0,19.7,1.2
2026-06-07 21:14:00,369.8,7.49,16.7,18.3,1.22
2026-06-07 21:15:00,364.3,7.43,16.3,19.5,1.22
2026-06-07 21:16:00,379.7,7.53,16.3,19.2,1.16
2026-06-07 21:17:00,351.9,7.43,16.9,20.2,1.24
2026-06-07 21:18:00,357.2,7.56,16.7,18.6,1.19
2026-06-07 21:19:00,361.4,7.23,17.2,19.3,1.18
2026-06-07 21:20:00,344.6,7.42,16.5,18.5,1.18
2026-06-07 21:21:00,363.4,7.42,16.8,19.0,1.22
2026-06-07 21:22:00,334.2,7.3,17.1,18.6,1.19
2026-06-07 21:23:00,375.7,7.45,16.8,20.1,1.18
2026-06-07 21:24:00,360.7,7.24,16.4,19.1,1.19
2026-06-07 21:25:00,352.2,7.32,17.3,19.1,1.15
2026-06-07 21:26:00,347.5,7.19,17.0,19.2,1.17
2026-06-07 21:27:00,356.5,7.55,16.7,18.7,1.16
2026-06-07 21:28:00,370.3,7.37,16.9,19.5,1.19
2026-06-07 21:29:00,368.2,7.61,16.9,19.4,1.22
2026-06-07 21:30:00,349.4,7.47,16.8,19.5,1.22
2026-06-07 21:31:00,347.3,7.43,16.4,18.6,1.24
2026-06-07 21:32:00,369.9,7.33,16.7,19.5,1.23
2026-06-07 21:33:00,349.2,7.29,17.0,19.4,1.18
2026-06-07 21:34:00,360.9,7.44,16.8,18.9,1.2
2026-06-07 21:35:00,361.9,7.38,16.7,19.3,1.2
2026-06-07 21:36:00,364.7,7.26,16.5,19.1,1.14
2026-06-07 21:37:00,372.9,7.24,16.5,18.3,1.16
2026-06-07 21:38:00,341.1,7.29,16.3,18.9,1.19
2026-06-07 21:39:00,331.3,7.57,16.8,18.7,1.19
2026-06-07 21:40:00,351.5,7.61,16.6,18.9,1.22
2026-06-07 21:41:00,387.0,7.41,16.4,19.3,1.21
2026-06-07 21:42:00,390.3,7.4,16.8,18.2,1.15
2026-06-07 21:43:00,387.5,7.36,16.5,18.7,1.22
2026-06-07 21:44:00,357.1,7.3,16.4,18.5,1.21
2026-06-07 21:45:00,333.3,7.53,16.5,18.5,1.22
2026-06-07 21:46:00,324.9,7.58,16.6,18.4,1.23
2026-06-07 21:47:00,350.8,7.3,16.7,18.8,1.2
2026-06-07 21:48:00,357.0,7.38,16.4,18.9,1.24
2026-06-07 21:49:00,379.5,7.35,16.8,18.8,1.17
2026-06-07 21:50:00,373.0,7.35,16.7,18.8,1.17
2026-06-07 21:51:00,363.4,7.51,16.5,18.9,1.21
2026-06-07 21:52:00,346.7,7.26,16.5,19.6,1.19
2026-06-07 21:53:00,345.6,7.44,16.5,18.7,1.21
2026-06-07 21:54:00,363.8,7.46,16.6,19.0,1.26
2026-06-07 21:55:00,370.5,7.38,16.8,19.0,1.21
2026-06-07 21:56:00,365.9,7.48,16.4,19.3,1.21
2026-06-07 21:57:00,344.5,7.4,16.6,18.8,1.17
2026-06-07 21:58:00,369.8,7.51,16.4,18.2,1.15
2026-06-07 21:59:00,366.4,7.24,16.6,18.6,1.2
2026-06-07 22:00:00,343.9,7.36,16.6,18.6,1.23
2026-06-07 22:01:00,348.2,7.38,16.8,18.8,1.19
2026-06-07 22:02:00,370.3,7.12,16.3,18.1,1.21
2026-06-07 22:03:00,356.5,7.28,16.6,19.0,1.24
2026-06-07 22:04:00,383.8,7.31,16.7,18.4,1.24
2026-06-07 22:05:00,367.5,7.48,16.4,18.7,1.21
2026-06-07 22:06:00,352.7,7.32,16.4,18.5,1.21
2026-06-07 22:07:00,359.8,7.31,16.5,18.4,1.15
2026-06-07 22:08:00,361.0,7.47,16.4,18.4,1.18
2026-06-07 22:09:00,349.1,7.23,16.5,18.6,1.19
2026-06-07 22:10:00,346.3,7.18,16.6,19.1,1.17
2026-06-07 22:11:00,370.5,7.35,16.4,17.5,1.21
2026-06-07 22:12:00,372.7,7.25,16.4,18.5,1.26
2026-06-07 22:13:00,369.1,7.25,16.5,18.3,1.25
2026-06-07 22:14:00,382.7,7.45,16.3,18.2,1.21
2026-06-07 22:15:00,351.9,7.48,16.3,17.3,1.22
2026-06-07 22:16:00,385.1,7.47,16.2,18.4,1.18
2026-06-07 22:17:00,346.5,7.5,16.4,18.1,1.24
2026-06-07 22:18:00,344.8,7.51,16.5,17.8,1.15
2026-06-07 22:19:00,333.6,7.18,16.3,18.2,1.23
2026-06-07 22:20:00,353.3,7.44,16.2,18.0,1.21
2026-06-07 22:21:00,352.4,7.34,16.3,17.4,1.18
2026-06-07 22:22:00,367.9,7.32,16.4,18.1,1.19
2026-06-07 22:23:00,363.7,7.45,16.4,18.3,1.17
2026-06-07 22:24:00,342.1,7.22,16.8,17.8,1.17
2026-06-07 22:25:00,354.1,7.21,16.2,18.1,1.15
2026-06-07 22:26:00,354.4,7.45,16.3,18.1,1.22
2026-06-07 22:27:00,333.4,7.44,16.5,18.4,1.24
2026-06-07 22:28:00,345.3,7.4,16.2,17.9,1.14
2026-06-07 22:29:00,348.4,7.3,16.7,18.3,1.26
2026-06-07 22:30:00,381.5,7.46,16.3,17.8,1.2
2026-06-07 22:31:00,362.9,7.46,16.4,18.7,1.21
2026-06-07 22:32:00,369.9,7.4,16.3,17.7,1.16
2026-06-07 22:33:00,337.5,7.27,16.5,17.6,1.24
2026-06-07 22:34:00,377.9,7.35,16.1,17.8,1.21
2026-06-07 22:35:00,379.5,7.47,16.6,17.6,1.23
2026-06-07 22:36:00,330.0,7.52,16.3,17.4,1.24
2026-06-07 22:37:00,349.4,7.36,16.4,18.1,1.24
2026-06-07 22:38:00,367.4,7.37,16.1,16.6,1.18
2026-06-07 22:39:00,369.7,7.37,16.3,17.5,1.19
2026-06-07 22:40:00,349.8,7.42,16.0,17.2,1.18
2026-06-07 22:41:00,355.4,7.33,16.5,17.8,1.23
2026-06-07 22:42:00,351.0,7.1,16.0,16.9,1.21
2026-06-07 22:43:00,361.7,7.51,16.3,18.0,1.23
2026-06-07 22:44:00,378.0,7.57,16.1,18.0,1.23
2026-06-07 22:45:00,348.4,7.33,15.9,17.1,1.15
2026-06-07 22:46:00,375.0,7.28,16.0,17.8,1.24
2026-06-07 22:47:00,348.3,7.38,16.3,17.9,1.23
2026-06-07 22:48:00,347.3,7.37,16.0,18.0,1.19
2026-06-07 22:49:00,372.3,7.49,16.0,17.1,1.21
2026-06-07 22:50:00,373.8,7.4,16.3,17.0,1.2
2026-06-07 22:51:00,372.8,7.31,16.4,18.2,1.22
2026-06-07 22:52:00,340.3,7.26,16.3,17.3,1.19
2026-06-07 22:53:00,353.0,7.48,16.1,17.4,1.21
2026-06-07 22:54:00,372.3,7.45,16.2,17.8,1.2
2026-06-07 22:55:00,360.6,7.5,16.2,17.1,1.19
2026-06-07 22:56:00,343.9,7.29,15.9,17.4,1.21
2026-06-07 22:57:00,366.9,7.57,16.2,17.9,1.28
2026-06-07 22:58:00,349.3,7.22,15.9,16.9,1.18
2026-06-07 22:59:00,386.9,7.46,16.2,17.3,1.19
2026-06-07 23:00:00,383.2,7.2,16.1,17.0,1.18
2026-06-07 23:01:00,369.1,7.31,15.7,17.1,1.18
2026-06-07 23:02:00,380.4,7.55,16.3,17.9,1.22
2026-06-07 23:03:00,361.0,7.47,16.0,18.0,1.22
2026-06-07 23:04:00,371.5,7.34,16.0,17.5,1.2
2026-06-07 23:05:00,382.2,7.34,16.3,17.6,1.23
2026-06-07 23:06:00,363.7,7.4,16.0,17.6,1.22
2026-06-07 23:07:00,356.2,7.44,16.2,17.1,1.2
2026-06-07 23:08:00,334.4,7.52,15.9,17.4,1.15
2026-06-07 23:09:00,358.8,7.34,16.2,16.8,1.22
2026-06-07 23:10:00,372.4,7.23,16.1,16.9,1.21
2026-06-07 23:11:00,374.2,7.41,16.1,17.3,1.2
2026-06-07 23:12:00,367.6,7.34,16.0,16.9,1.19
2026-06-07 23:13:00,351.9,7.26,16.4,16.8,1.22
2026-06-07 23:14:00,330.3,7.42,16.4,17.0,1.21
2026-06-07 23:15:00,352.6,7.37,15.6,17.7,1.19
2026-06-07 23:16:00,355.4,7.42,16.2,17.8,1.16
2026-06-07 23:17:00,355.3,7.3,15.8,17.2,1.23
2026-06-07 23:18:00,369.3,7.44,16.1,17.4,1.22
2026-06-07 23:19:00,389.8,7.26,15.6,17.0,1.21
2026-06-07 23:20:00,361.9,7.31,16.1,16.3,1.12
2026-06-07 23:21:00,356.7,7.37,15.8,16.8,1.2
2026-06-07 23:22:00,356.1,7.56,15.9,17.0,1.19
2026-06-07 23:23:00,361.9,7.47,15.9,17.2,1.18
2026-06-07 23:24:00,347.6,7.5,15.8,17.1,1.22
2026-06-07 23:25:00,361.8,7.53,15.8,17.0,1.22
2026-06-07 23:26:00,366.8,7.75,15.9,16.9,1.21
2026-06-07 23:27:00,363.1,7.39,15.9,17.2,1.23
2026-06-07 23:28:00,366.9,7.53,16.0,16.5,1.17
2026-06-07 23:29:00,366.5,7.49,16.3,17.4,1.19
2026-06-07 23:30:00,333.4,7.49,15.7,16.8,1.2
2026-06-07 23:31:00,369.6,7.57,15.9,17.8,1.18
2026-06-07 23:32:00,349.9,7.35,16.1,16.9,1.22
2026-06-07 23:33:00,343.6,7.34,15.8,16.8,1.18
2026-06-07 23:34:00,343.4,7.42,15.5,16.8,1.24
2026-06-07 23:35:00,366.5,7.37,15.5,16.8,1.17
2026-06-07 23:36:00,356.7,7.42,15.4,17.2,1.26
2026-06-07 23:37:00,334.8,7.55,16.2,16.9,1.26
2026-06-07 23:38:00,367.2,7.34,16.0,17.3,1.2
2026-06-07 23:39:00,338.4,7.36,16.0,17.1,1.23
2026-06-07 23:40:00,362.1,7.41,16.1,16.9,1.19
2026-06-07 23:41:00,363.6,7.37,15.7,17.0,1.23
2026-06-07 23:42:00,373.3,7.2,16.3,17.4,1.19
2026-06-07 23:43:00,386.7,7.33,15.9,17.1,1.16
2026-06-07 23:44:00,339.5,7.46,15.8,17.0,1.09
2026-06-07 23:45:00,359.2,7.53,16.1,17.0,1.19
2026-06-07 23:46:00,355.9,7.27,16.0,16.4,1.21
2026-06-07 23:47:00,366.5,7.27,16.1,17.8,1.24
2026-06-07 23:48:00,363.2,7.39,16.1,17.0,1.2
2026-06-07 23:49:00,354.7,7.18,15.7,17.0,1.23
2026-06-07 23:50:00,353.4,7.35,15.8,16.8,1.19
2026-06-07 23:51:00,343.3,7.22,15.6,15.9,1.19
2026-06-07 23:52:00,374.8,7.53,15.5,16.7,1.23
2026-06-07 23:53:00,366.9,7.31,16.0,16.8,1.13
2026-06-07 23:54:00,373.8,7.56,16.0,16.4,1.2
2026-06-07 23:55:00,355.3,7.5,15.4,16.4,1.19
2026-06-07 23:56:00,350.1,7.33,15.6,16.6,1.24
2026-06-07 23:57:00,343.8,7.28,15.8,17.0,1.18
2026-06-07 23:58:00,365.4,7.37,15.8,17.2,1.22
2026-06-07 23:59:00,344.4,7.38,16.2,16.7,1.23
